dialogue_id,split,turn_id,role,text,act,issue,value
0,train,0,Candidate,Hello. I would like to discuss the issues of my contract.,Greet,,True
0,train,1,Candidate,I would like a position of project manager,Offer,Job Description,Project Manager
0,train,2,Employer,We do not have any project manager positions open at this time. ,Reject,Job Description,Project Manager
0,train,3,Candidate,I want a position of project manager,Offer,Job Description,Project Manager
0,train,4,Employer,I do have programmer positions open with a strong potential to advance to project manager based on your performance.,Offer,Job Description,Programmer
0,train,5,Candidate,I disagree about a position of programmer. I would like a position of project manager,Reject,Job Description,Programmer
0,train,5,Candidate,I disagree about a position of programmer. I would like a position of project manager,Offer,Job Description,Project Manager
0,train,6,Employer,I disagree about position of project manager,Reject,Job Description,Project Manager
0,train,7,Candidate,I am willing to have a position of team manager,Offer,Job Description,Team Manager
0,train,8,Employer,I might consider team manager based on your other needs,Accept,Job Description,Team Manager
0,train,9,Candidate,It's great that you agree,Other,,
0,train,10,Candidate,"I would like a salary of 120,000",Offer,Salary,"120,000 USD"
0,train,11,Employer,it is a 10 hour work day for team manager,Offer,Job Description,Team Manager
0,train,11,Employer,it is a 10 hour work day for team manager,Offer,Working Hours,10 hours
0,train,12,Candidate,I disagree. I am expecting a workday of 8 hours and I want a position of project manager,Reject,,True
0,train,12,Candidate,I disagree. I am expecting a workday of 8 hours and I want a position of project manager,Offer,Working Hours,8 hours
0,train,12,Candidate,I disagree. I am expecting a workday of 8 hours and I want a position of project manager,Offer,Job Description,Project Manager
0,train,13,Employer,"I disagree, it is not possible. Maybe you should consider work elsewhere?",Reject,,True
0,train,13,Employer,"I disagree, it is not possible. Maybe you should consider work elsewhere?",Quit,,True
0,train,14,Candidate,"I am willing to have a salary of 120,000",Offer,Salary,"120,000 USD"
0,train,15,Candidate,"I am willing to have a salary of 120,000",Offer,Salary,"120,000 USD"
0,train,16,Employer,"I have a programmer position open with a 10% pension. It pays 60,000 for a 10 hour day and I can fast track you to team leader.",Offer,Job Description,Programmer
0,train,16,Employer,"I have a programmer position open with a 10% pension. It pays 60,000 for a 10 hour day and I can fast track you to team leader.",Offer,Pension Fund,10%
0,train,16,Employer,"I have a programmer position open with a 10% pension. It pays 60,000 for a 10 hour day and I can fast track you to team leader.",Offer,Promotion Possibilities,Fast promotion track
0,train,16,Employer,"I have a programmer position open with a 10% pension. It pays 60,000 for a 10 hour day and I can fast track you to team leader.",Offer,Salary,"60,000 USD"
0,train,16,Employer,"I have a programmer position open with a 10% pension. It pays 60,000 for a 10 hour day and I can fast track you to team leader.",Offer,Working Hours,10 hours
0,train,17,Candidate,I reject the previous offer,Reject,,True
0,train,18,Employer,I appreciate your time and I am sorry we cannot reach an agreement.,Quit,,True
0,train,19,Candidate,"I am expecting a salary of 120,000",Offer,Salary,"120,000 USD"
0,train,20,Employer,"Programmer, 60000, 10% pension, fast promotion track to team leader based on your performance and 10 hour day",Offer,Job Description,Programmer
0,train,20,Employer,"Programmer, 60000, 10% pension, fast promotion track to team leader based on your performance and 10 hour day",Offer,Pension Fund,10%
0,train,20,Employer,"Programmer, 60000, 10% pension, fast promotion track to team leader based on your performance and 10 hour day",Offer,Promotion Possibilities,Fast promotion track
0,train,20,Employer,"Programmer, 60000, 10% pension, fast promotion track to team leader based on your performance and 10 hour day",Offer,Working Hours,10 hours
0,train,20,Employer,"Programmer, 60000, 10% pension, fast promotion track to team leader based on your performance and 10 hour day",Offer,Salary,"60,000 USD"
0,train,21,Candidate,I reject. I am expecting a position of project manager,Reject,,True
0,train,21,Candidate,I reject. I am expecting a position of project manager,Offer,Job Description,Project Manager
0,train,22,Employer,"Yes, well, we dont have any project manager vacancies.",Reject,Job Description,Project Manager
0,train,23,Candidate,"I am expecting a salary of 120,000",Offer,Salary,"120,000 USD"
0,train,24,Candidate,"I want a salary of 120,000",Offer,Salary,"120,000 USD"
0,train,25,Employer,"120,000 is for project manager. I do not need a project manager.",Reject,Salary,"120,000 USD"
0,train,26,Candidate,"I am expecting a salary of 90,000",Offer,Salary,"90,000 USD"
0,train,27,Employer,"90,000 is for team leader",Offer,Job Description,Team Manager
0,train,27,Employer,"90,000 is for team leader",Offer,Salary,"90,000 USD"
0,train,28,Candidate,I agree. Now let's talk about how we can agree on other issues. I want a company car,Accept,,True
0,train,28,Candidate,I agree. Now let's talk about how we can agree on other issues. I want a company car,Offer,Leased Car,With leased car
0,train,29,Employer,a team manger works 10 hour days,Offer,Working Hours,10 hours
0,train,30,Candidate,I reject a workday of 10 hours. I am expecting a workday of 8 hours,Reject,Working Hours,10 hours
0,train,30,Candidate,I reject a workday of 10 hours. I am expecting a workday of 8 hours,Offer,Working Hours,8 hours
0,train,31,Employer,9 hours,Offer,Working Hours,9 hours
0,train,32,Candidate,I reject a workday of 9 hours. I am expecting a workday of 8 hours,Reject,Working Hours,9 hours
0,train,32,Candidate,I reject a workday of 9 hours. I am expecting a workday of 8 hours,Offer,Working Hours,8 hours
0,train,33,Employer,8 hours is for programmer,Offer,Job Description,Programmer
0,train,33,Employer,8 hours is for programmer,Offer,Working Hours,8 hours
0,train,34,Candidate,I disagree. I would like a workday of 9 hours and I want a position of project manager,Reject,,True
0,train,34,Candidate,I disagree. I would like a workday of 9 hours and I want a position of project manager,Offer,Working Hours,9 hours
0,train,34,Candidate,I disagree. I would like a workday of 9 hours and I want a position of project manager,Offer,Job Description,Project Manager
0,train,35,Employer,9 hours and team manager,Offer,Job Description,Team Manager
0,train,35,Employer,9 hours and team manager,Offer,Working Hours,9 hours
0,train,36,Candidate,I disagree. I demand a workday of 8 hours and I would like a position of project manager,Reject,,True
0,train,36,Candidate,I disagree. I demand a workday of 8 hours and I would like a position of project manager,Offer,Working Hours,8 hours
0,train,36,Candidate,I disagree. I demand a workday of 8 hours and I would like a position of project manager,Offer,Job Description,Project Manager
0,train,37,Employer,no,Reject,,True
0,train,38,Candidate,I am expecting a company car,Offer,Leased Car,With leased car
0,train,39,Employer,Project manager gets company car. You are not a project manager. You are a team manager.,Reject,Leased Car,With leased car
0,train,40,Candidate,I agree with the offer. Let's proceed to another issue. I demand a fast promotion track,Accept,,True
0,train,40,Candidate,I agree with the offer. Let's proceed to another issue. I demand a fast promotion track,Offer,Promotion Possibilities,Fast promotion track
0,train,41,Employer,agree,Accept,,True
0,train,42,Candidate,I'm happy that you accept,Other,,
0,train,43,Candidate,I am willing to have a workday of 8 hours,Offer,Working Hours,8 hours
0,train,44,Employer,disagree,Reject,,True
0,train,45,Candidate,I would like a workday of 9 hours,Offer,Working Hours,9 hours
0,train,46,Employer,agree,Accept,,True
0,train,47,Candidate,I'm happy that you accept,Other,,
0,train,48,Candidate,I am willing to have a pension of 20%,Offer,Pension Fund,20%
0,train,49,Employer,10% is non negotiable,Offer,Pension Fund,10%
0,train,50,Candidate,I reject a pension of 10%,Reject,Pension Fund,10%
0,train,51,Employer,we have been quite generous in meeting your needs. you qualify for 10% pension. you do not qualify for 20%,Offer,Pension Fund,10%
0,train,51,Employer,we have been quite generous in meeting your needs. you qualify for 10% pension. you do not qualify for 20%,Reject,Pension Fund,20%
0,train,52,Candidate,I reject 10%. I am willing to have a pension of 20%,Reject,Pension Fund,10%
0,train,52,Candidate,I reject 10%. I am willing to have a pension of 20%,Offer,Pension Fund,20%
0,train,53,Employer,10% pension,Offer,Pension Fund,10%
0,train,54,Candidate,I accept the previous offer,Accept,,True
1,train,0,Candidate,Hello. I would like to discuss the issues of my contract.,Greet,,True
1,train,1,Candidate,I am expecting a position of project manager,Offer,Job Description,Project Manager
1,train,2,Candidate,I am willing to have a position of project manager,Offer,Job Description,Project Manager
1,train,3,Candidate,I would like a position of project manager,Offer,Job Description,Project Manager
1,train,4,Employer,"Hi, could the position of a programmer be of an interest to you?",Greet,,True
1,train,4,Employer,"Hi, could the position of a programmer be of an interest to you?",Offer,Job Description,Programmer
1,train,5,Candidate,"I accept programmer position. Now let's talk about how we can agree on other issues. I am expecting a salary of 120,000",Accept,Job Description,Programmer
1,train,5,Candidate,"I accept programmer position. Now let's talk about how we can agree on other issues. I am expecting a salary of 120,000",Offer,Salary,"120,000 USD"
1,train,6,Candidate,"I am expecting a salary of 120,000",Offer,Salary,"120,000 USD"
1,train,7,Employer,"120,000 is something we cannot pay.",Reject,Salary,"120,000 USD"
1,train,8,Candidate,"I would like a salary of 90,000",Offer,Salary,"90,000 USD"
1,train,9,Employer,Can you start with a lower salary and have a promotion later for the bigger salary which you expect?,Other,,
1,train,10,Employer,"90,000 is fine for a fast worker. Are you a fast worker?",Accept,Salary,"90,000 USD"
1,train,11,Candidate,"It's good to reach an agreement on 90,000 usd",Other,,
1,train,12,Candidate,I am expecting a company car,Offer,Leased Car,With leased car
1,train,13,Candidate,I am willing to have a company car,Offer,Leased Car,With leased car
1,train,14,Employer,"We can give you a company car for a 60,000 salary and if you can prove your experience. Is that fine?",Offer,Leased Car,With leased car
1,train,14,Employer,"We can give you a company car for a 60,000 salary and if you can prove your experience. Is that fine?",Offer,Salary,"60,000 USD"
1,train,15,Candidate,I agree. Let's proceed to another issue. I want a fast promotion track,Accept,,True
1,train,15,Candidate,I agree. Let's proceed to another issue. I want a fast promotion track,Offer,Promotion Possibilities,Fast promotion track
1,train,16,Employer,You will have fast promotion if you prove your experience to be correct. If not it will be slower ok?,Accept,Promotion Possibilities,Fast promotion track
1,train,17,Candidate,It's great that we agreed on fast promotion track,Other,,
1,train,18,Candidate,I would like a workday of 8 hours,Offer,Working Hours,8 hours
1,train,19,Candidate,I want a workday of 8 hours,Offer,Working Hours,8 hours
1,train,20,Employer,All our workers work for 9 hours at least. But 9 hours is fine. Less is not ok. This is something we can't really negotiate about. ,Offer,Working Hours,9 hours
1,train,21,Candidate,I reject a workday of 9 hours. I want a workday of 8 hours,Reject,Working Hours,9 hours
1,train,21,Candidate,I reject a workday of 9 hours. I want a workday of 8 hours,Offer,Working Hours,8 hours
1,train,22,Candidate,I want a workday of 8 hours,Offer,Working Hours,8 hours
1,train,23,Employer,"We can give you a better pension fund, but working hours are not negotiatable. We need 9 hours, and you can work 8 hours at the office and 1 hour at home.",Reject,,
1,train,23,Employer,"We can give you a better pension fund, but working hours are not negotiatable. We need 9 hours, and you can work 8 hours at the office and 1 hour at home.",Offer,Working Hours,9 hours
1,train,24,Candidate,I reject a workday of 9 hours. I want a workday of 8 hours,Reject,Working Hours,9 hours
1,train,24,Candidate,I reject a workday of 9 hours. I want a workday of 8 hours,Offer,Working Hours,8 hours
1,train,25,Employer,I am opting out.,Quit,,True
1,train,26,Candidate,I am opting out. Please press the button Opt out.,Other,,
10,train,0,Candidate,Hello. I would like to discuss the issues of my contract.,Greet,,True
10,train,1,Candidate,I would like a position of project manager,Offer,Job Description,Project Manager
10,train,2,Employer,hi there,Greet,,True
10,train,3,Employer,no for that,Reject,,True
10,train,4,Candidate,I want a position of programmer,Offer,Job Description,Programmer
10,train,5,Employer,lets go for a programer,Accept,Job Description,Programmer
10,train,6,Candidate,It's great that we agreed on programmer,Other,,
10,train,7,Candidate,"I am expecting a salary of 120,000",Offer,Salary,"120,000 USD"
10,train,8,Employer,"i say the salary will be 60,000 usd but 10% pension",Offer,Pension Fund,10%
10,train,8,Employer,"i say the salary will be 60,000 usd but 10% pension",Offer,Salary,"60,000 USD"
10,train,9,Candidate,"I disagree. I would like a salary of 120,000 and I would like a pension of 20%",Reject,,True
10,train,9,Candidate,"I disagree. I would like a salary of 120,000 and I would like a pension of 20%",Offer,Salary,"120,000 USD"
10,train,9,Candidate,"I disagree. I would like a salary of 120,000 and I would like a pension of 20%",Offer,Pension Fund,20%
10,train,10,Employer,how about 10 working hour?,Offer,Working Hours,10 hours
10,train,11,Candidate,I disagree about a workday of 10 hours. I am willing to have a workday of 8 hours,Reject,Working Hours,10 hours
10,train,11,Candidate,I disagree about a workday of 10 hours. I am willing to have a workday of 8 hours,Offer,Working Hours,8 hours
10,train,12,Employer,i disagree.,Reject,,True
10,train,13,Candidate,"I am willing to have a salary of 120,000",Offer,Salary,"120,000 USD"
10,train,14,Employer,lets say a fast promotion track and 10% pension fund,Offer,Pension Fund,10%
10,train,14,Employer,lets say a fast promotion track and 10% pension fund,Offer,Promotion Possibilities,Fast promotion track
10,train,15,Candidate,"I agree. Now let's talk about how we can agree on other issues. I am willing to have a salary of 120,000",Accept,,True
10,train,15,Candidate,"I agree. Now let's talk about how we can agree on other issues. I am willing to have a salary of 120,000",Offer,Salary,"120,000 USD"
10,train,16,Employer,not possible,Reject,,True
10,train,17,Candidate,What do you have to offer?,Query,,
10,train,18,Employer,u can have 90k,Offer,Salary,"90,000 USD"
10,train,19,Candidate,"I disagree about a salary of 90,000. I am willing to have a salary of 120,000",Reject,Salary,"90,000 USD"
10,train,19,Candidate,"I disagree about a salary of 90,000. I am willing to have a salary of 120,000",Offer,Salary,"120,000 USD"
10,train,20,Employer,no. then 60k will be perfect for u,Offer,Salary,"60,000 USD"
10,train,20,Employer,no. then 60k will be perfect for u,Reject,,True
10,train,21,Candidate,"I disagree about a salary of 60,000. I would like a salary of 120,000",Reject,Salary,"60,000 USD"
10,train,21,Candidate,"I disagree about a salary of 60,000. I would like a salary of 120,000",Offer,Salary,"120,000 USD"
10,train,22,Employer,and no car,Offer,Leased Car,Without leased car
10,train,23,Candidate,I disagree about no company car. I am willing to have a company car,Reject,Leased Car,Without leased car
10,train,23,Candidate,I disagree about no company car. I am willing to have a company car,Offer,Leased Car,With leased car
10,train,24,Employer,lets say 10 hours a day and no leased car. but 20% pension,Offer,Leased Car,Without leased car
10,train,24,Employer,lets say 10 hours a day and no leased car. but 20% pension,Offer,Pension Fund,20%
10,train,24,Employer,lets say 10 hours a day and no leased car. but 20% pension,Offer,Working Hours,10 hours
10,train,25,Candidate,"I disagree. I would like a workday of 8 hours, I am willing to have a company car and I would like a pension of 10%",Reject,,True
10,train,25,Candidate,"I disagree. I would like a workday of 8 hours, I am willing to have a company car and I would like a pension of 10%",Offer,Working Hours,8 hours
10,train,25,Candidate,"I disagree. I would like a workday of 8 hours, I am willing to have a company car and I would like a pension of 10%",Offer,Leased Car,With leased car
10,train,25,Candidate,"I disagree. I would like a workday of 8 hours, I am willing to have a company car and I would like a pension of 10%",Offer,Pension Fund,10%
10,train,26,Employer,and 90k,Offer,Salary,"90,000 USD"
10,train,27,Candidate,"I accept 90,000. Now let's talk about how we can agree on other issues. I am willing to have a company car",Accept,Salary,"90,000 USD"
10,train,27,Candidate,"I accept 90,000. Now let's talk about how we can agree on other issues. I am willing to have a company car",Offer,Leased Car,With leased car
10,train,28,Employer,20% pension and 10 working hours,Offer,Pension Fund,20%
10,train,28,Employer,20% pension and 10 working hours,Offer,Working Hours,10 hours
10,train,29,Candidate,I disagree with the offer,Reject,,True
10,train,30,Employer,and 90k salary,Offer,Salary,"90,000 USD"
10,train,31,Candidate,"I accept 90,000. Now let's talk about how we can agree on other issues. I want a company car",Accept,Salary,"90,000 USD"
10,train,31,Candidate,"I accept 90,000. Now let's talk about how we can agree on other issues. I want a company car",Offer,Leased Car,With leased car
10,train,32,Employer,u can get a company car only if you agree for 10 hours a day,Offer,Leased Car,With leased car
10,train,32,Employer,u can get a company car only if you agree for 10 hours a day,Offer,Working Hours,10 hours
10,train,33,Candidate,I disagree with the offer,Reject,,True
10,train,34,Employer,what do you suggest?,Query,,
10,train,35,Candidate,I am sorry I cannot come up with the offer right now?,Other,,
10,train,36,Candidate,What do you have to offer?,Query,,
10,train,37,Employer,10 working hours with a car,Offer,Leased Car,With leased car
10,train,37,Employer,10 working hours with a car,Offer,Working Hours,10 hours
10,train,38,Candidate,I reject the previous offer. I am expecting a workday of 8 hours and I want no agreement on leased car,Reject,,True
10,train,38,Candidate,I reject the previous offer. I am expecting a workday of 8 hours and I want no agreement on leased car,Offer,Working Hours,8 hours
10,train,38,Candidate,I reject the previous offer. I am expecting a workday of 8 hours and I want no agreement on leased car,Offer,Leased Car,No agreement
10,train,39,Employer,i disagree,Reject,,True
10,train,40,Candidate,"I am expecting a company car. But I must change our previous agreement. I am expecting a position of programmer, I am expecting a fast promotion track and I am willing to have a salary of 120,000",Offer,Leased Car,With leased car
10,train,40,Candidate,"I am expecting a company car. But I must change our previous agreement. I am expecting a position of programmer, I am expecting a fast promotion track and I am willing to have a salary of 120,000",Offer,Job Description,Programmer
10,train,40,Candidate,"I am expecting a company car. But I must change our previous agreement. I am expecting a position of programmer, I am expecting a fast promotion track and I am willing to have a salary of 120,000",Offer,Promotion Possibilities,Fast promotion track
10,train,40,Candidate,"I am expecting a company car. But I must change our previous agreement. I am expecting a position of programmer, I am expecting a fast promotion track and I am willing to have a salary of 120,000",Offer,Salary,"120,000 USD"
10,train,41,Employer,"a company car, 90k salary, 20% fund.",Offer,Leased Car,With leased car
10,train,41,Employer,"a company car, 90k salary, 20% fund.",Offer,Pension Fund,20%
10,train,41,Employer,"a company car, 90k salary, 20% fund.",Offer,Salary,"90,000 USD"
10,train,42,Candidate,"I disagree with the offer. I would like a salary of 120,000, I want no agreement on leased car and I am willing to have a pension of 10%",Reject,,True
10,train,42,Candidate,"I disagree with the offer. I would like a salary of 120,000, I want no agreement on leased car and I am willing to have a pension of 10%",Offer,Salary,"120,000 USD"
10,train,42,Candidate,"I disagree with the offer. I would like a salary of 120,000, I want no agreement on leased car and I am willing to have a pension of 10%",Offer,Leased Car,No agreement
10,train,42,Candidate,"I disagree with the offer. I would like a salary of 120,000, I want no agreement on leased car and I am willing to have a pension of 10%",Offer,Pension Fund,10%
10,train,43,Employer,no agreement on leasd car it is. ok for 10% pension,Accept,Leased Car,No agreement
10,train,43,Employer,no agreement on leasd car it is. ok for 10% pension,Accept,Pension Fund,10%
10,train,44,Candidate,This is great that you accept,Other,,
10,train,45,Candidate,"Now let's talk about how we can agree on other issues. I am willing to have a salary of 120,000",Offer,Salary,"120,000 USD"
10,train,46,Employer,what do u have to offer for the salary?,Query,Offer,Salary
10,train,47,Candidate,"I want a salary of 120,000",Offer,Salary,"120,000 USD"
10,train,48,Employer,i suggest 60k,Offer,Salary,"60,000 USD"
10,train,49,Candidate,"I agree with a salary of 60,000. I would like to move on. I would like a workday of 8 hours",Accept,Salary,"60,000 USD"
10,train,49,Candidate,"I agree with a salary of 60,000. I would like to move on. I would like a workday of 8 hours",Offer,Working Hours,8 hours
10,train,50,Employer,lets settle for 90k and 10 working hours,Offer,Salary,"90,000 USD"
10,train,50,Employer,lets settle for 90k and 10 working hours,Offer,Working Hours,10 hours
10,train,51,Candidate,"I reject the previous offer. I am expecting a workday of 8 hours and I am expecting a salary of 120,000",Reject,,True
10,train,51,Candidate,"I reject the previous offer. I am expecting a workday of 8 hours and I am expecting a salary of 120,000",Offer,Working Hours,8 hours
10,train,51,Candidate,"I reject the previous offer. I am expecting a workday of 8 hours and I am expecting a salary of 120,000",Offer,Salary,"120,000 USD"
10,train,52,Employer,so 60k and ten hours,Offer,Salary,"60,000 USD"
10,train,52,Employer,so 60k and ten hours,Offer,Working Hours,10 hours
10,train,53,Candidate,"I refuse. I am willing to have a workday of 8 hours and I want a salary of 120,000",Reject,,True
10,train,53,Candidate,"I refuse. I am willing to have a workday of 8 hours and I want a salary of 120,000",Offer,Working Hours,8 hours
10,train,53,Candidate,"I refuse. I am willing to have a workday of 8 hours and I want a salary of 120,000",Offer,Salary,"120,000 USD"
10,train,54,Candidate,"Sorry, I changed my preferences",Other,,
10,train,55,Candidate,I want a workday of 8 hours,Offer,Working Hours,8 hours
10,train,56,Employer,"lets say 20% pension but 10 working hours plus 90,000 usd",Offer,Pension Fund,20%
10,train,56,Employer,"lets say 20% pension but 10 working hours plus 90,000 usd",Offer,Salary,"90,000 USD"
10,train,56,Employer,"lets say 20% pension but 10 working hours plus 90,000 usd",Offer,Working Hours,10 hours
10,train,57,Candidate,"I refuse. I am expecting a workday of 8 hours, I would like a pension of 10% and I am expecting a salary of 120,000",Reject,,True
10,train,57,Candidate,"I refuse. I am expecting a workday of 8 hours, I would like a pension of 10% and I am expecting a salary of 120,000",Offer,Working Hours,8 hours
10,train,57,Candidate,"I refuse. I am expecting a workday of 8 hours, I would like a pension of 10% and I am expecting a salary of 120,000",Offer,Pension Fund,10%
10,train,57,Candidate,"I refuse. I am expecting a workday of 8 hours, I would like a pension of 10% and I am expecting a salary of 120,000",Offer,Salary,"120,000 USD"
10,train,58,Employer,"i agree for 120,000",Accept,Salary,"120,000 USD"
10,train,59,Candidate,This is great that you accept,Other,,
10,train,60,Candidate,I would like to move on. I would like a workday of 8 hours,Offer,Working Hours,8 hours
10,train,61,Employer,but 10 working hours,Offer,Working Hours,10 hours
10,train,62,Candidate,I agree with the offer,Accept,,True
100,test,0,Candidate,Hello. I would like to discuss the issues of my contract.,Greet,,True
100,test,1,Candidate,I would like a position of project manager,Offer,Job Description,Project Manager
100,test,2,Employer,ok,Accept,,True
100,test,3,Candidate,It's great that you agree,Other,,
100,test,4,Candidate,"I would like a salary of 120,000",Offer,Salary,"120,000 USD"
100,test,5,Employer,I can't do that,Reject,,True
100,test,6,Candidate,"I am willing to have a salary of 90,000",Offer,Salary,"90,000 USD"
100,test,7,Employer,Similar positions at entry level do not pay this amount,Reject,,
100,test,8,Candidate,"I want a salary of 120,000",Offer,Salary,"120,000 USD"
100,test,9,Employer,"You will never get 120,000. ",Reject,Salary,"120,000 USD"
100,test,10,Candidate,"I would like a salary of 120,000",Offer,Salary,"120,000 USD"
100,test,11,Employer,"I can make you an offer to start out at 60,000",Offer,Salary,"60,000 USD"
100,test,12,Candidate,"I accept 60,000. Now let's talk about how we can agree on other issues. I am expecting a company car",Accept,Salary,"60,000 USD"
100,test,12,Candidate,"I accept 60,000. Now let's talk about how we can agree on other issues. I am expecting a company car",Offer,Leased Car,With leased car
100,test,13,Candidate,I am willing to have a company car,Offer,Leased Car,With leased car
100,test,14,Employer,company cars are only given out to those who are working outside of the office on a regular basis,Reject,Leased Car,With leased car
100,test,15,Candidate,I am expecting a company car,Offer,Leased Car,With leased car
100,test,16,Employer,a company car will not be an option for you,Reject,Leased Car,With leased car
100,test,17,Candidate,I am expecting a company car,Offer,Leased Car,With leased car
100,test,18,Candidate,I am expecting a company car,Offer,Leased Car,With leased car
100,test,19,Employer,There is no option for you to have a company car,Reject,Leased Car,With leased car
100,test,20,Candidate,I am willing to have a company car,Offer,Leased Car,With leased car
100,test,21,Employer,I can offer you 0% pension and a company car,Offer,Leased Car,With leased car
100,test,21,Employer,I can offer you 0% pension and a company car,Offer,Pension Fund,0%
100,test,22,Candidate,I reject the previous offer. I am expecting a pension of 20% and I want no agreement on leased car,Reject,,True
100,test,22,Candidate,I reject the previous offer. I am expecting a pension of 20% and I want no agreement on leased car,Offer,Pension Fund,20%
100,test,22,Candidate,I reject the previous offer. I am expecting a pension of 20% and I want no agreement on leased car,Offer,Leased Car,No agreement
100,test,23,Employer,too bad for you,Reject,,True
100,test,24,Candidate,I am expecting no company car,Offer,Leased Car,Without leased car
100,test,25,Employer,sure no car,Accept,Leased Car,Without leased car
100,test,26,Candidate,I'm happy that you accept no leased car,Other,,
100,test,27,Candidate,I am expecting a fast promotion track,Offer,Promotion Possibilities,Fast promotion track
100,test,28,Employer,I can offer you no pension on fast promotion track,Offer,Pension Fund,0%
100,test,28,Employer,I can offer you no pension on fast promotion track,Offer,Promotion Possibilities,Fast promotion track
100,test,29,Candidate,I reject the previous offer,Reject,,True
100,test,30,Employer,working hours will be 10 hours,Offer,Working Hours,10 hours
100,test,31,Candidate,I reject 10 hours. I would like a workday of 8 hours,Reject,Working Hours,10 hours
100,test,31,Candidate,I reject 10 hours. I would like a workday of 8 hours,Offer,Working Hours,8 hours
100,test,32,Employer,I can offer you slow track with 10 hours and 20% pension,Offer,Pension Fund,20%
100,test,32,Employer,I can offer you slow track with 10 hours and 20% pension,Offer,Promotion Possibilities,Slow promotion track
100,test,32,Employer,I can offer you slow track with 10 hours and 20% pension,Offer,Working Hours,10 hours
100,test,33,Candidate,I disagree,Reject,,True
100,test,34,Candidate,"Sorry, I changed my preferences",Other,,
100,test,35,Candidate,I want a fast promotion track,Offer,Promotion Possibilities,Fast promotion track
100,test,36,Employer,you will be offered less from me for every time you think you are owed something more,Other,,
100,test,37,Employer,no agreement on promotion ,Offer,Promotion Possibilities,No agreement
100,test,38,Candidate,I reject no agreement on promotion track. I am willing to have a fast promotion track,Reject,Promotion Possibilities,No agreement
100,test,38,Candidate,I reject no agreement on promotion track. I am willing to have a fast promotion track,Offer,Promotion Possibilities,Fast promotion track
100,test,39,Employer,wanna try me again?,Other,,
100,test,40,Employer,then take yourself to your imaginary other job and promote yourself there- I am done with your nonsense ,Reject,,True
100,test,41,Candidate,What are you willing to offer?,Query,,
100,test,42,Employer,I am willing to not offer you anything,Quit,,True
101,test,0,Candidate,Hello. I would like to discuss the issues of my contract.,Greet,,True
101,test,1,Candidate,"I am willing to have a salary of 120,000",Offer,Salary,"120,000 USD"
101,test,2,Employer,"i offer 90,000",Offer,Salary,"90,000 USD"
101,test,3,Candidate,I accept the offer about the wage. I would like to continue and discuss another issue. I am willing to have a position of project manager,Accept,,
101,test,3,Candidate,I accept the offer about the wage. I would like to continue and discuss another issue. I am willing to have a position of project manager,Offer,Job Description,Project Manager
101,test,4,Employer,thats fine,Accept,,True
101,test,5,Candidate,It's great that you agree,Other,,
101,test,6,Candidate,I am willing to have a pension of 20%,Offer,Pension Fund,20%
101,test,7,Employer,no pension is what i am offering,Offer,Pension Fund,0%
101,test,8,Candidate,I reject the offer about the pension fund. I want a pension of 20%,Reject,,
101,test,8,Candidate,I reject the offer about the pension fund. I want a pension of 20%,Offer,Pension Fund,20%
101,test,9,Employer,best i can offer is 10%,Offer,Pension Fund,10%
101,test,10,Candidate,I agree with a pension of 10%. I would like to move on. I demand a workday of 8 hours,Accept,Pension Fund,10%
101,test,10,Candidate,I agree with a pension of 10%. I would like to move on. I demand a workday of 8 hours,Offer,Working Hours,8 hours
101,test,11,Employer,I was thinking 10 hours,Offer,Working Hours,10 hours
101,test,12,Candidate,I reject a workday of 10 hours. I would like a workday of 8 hours,Reject,Working Hours,10 hours
101,test,12,Candidate,I reject a workday of 10 hours. I would like a workday of 8 hours,Offer,Working Hours,8 hours
101,test,13,Employer,how about 9,Offer,Working Hours,9 hours
101,test,14,Candidate,I refuse. I am willing to have a workday of 8 hours,Reject,,True
101,test,14,Candidate,I refuse. I am willing to have a workday of 8 hours,Offer,Working Hours,8 hours
101,test,15,Employer,"i can do 8 hours, but no leased car",Offer,Leased Car,Without leased car
101,test,15,Employer,"i can do 8 hours, but no leased car",Offer,Working Hours,8 hours
101,test,16,Candidate,I refuse,Reject,,True
101,test,17,Employer,that is the best i can offer,Other,,
101,test,18,Employer,9 hours and a leased car,Offer,Leased Car,With leased car
101,test,18,Employer,9 hours and a leased car,Offer,Working Hours,9 hours
101,test,19,Candidate,I reject the previous offer,Reject,,True
101,test,20,Employer,fine 8 hours and a leased car,Offer,Leased Car,With leased car
101,test,20,Employer,fine 8 hours and a leased car,Offer,Working Hours,8 hours
101,test,21,Candidate,I accept. Let's discuss another issue. I am willing to have a company car,Accept,,True
101,test,21,Candidate,I accept. Let's discuss another issue. I am willing to have a company car,Offer,Leased Car,With leased car
101,test,22,Employer,ok company car as well,Accept,Leased Car,With leased car
101,test,23,Candidate,I'm happy that you accept,Other,,
101,test,24,Candidate,I want a fast promotion track,Offer,Promotion Possibilities,Fast promotion track
101,test,25,Employer,fast will work for me,Accept,Promotion Possibilities,Fast promotion track
102,test,0,Candidate,Hello. I would like to discuss the issues of my contract.,Greet,,True
102,test,1,Candidate,I want a position of project manager,Offer,Job Description,Project Manager
102,test,2,Employer,What we are really in need of right now is a Programmer.,Offer,Job Description,Programmer
102,test,3,Candidate,I disagree about a position of programmer. I am expecting a position of project manager,Reject,Job Description,Programmer
102,test,3,Candidate,I disagree about a position of programmer. I am expecting a position of project manager,Offer,Job Description,Project Manager
102,test,4,Employer,"We have no positions available at this time for a project manager, would you be willing to look at our other opportunities?",Reject,Job Description,Project Manager
102,test,4,Employer,"We have no positions available at this time for a project manager, would you be willing to look at our other opportunities?",Query,Offer,Job Description
102,test,5,Candidate,I want a position of project manager,Offer,Job Description,Project Manager
102,test,6,Candidate,I am expecting a position of project manager,Offer,Job Description,Project Manager
102,test,7,Employer,I'm sorry we have already enough project managers for that position.,Reject,Job Description,Project Manager
102,test,8,Candidate,I am expecting a position of team manager,Offer,Job Description,Team Manager
102,test,9,Employer,I would like to hire you as a Programmer but we also have Team Manager and QA available,Offer,Job Description,Programmer
102,test,10,Candidate,"I agree with a position of programmer. Now let's talk about how we can agree on other issues. I am willing to have a salary of 120,000",Accept,Job Description,Programmer
102,test,10,Candidate,"I agree with a position of programmer. Now let's talk about how we can agree on other issues. I am willing to have a salary of 120,000",Offer,Salary,"120,000 USD"
102,test,11,Candidate,"I am expecting a salary of 120,000",Offer,Salary,"120,000 USD"
102,test,12,Employer,"Our Programmers do not start out at that salary, we would need to start you out at a lower salary before you can increase to that salary",Reject,,
102,test,13,Candidate,"I would like a salary of 90,000. But I must change our previous agreement. I am willing to have a position of project manager",Offer,Salary,"90,000 USD"
102,test,13,Candidate,"I would like a salary of 90,000. But I must change our previous agreement. I am willing to have a position of project manager",Offer,Job Description,Project Manager
102,test,14,Candidate,"Sorry, I changed my preferences",Other,,
102,test,15,Candidate,"I am expecting a salary of 120,000",Offer,Salary,"120,000 USD"
102,test,16,Candidate,"I want a salary of 120,000",Offer,Salary,"120,000 USD"
102,test,17,Employer,You cannot earn that high,Reject,,
102,test,18,Candidate,"I would like a salary of 90,000",Offer,Salary,"90,000 USD"
102,test,19,Employer,"You would be a Programmer with a starting pay of 90,000",Offer,Job Description,Programmer
102,test,19,Employer,"You would be a Programmer with a starting pay of 90,000",Offer,Salary,"90,000 USD"
102,test,20,Candidate,I agree with the offer. I would like to move on. I am expecting a workday of 8 hours,Accept,,True
102,test,20,Candidate,I agree with the offer. I would like to move on. I am expecting a workday of 8 hours,Offer,Working Hours,8 hours
102,test,21,Employer,"With the 90,000 salary we would need you to put in at least 9 hours during your work day",Offer,Working Hours,9 hours
102,test,22,Candidate,I agree with a workday of 9 hours. Let's discuss another issue. I am willing to have a pension of 20%,Accept,Working Hours,9 hours
102,test,22,Candidate,I agree with a workday of 9 hours. Let's discuss another issue. I am willing to have a pension of 20%,Offer,Pension Fund,20%
102,test,23,Candidate,I am expecting a pension of 20%,Offer,Pension Fund,20%
102,test,24,Employer,As you are starting out you would only be available for a Pension Fund of 10%,Offer,Pension Fund,10%
102,test,25,Candidate,I reject a pension of 10%. I want a pension of 20%,Reject,Pension Fund,10%
102,test,25,Candidate,I reject a pension of 10%. I want a pension of 20%,Offer,Pension Fund,20%
102,test,26,Candidate,I am willing to have a pension of 20%,Offer,Pension Fund,20%
102,test,27,Employer,"Ok I can agree to the pension of 20%, but because of this we would not be able to offer you a leased car",Offer,Pension Fund,20%
102,test,27,Employer,"Ok I can agree to the pension of 20%, but because of this we would not be able to offer you a leased car",Offer,Leased Car,Without leased car
102,test,28,Candidate,I accept the previous offer. Let's proceed to another issue. I want a fast promotion track,Accept,,True
102,test,28,Candidate,I accept the previous offer. Let's proceed to another issue. I want a fast promotion track,Offer,Promotion Possibilities,Fast promotion track
102,test,29,Candidate,I would like a fast promotion track,Offer,Promotion Possibilities,Fast promotion track
102,test,30,Employer,"I agree to your offer of a fast promotion track, if you would be willing to put in 10 hours a day",Offer,Promotion Possibilities,Fast promotion track
102,test,30,Employer,"I agree to your offer of a fast promotion track, if you would be willing to put in 10 hours a day",Offer,Working Hours,10 hours
102,test,31,Candidate,I accept the previous offer,Accept,,True
102,test,32,Employer,Ok so we are going with the fast promotion track and 10 hour workdays?,Offer,Promotion Possibilities,Fast promotion track
102,test,32,Employer,Ok so we are going with the fast promotion track and 10 hour workdays?,Offer,Working Hours,10 hours
102,test,33,Candidate,I accept the previous offer,Accept,,True
103,test,0,Candidate,Hello. I would like to discuss the issues of my contract.,Greet,,True
103,test,1,Candidate,"I am willing to have a salary of 120,000",Offer,Salary,"120,000 USD"
103,test,2,Employer,"How about 90,000?  I think that is fair to both of us.",Offer,Salary,"90,000 USD"
103,test,3,Candidate,I accept the previous offer. I would like to continue and discuss another issue. I would like a position of project manager,Accept,,True
103,test,3,Candidate,I accept the previous offer. I would like to continue and discuss another issue. I would like a position of project manager,Offer,Job Description,Project Manager
103,test,4,Employer,I agree with that.,Accept,,True
103,test,5,Candidate,I'm happy that you accept,Other,,
103,test,6,Candidate,I am willing to have a pension of 20%,Offer,Pension Fund,20%
103,test,7,Employer,I agree with that,Accept,,True
103,test,8,Candidate,It's good to reach an agreement on this,Other,,
103,test,9,Candidate,I am expecting a workday of 8 hours,Offer,Working Hours,8 hours
103,test,10,Employer,I'm willing to pay more if you can work 10 hours,Offer,Working Hours,10 hours
103,test,11,Candidate,I agree with a workday of 10 hours. Now let's talk about how we can agree on other issues. I want a company car,Accept,Working Hours,10 hours
103,test,11,Candidate,I agree with a workday of 10 hours. Now let's talk about how we can agree on other issues. I want a company car,Offer,Leased Car,With leased car
103,test,12,Employer,I don't think we can agree on that,Reject,,True
103,test,13,Candidate,I would like no agreement on leased car,Offer,Leased Car,No agreement
103,test,14,Employer,But I will give you a fast track promotion,Offer,Promotion Possibilities,Fast promotion track
103,test,15,Candidate,I agree with a fast promotion track. I want no agreement on leased car,Accept,Promotion Possibilities,Fast promotion track
103,test,15,Candidate,I agree with a fast promotion track. I want no agreement on leased car,Offer,Leased Car,No agreement
103,test,16,Employer,I agree,Accept,,True
103,test,17,Candidate,I'm happy that you accept. We can sign the agreement now.,Other,,
103,test,18,Employer,"Great, thank you",Other,,
104,test,0,Candidate,Hello. I would like to discuss the issues of my contract.,Greet,,True
104,test,1,Candidate,"I would like a salary of 120,000",Offer,Salary,"120,000 USD"
104,test,2,Employer,"How about a salary of 60,000?",Offer,Salary,"60,000 USD"
104,test,3,Candidate,I agree with the offer. I would like to continue and discuss another issue. I am expecting a position of project manager,Accept,,True
104,test,3,Candidate,I agree with the offer. I would like to continue and discuss another issue. I am expecting a position of project manager,Offer,Job Description,Project Manager
104,test,4,Employer,How about a position as a programmer?,Offer,Job Description,Programmer
104,test,5,Candidate,I refuse. I would like a position of project manager,Reject,,True
104,test,5,Candidate,I refuse. I would like a position of project manager,Offer,Job Description,Project Manager
104,test,6,Employer,Project manager is a bit leap for a new hire. Would you consider team manager for the time being?,Reject,Job Description,Project Manager
104,test,6,Employer,Project manager is a bit leap for a new hire. Would you consider team manager for the time being?,Offer,Job Description,Team Manager
104,test,7,Candidate,I refuse team manager position. I am willing to have a position of project manager,Reject,Job Description,Team Manager
104,test,7,Candidate,I refuse team manager position. I am willing to have a position of project manager,Offer,Job Description,Project Manager
104,test,8,Employer,"Very well, project manager.",Accept,Job Description,Project Manager
104,test,9,Candidate,I'm happy that you accept the project manager,Other,,
104,test,10,Candidate,I am willing to have a pension of 20%,Offer,Pension Fund,20%
104,test,11,Employer,A 20% pension sounds fine,Accept,Pension Fund,20%
104,test,12,Candidate,It's great that we agreed on 20%,Other,,
104,test,13,Candidate,I would like a workday of 8 hours,Offer,Working Hours,8 hours
104,test,14,Employer,Being a project manager is a lot of responsibility. You should really put in 10 hours if you expect to perform well.,Offer,Working Hours,10 hours
104,test,15,Candidate,I agree with the offer about the working hours. Now let's talk about how we can agree on other issues. I am willing to have a company car,Accept,,
104,test,15,Candidate,I agree with the offer about the working hours. Now let's talk about how we can agree on other issues. I am willing to have a company car,Offer,Leased Car,With leased car
104,test,16,Candidate,I am expecting a company car,Offer,Leased Car,With leased car
104,test,17,Employer,Company cars are a bit scarce at the moment. How about a fast promotion track if you forgo the car?,Reject,Leased Car,With leased car
104,test,17,Employer,Company cars are a bit scarce at the moment. How about a fast promotion track if you forgo the car?,Offer,Promotion Possibilities,Fast promotion track
104,test,17,Employer,Company cars are a bit scarce at the moment. How about a fast promotion track if you forgo the car?,Offer,Leased Car,Without leased car
104,test,18,Candidate,I agree,Accept,,True
104,test,19,Employer,Welcome to the company!,Other,,
11,train,0,Candidate,Hello. I would like to discuss the issues of my contract.,Greet,,True
11,train,1,Candidate,I would like a position of project manager,Offer,Job Description,Project Manager
11,train,2,Employer,I  think you are better than a project manager. I think you should handle the larger responsibility and be the Team Manager.,Offer,Job Description,Team Manager
11,train,2,Employer,I  think you are better than a project manager. I think you should handle the larger responsibility and be the Team Manager.,Reject,Job Description,Project Manager
11,train,3,Candidate,"I agree with a position of team manager. Now let's talk about how we can agree on other issues. I want a salary of 120,000",Accept,Job Description,Team Manager
11,train,3,Candidate,"I agree with a position of team manager. Now let's talk about how we can agree on other issues. I want a salary of 120,000",Offer,Salary,"120,000 USD"
11,train,4,Employer,"While it does come with more responsibility, the economy is in a bit of a rough patch right now. I know hitting the 6 figure mark is a big deal, but I propose a salary of $90,000, which is still very respectable for the position.",Offer,Salary,"90,000 USD"
11,train,5,Candidate,"I reject 90,000. I would like a salary of 120,000",Reject,Salary,"90,000 USD"
11,train,5,Candidate,"I reject 90,000. I would like a salary of 120,000",Offer,Salary,"120,000 USD"
11,train,6,Employer,"In fact, I would like to put you on the fast promotion track with a 20% pension fund.",Offer,Pension Fund,20%
11,train,6,Employer,"In fact, I would like to put you on the fast promotion track with a 20% pension fund.",Offer,Promotion Possibilities,Fast promotion track
11,train,7,Candidate,"I agree with the offer. Now let's talk about how we can agree on other issues. I would like a salary of 120,000",Accept,,True
11,train,7,Candidate,"I agree with the offer. Now let's talk about how we can agree on other issues. I would like a salary of 120,000",Offer,Salary,"120,000 USD"
11,train,8,Employer,"A salary of $120,000 comes with working 10 hours per day.",Offer,Salary,"120,000 USD"
11,train,8,Employer,"A salary of $120,000 comes with working 10 hours per day.",Offer,Working Hours,10 hours
11,train,9,Candidate,I refuse,Reject,,True
11,train,10,Candidate,"I am expecting a salary of 120,000",Offer,Salary,"120,000 USD"
11,train,11,Employer,"The best I can do is $120,000 at 9 hours, then.",Offer,Salary,"120,000 USD"
11,train,11,Employer,"The best I can do is $120,000 at 9 hours, then.",Offer,Working Hours,9 hours
11,train,12,Candidate,"I refuse. I want a workday of 8 hours and I would like a salary of 90,000",Reject,,True
11,train,12,Candidate,"I refuse. I want a workday of 8 hours and I would like a salary of 90,000",Offer,Working Hours,8 hours
11,train,12,Candidate,"I refuse. I want a workday of 8 hours and I would like a salary of 90,000",Offer,Salary,"90,000 USD"
11,train,13,Employer,"Ok, that will work.",Accept,,True
11,train,14,Candidate,It's good to reach an agreement on this,Other,,
11,train,15,Candidate,I am willing to have a company car,Offer,Leased Car,With leased car
11,train,16,Employer,"Because of the short work day, I regret to inform you that we will not be able to provide you with company transportation.",Reject,Leased Car,With leased car
11,train,17,Candidate,I am willing to have a company car,Offer,Leased Car,With leased car
11,train,18,Employer,"We do not have one to provide, they are reserved for workers who work 9 or 10 hours.",Reject,Leased Car,With leased car
11,train,19,Candidate,I would like no agreement on leased car,Offer,Leased Car,No agreement
11,train,20,Employer,That is acceptable. Thank you.,Accept,,True
12,train,0,Candidate,Hello. I would like to discuss the issues of my contract.,Greet,,True
12,train,1,Candidate,I would like a position of project manager,Offer,Job Description,Project Manager
12,train,2,Employer,"Ok! I can offer you a programmer position with a 120,000 salary.",Offer,Job Description,Programmer
12,train,2,Employer,"Ok! I can offer you a programmer position with a 120,000 salary.",Offer,Salary,"120,000 USD"
12,train,3,Candidate,I agree. Now let's talk about how we can agree on other issues. I would like a company car,Accept,,True
12,train,3,Candidate,I agree. Now let's talk about how we can agree on other issues. I would like a company car,Offer,Leased Car,With leased car
12,train,4,Employer,"I can give you a company car, but your working hours will be 9.",Offer,Leased Car,With leased car
12,train,4,Employer,"I can give you a company car, but your working hours will be 9.",Offer,Working Hours,9 hours
12,train,5,Candidate,I agree. Let's proceed to another issue. I am expecting a fast promotion track,Accept,,True
12,train,5,Candidate,I agree. Let's proceed to another issue. I am expecting a fast promotion track,Offer,Promotion Possibilities,Fast promotion track
12,train,6,Employer,"Yes, that sounds good- but is a 10% pension fun okay?",Accept,,True
12,train,6,Employer,"Yes, that sounds good- but is a 10% pension fun okay?",Offer,Pension Fund,10%
12,train,7,Candidate,I reject a pension of 10%. I want a pension of 20%,Reject,Pension Fund,10%
12,train,7,Candidate,I reject a pension of 10%. I want a pension of 20%,Offer,Pension Fund,20%
12,train,8,Employer,I can do a pension of 20%!,Accept,Pension Fund,20%
12,train,9,Candidate,It's great that we agreed on 20%,Other,,
12,train,10,Candidate,I'm happy that you accept. We can sign the agreement now. Please pick the values in the agreement draft and press Sign.,Other,,
13,train,0,Candidate,Hello. I would like to discuss the issues of my contract.,Greet,,True
13,train,1,Candidate,"I want a salary of 120,000",Offer,Salary,"120,000 USD"
13,train,2,Employer,"Hello there, I would like to counter with a salary of 60,000",Offer,Salary,"60,000 USD"
13,train,2,Employer,"Hello there, I would like to counter with a salary of 60,000",Greet,,True
13,train,3,Candidate,I agree with the offer about the salary. I would like to continue and discuss another issue. I am expecting a position of project manager,Accept,,
13,train,3,Candidate,I agree with the offer about the salary. I would like to continue and discuss another issue. I am expecting a position of project manager,Offer,Job Description,Project Manager
13,train,4,Candidate,I am willing to have a position of project manager,Offer,Job Description,Project Manager
13,train,5,Employer,Okay sure. What would you like to discuss about this position?,Accept,,True
13,train,6,Employer,"I would like to offer you a salary of 90,000 for this position",Offer,Salary,"90,000 USD"
13,train,7,Candidate,I agree. Let's discuss another issue. I am willing to have a pension of 20%,Accept,,True
13,train,7,Candidate,I agree. Let's discuss another issue. I am willing to have a pension of 20%,Offer,Pension Fund,20%
13,train,8,Employer,"OK, I agree.",Accept,,True
13,train,9,Candidate,It's good to reach an agreement on this,Other,,
13,train,10,Candidate,I demand a workday of 8 hours,Offer,Working Hours,8 hours
13,train,11,Employer,8 hours but I cannot offer you a car with this.,Offer,Leased Car,Without leased car
13,train,11,Employer,8 hours but I cannot offer you a car with this.,Offer,Working Hours,8 hours
13,train,12,Candidate,I accept the previous offer. Let's proceed to another issue. I demand a fast promotion track,Accept,,True
13,train,12,Candidate,I accept the previous offer. Let's proceed to another issue. I demand a fast promotion track,Offer,Promotion Possibilities,Fast promotion track
13,train,13,Employer,"OK, fast track promotion.",Accept,Promotion Possibilities,Fast promotion track
13,train,14,Candidate,I'm happy that you accept. We can sign the agreement now.,Other,,
13,train,15,Employer,Will do. Thank you.,Other,,
14,train,0,Candidate,Hello. I would like to discuss the issues of my contract.,Greet,,True
14,train,1,Candidate,I want a position of project manager,Offer,Job Description,Project Manager
14,train,2,Candidate,I would like a position of project manager,Offer,Job Description,Project Manager
14,train,3,Candidate,I would like a position of project manager,Offer,Job Description,Project Manager
14,train,4,Candidate,I am willing to have a position of project manager,Offer,Job Description,Project Manager
14,train,5,Employer,I would like to offer you a position as Programmer.,Offer,Job Description,Programmer
14,train,6,Candidate,"I accept programmer position. Now let's talk about how we can agree on other issues. I want a salary of 120,000",Accept,Job Description,Programmer
14,train,6,Candidate,"I accept programmer position. Now let's talk about how we can agree on other issues. I want a salary of 120,000",Offer,Salary,"120,000 USD"
14,train,7,Employer,"I would like to offer you 90,000 for salary.",Offer,Salary,"90,000 USD"
14,train,8,Candidate,"I accept 90,000. Now let's talk about how we can agree on other issues. I am willing to have a company car",Accept,Salary,"90,000 USD"
14,train,8,Candidate,"I accept 90,000. Now let's talk about how we can agree on other issues. I am willing to have a company car",Offer,Leased Car,With leased car
14,train,9,Employer,I cannot offer you a company car.,Reject,Leased Car,With leased car
14,train,10,Candidate,I would like a company car,Offer,Leased Car,With leased car
14,train,11,Employer,I would like not to offer you a company car.,Offer,Leased Car,Without leased car
14,train,12,Candidate,I accept no company car. Let's proceed to another issue. I want a fast promotion track,Accept,Leased Car,Without leased car
14,train,12,Candidate,I accept no company car. Let's proceed to another issue. I want a fast promotion track,Offer,Promotion Possibilities,Fast promotion track
14,train,13,Employer,I accept your offer of a fast promotion track.,Accept,Promotion Possibilities,Fast promotion track
14,train,14,Candidate,I'm happy that you accept the fast promotion track,Other,,
14,train,15,Candidate,I am willing to have a workday of 8 hours,Offer,Working Hours,8 hours
14,train,16,Employer,I would like to offer you a workday of 10 hours.,Offer,Working Hours,10 hours
14,train,17,Candidate,I refuse 10 hours,Reject,Working Hours,10 hours
14,train,18,Employer,I would like to offer you a workday of 9 hours.,Offer,Working Hours,9 hours
14,train,19,Candidate,I disagree about a workday of 9 hours,Reject,Working Hours,9 hours
14,train,20,Employer,"If I offer you a leased car, will you accept a workday of 10 hours?",Offer,Leased Car,With leased car
14,train,20,Employer,"If I offer you a leased car, will you accept a workday of 10 hours?",Offer,Working Hours,10 hours
14,train,21,Candidate,I refuse. I am expecting a workday of 8 hours and I want no agreement on leased car,Reject,,True
14,train,21,Candidate,I refuse. I am expecting a workday of 8 hours and I want no agreement on leased car,Offer,Working Hours,8 hours
14,train,21,Candidate,I refuse. I am expecting a workday of 8 hours and I want no agreement on leased car,Offer,Leased Car,No agreement
14,train,22,Employer,"All right, I accept your offer of 8 hours.",Accept,Working Hours,8 hours
14,train,23,Candidate,This is great that you accept,Other,,
14,train,24,Candidate,Let's discuss another issue. I am expecting a pension of 20%,Offer,Pension Fund,20%
14,train,25,Employer,I would really like you to accept a pension of 10%.,Offer,Pension Fund,10%
14,train,26,Candidate,I agree with the offer,Accept,,True
15,train,0,Candidate,Hello. I would like to discuss the issues of my contract.,Greet,,True
15,train,1,Candidate,"I am expecting a salary of 120,000",Offer,Salary,"120,000 USD"
15,train,2,Employer,Hello! I hope we can reach an agreement.,Greet,,True
15,train,3,Employer,"Let start will a salary of 60,000.",Offer,Salary,"60,000 USD"
15,train,4,Candidate,I agree. I would like to continue and discuss another issue. I am willing to have a position of project manager,Accept,,True
15,train,4,Candidate,I agree. I would like to continue and discuss another issue. I am willing to have a position of project manager,Offer,Job Description,Project Manager
15,train,5,Employer,A new hire as a project manager seems a bit much. How about programmer?,Offer,Job Description,Programmer
15,train,5,Employer,A new hire as a project manager seems a bit much. How about programmer?,Reject,Job Description,Project Manager
15,train,6,Candidate,I accept the previous offer. Let's discuss another issue. I demand a pension of 20%,Accept,,True
15,train,6,Candidate,I accept the previous offer. Let's discuss another issue. I demand a pension of 20%,Offer,Pension Fund,20%
15,train,7,Employer,I can agree to that.,Accept,,True
15,train,8,Candidate,It's good to reach an agreement on this,Other,,
15,train,9,Candidate,I demand a workday of 8 hours,Offer,Working Hours,8 hours
15,train,10,Employer,"We are a busy company, so work hours is longer than average for employees. How about 9 hours?",Offer,Working Hours,9 hours
15,train,11,Candidate,I disagree. I demand a workday of 8 hours,Reject,,True
15,train,11,Candidate,I disagree. I demand a workday of 8 hours,Offer,Working Hours,8 hours
15,train,12,Employer,9 hours is fair. Other employees here work 9 hours.,Offer,Working Hours,9 hours
15,train,13,Candidate,I disagree. I would like a workday of 8 hours,Reject,,True
15,train,13,Candidate,I disagree. I would like a workday of 8 hours,Offer,Working Hours,8 hours
15,train,14,Employer,How about we agree to 8 hours now and re-evaluate this at a later date?,Offer,Working Hours,8 hours
15,train,15,Candidate,It's good to reach an agreement on this,Other,,
15,train,16,Candidate,I am expecting a company car,Offer,Leased Car,With leased car
15,train,17,Employer,"Sorry, we cannot offer a company car for a new hire.",Reject,Leased Car,With leased car
15,train,18,Candidate,I want a company car,Offer,Leased Car,With leased car
15,train,19,Employer,That just cannot happen at the moment.,Reject,,True
15,train,20,Candidate,I would like a company car,Offer,Leased Car,With leased car
15,train,21,Employer,Agreed,Accept,,True
15,train,22,Candidate,It's good to reach an agreement on this,Other,,
16,train,0,Candidate,Hello. I would like to discuss the issues of my contract.,Greet,,True
16,train,1,Candidate,I would like a position of project manager,Offer,Job Description,Project Manager
16,train,2,Employer,I would like you to take the position of a Programmer,Offer,Job Description,Programmer
16,train,3,Candidate,"I accept programmer position. Now let's talk about how we can agree on other issues. I would like a salary of 120,000",Accept,Job Description,Programmer
16,train,3,Candidate,"I accept programmer position. Now let's talk about how we can agree on other issues. I would like a salary of 120,000",Offer,Salary,"120,000 USD"
16,train,4,Employer,"Would you be willing to accept a salary of 90,000?  I think we can meet in the middle on pay",Offer,Salary,"90,000 USD"
16,train,5,Candidate,"I reject 90,000. I am expecting a salary of 120,000",Reject,Salary,"90,000 USD"
16,train,5,Candidate,"I reject 90,000. I am expecting a salary of 120,000",Offer,Salary,"120,000 USD"
16,train,6,Employer,90000 is really the highest I can go.  Maybe we can come back to that topic later in the negotiation,Reject,,True
16,train,7,Candidate,I am willing to have a workday of 8 hours,Offer,Working Hours,8 hours
16,train,8,Employer,"I would recommend a 10 hour workday, but would be willing to reduce it to 9 hours if you are willing to accept the 90,000 salary",Offer,Salary,"90,000 USD"
16,train,8,Employer,"I would recommend a 10 hour workday, but would be willing to reduce it to 9 hours if you are willing to accept the 90,000 salary",Offer,Working Hours,9 hours
16,train,9,Candidate,"I refuse. I want a workday of 8 hours and I am willing to have a salary of 120,000",Reject,,True
16,train,9,Candidate,"I refuse. I want a workday of 8 hours and I am willing to have a salary of 120,000",Offer,Working Hours,8 hours
16,train,9,Candidate,"I refuse. I want a workday of 8 hours and I am willing to have a salary of 120,000",Offer,Salary,"120,000 USD"
16,train,10,Employer,I dont believe we are going to come to an agreement if you have no flexibility,Reject,,True
16,train,11,Candidate,I am willing to have a workday of 9 hours. But I must change our previous agreement. I would like a position of project manager,Offer,Working Hours,9 hours
16,train,11,Candidate,I am willing to have a workday of 9 hours. But I must change our previous agreement. I would like a position of project manager,Offer,Job Description,Project Manager
16,train,12,Employer,I think I am going to opt out at this time and try to find another candidate.  You are simply being too demanding,Quit,,True
16,train,13,Candidate,I am opting out. Please press the button Opt out.,Other,,
17,train,0,Candidate,Hello. I would like to discuss the issues of my contract.,Greet,,True
17,train,1,Candidate,"I demand a salary of 120,000",Offer,Salary,"120,000 USD"
17,train,2,Employer,Good Morning! Please review this offer.,Greet,,True
17,train,2,Employer,Good Morning! Please review this offer.,Reject,,True
17,train,3,Candidate,"I am willing to have a salary of 120,000",Offer,Salary,"120,000 USD"
17,train,4,Employer,That is really steep,Reject,,True
17,train,5,Candidate,"I am willing to have a salary of 90,000",Offer,Salary,"90,000 USD"
17,train,6,Employer,Our ad posted 60K,Offer,Salary,"60,000 USD"
17,train,7,Candidate,"I want a salary of 90,000",Offer,Salary,"90,000 USD"
17,train,8,Employer,"What about other benefits, like working hours",Query,Offer,Working Hours
17,train,9,Candidate,I would like a workday of 8 hours,Offer,Working Hours,8 hours
17,train,10,Employer,Good to know. Are you looking to stay for the long or short term? Promotions could happen quickly if you work with us,Query,Offer,Promotion Possibilities
17,train,11,Candidate,I would like a fast promotion track,Offer,Promotion Possibilities,Fast promotion track
17,train,12,Employer,"Happy to do that, but you've got to meet me more on salary and benefits",Other,,
17,train,13,Candidate,I want a fast promotion track,Offer,Promotion Possibilities,Fast promotion track
17,train,14,Employer,Done.,Accept,,True
17,train,15,Candidate,It's good to reach an agreement on this,Other,,
17,train,16,Candidate,"I am expecting a salary of 90,000",Offer,Salary,"90,000 USD"
17,train,17,Employer,"All right, I could do 60K",Offer,Salary,"60,000 USD"
17,train,18,Candidate,I accept the previous offer. I would like to continue and discuss another issue. I am expecting a position of project manager,Accept,,True
17,train,18,Candidate,I accept the previous offer. I would like to continue and discuss another issue. I am expecting a position of project manager,Offer,Job Description,Project Manager
17,train,19,Employer,I can't say that is a good place to start out,Reject,,True
17,train,20,Candidate,I demand a position of team manager,Offer,Job Description,Team Manager
17,train,21,Employer,what about team manager?,Offer,Job Description,Team Manager
17,train,22,Candidate,I'm happy that you accept,Other,,
17,train,23,Candidate,I demand a pension of 20%,Offer,Pension Fund,20%
17,train,24,Employer,"Everyone else has 10%, I can't play favorites",Offer,Pension Fund,10%
17,train,24,Employer,"Everyone else has 10%, I can't play favorites",Reject,,True
17,train,25,Candidate,I accept the previous offer. I would like to move on. I demand a workday of 8 hours,Accept,,True
17,train,25,Candidate,I accept the previous offer. I would like to move on. I demand a workday of 8 hours,Offer,Working Hours,8 hours
17,train,26,Employer,"Hold on now, you're new and need to show your skills. Let's do 10 hours",Offer,Working Hours,10 hours
17,train,27,Candidate,I reject the offer about the working hours. I am expecting a workday of 8 hours,Reject,,
17,train,27,Candidate,I reject the offer about the working hours. I am expecting a workday of 8 hours,Offer,Working Hours,8 hours
17,train,28,Employer,Le'ts meet in the middle and say 9 hours,Offer,Working Hours,9 hours
17,train,29,Candidate,I reject the offer about the working hours. I am expecting a workday of 8 hours,Reject,,
17,train,29,Candidate,I reject the offer about the working hours. I am expecting a workday of 8 hours,Offer,Working Hours,8 hours
17,train,30,Employer,I'll do the slow promotion track with 9 hours,Offer,Promotion Possibilities,Slow promotion track
17,train,30,Employer,I'll do the slow promotion track with 9 hours,Offer,Working Hours,9 hours
17,train,31,Candidate,I disagree with the offer. I demand a workday of 8 hours and I want a fast promotion track,Reject,,True
17,train,31,Candidate,I disagree with the offer. I demand a workday of 8 hours and I want a fast promotion track,Offer,Working Hours,8 hours
17,train,31,Candidate,I disagree with the offer. I demand a workday of 8 hours and I want a fast promotion track,Offer,Promotion Possibilities,Fast promotion track
17,train,32,Employer,all right,Accept,,True
17,train,33,Candidate,It's great that you agree,Other,,
17,train,34,Candidate,I am willing to have a company car,Offer,Leased Car,With leased car
17,train,35,Employer,no car,Reject,Leased Car,With leased car
17,train,36,Candidate,I am expecting a company car,Offer,Leased Car,With leased car
17,train,37,Candidate,I am willing to have a company car,Offer,Leased Car,With leased car
17,train,38,Employer,no leased car,Offer,Leased Car,Without leased car
17,train,39,Candidate,I reject the previous offer. I demand a company car,Reject,,True
17,train,39,Candidate,I reject the previous offer. I demand a company car,Offer,Leased Car,With leased car
17,train,40,Employer,will you work 10 hour days,Offer,Working Hours,10 hours
17,train,41,Candidate,I disagree with the offer,Reject,,True
17,train,42,Employer,I'll do the leased car if you work 10 hour days,Offer,Leased Car,With leased car
17,train,42,Employer,I'll do the leased car if you work 10 hour days,Offer,Working Hours,10 hours
17,train,43,Candidate,I reject the previous offer,Reject,,True
17,train,44,Employer,Work with me please 10 hours justifies a leased car,Offer,Leased Car,With leased car
17,train,44,Employer,Work with me please 10 hours justifies a leased car,Offer,Working Hours,10 hours
17,train,45,Candidate,I disagree with the offer,Reject,,True
17,train,46,Employer,Work 10 hours and we'll set you up with a leased car,Offer,Leased Car,With leased car
17,train,46,Employer,Work 10 hours and we'll set you up with a leased car,Offer,Working Hours,10 hours
17,train,47,Candidate,I disagree,Reject,,True
18,train,0,Candidate,Hello. I would like to discuss the issues of my contract.,Greet,,True
18,train,1,Candidate,I would like a position of project manager,Offer,Job Description,Project Manager
18,train,2,Employer,I agree to that,Accept,,True
18,train,3,Candidate,I'm happy that you accept,Other,,
18,train,4,Candidate,"I am expecting a salary of 120,000",Offer,Salary,"120,000 USD"
18,train,5,Employer,I could agree to 90000,Offer,Salary,"90,000 USD"
18,train,6,Candidate,"I agree with a salary of 90,000. Now let's talk about how we can agree on other issues. I demand a company car",Accept,Salary,"90,000 USD"
18,train,6,Candidate,"I agree with a salary of 90,000. Now let's talk about how we can agree on other issues. I demand a company car",Offer,Leased Car,With leased car
18,train,7,Candidate,I want a company car,Offer,Leased Car,With leased car
18,train,8,Employer,I can agree to that if you can agree to 9 working hours,Offer,Working Hours,9 hours
18,train,9,Candidate,I reject a workday of 9 hours. I am willing to have a workday of 8 hours,Reject,Working Hours,9 hours
18,train,9,Candidate,I reject a workday of 9 hours. I am willing to have a workday of 8 hours,Offer,Working Hours,8 hours
18,train,10,Employer,Okay I will agree to a work day of 8 hours,Accept,Working Hours,8 hours
18,train,11,Candidate,I'm happy that you accept the 8 hours,Other,,
18,train,12,Candidate,I am willing to have a company car,Offer,Leased Car,With leased car
18,train,13,Employer,Okay I agree to the company car,Accept,Leased Car,With leased car
18,train,14,Candidate,It's great that we agreed on with leased car,Other,,
18,train,15,Candidate,I demand a fast promotion track,Offer,Promotion Possibilities,Fast promotion track
18,train,16,Employer,I agree to that demand,Accept,,True
18,train,17,Candidate,I'm happy that you accept,Other,,
18,train,18,Candidate,I want a pension of 20%,Offer,Pension Fund,20%
18,train,19,Employer,I will agree to that,Accept,,True
18,train,20,Candidate,I'm happy that you accept. We can sign the agreement now. Please pick the values in the agreement draft and press Sign.,Other,,
19,train,0,Candidate,Hello. I would like to discuss the issues of my contract.,Greet,,True
19,train,1,Candidate,I am expecting a position of project manager,Offer,Job Description,Project Manager
19,train,2,Employer,How about team manager instead?,Offer,Job Description,Team Manager
19,train,3,Candidate,"I agree with a position of team manager. Now let's talk about how we can agree on other issues. I am expecting a salary of 120,000",Accept,Job Description,Team Manager
19,train,3,Candidate,"I agree with a position of team manager. Now let's talk about how we can agree on other issues. I am expecting a salary of 120,000",Offer,Salary,"120,000 USD"
19,train,4,Employer,"I'm afraid I can't do that. I can start you out at 90,000.",Offer,Salary,"90,000 USD"
19,train,4,Employer,"I'm afraid I can't do that. I can start you out at 90,000.",Reject,,True
19,train,5,Candidate,"I reject 90,000. I am expecting a salary of 120,000",Reject,Salary,"90,000 USD"
19,train,5,Candidate,"I reject 90,000. I am expecting a salary of 120,000",Offer,Salary,"120,000 USD"
19,train,6,Employer,"I can't give you 120,000.",Reject,Salary,"120,000 USD"
19,train,7,Candidate,I am willing to have a position of team manager,Offer,Job Description,Team Manager
19,train,8,Employer,"I'll give you 90,000 and an 8 hour work day.",Offer,Salary,"90,000 USD"
19,train,8,Employer,"I'll give you 90,000 and an 8 hour work day.",Offer,Working Hours,8 hours
19,train,9,Candidate,"I disagree. I want a workday of 9 hours and I would like a salary of 120,000",Reject,,True
19,train,9,Candidate,"I disagree. I want a workday of 9 hours and I would like a salary of 120,000",Offer,Working Hours,9 hours
19,train,9,Candidate,"I disagree. I want a workday of 9 hours and I would like a salary of 120,000",Offer,Salary,"120,000 USD"
19,train,10,Employer,"I can only give you a salary of 90,000. I'll put you on the fast promotion track.",Offer,Promotion Possibilities,Fast promotion track
19,train,10,Employer,"I can only give you a salary of 90,000. I'll put you on the fast promotion track.",Offer,Salary,"90,000 USD"
19,train,11,Candidate,I disagree,Reject,,True
19,train,12,Employer,"I'll give you a leased car if you take a 90,000 salary",Offer,Leased Car,With leased car
19,train,12,Employer,"I'll give you a leased car if you take a 90,000 salary",Offer,Salary,"90,000 USD"
19,train,13,Candidate,"I refuse. I want a salary of 120,000 and I demand no agreement on leased car",Reject,,True
19,train,13,Candidate,"I refuse. I want a salary of 120,000 and I demand no agreement on leased car",Offer,Salary,"120,000 USD"
19,train,13,Candidate,"I refuse. I want a salary of 120,000 and I demand no agreement on leased car",Offer,Leased Car,No agreement
19,train,14,Candidate,"Sorry, I changed my preferences",Other,,
19,train,15,Candidate,"I want a salary of 120,000",Offer,Salary,"120,000 USD"
19,train,16,Employer,"You can't have a slary of 120,000",Reject,Salary,"120,000 USD"
19,train,17,Candidate,"I want a salary of 90,000. But I must change our previous agreement. I demand a position of project manager",Offer,Salary,"90,000 USD"
19,train,17,Candidate,"I want a salary of 90,000. But I must change our previous agreement. I demand a position of project manager",Offer,Job Description,Project Manager
19,train,18,Employer,fine,Accept,,True
19,train,19,Candidate,It's good to reach an agreement on this,Other,,
19,train,20,Candidate,I demand a company car,Offer,Leased Car,With leased car
19,train,21,Employer,You cana,Other,,
19,train,22,Employer,You can't have a car but you can have a 10% pension fund,Offer,Leased Car,Without leased car
19,train,22,Employer,You can't have a car but you can have a 10% pension fund,Offer,Pension Fund,10%
19,train,23,Candidate,I disagree. I am expecting a pension of 20% and I demand a company car,Reject,,True
19,train,23,Candidate,I disagree. I am expecting a pension of 20% and I demand a company car,Offer,Pension Fund,20%
19,train,23,Candidate,I disagree. I am expecting a pension of 20% and I demand a company car,Offer,Leased Car,With leased car
19,train,24,Candidate,"Sorry, I changed my preferences",Other,,
19,train,25,Candidate,I demand a company car,Offer,Leased Car,With leased car
19,train,26,Employer,"Why do you need a car? I'm sure your car is perfectly fine, our cars aren't that great anyways",Reject,Leased Car,With leased car
19,train,27,Candidate,I am willing to have no agreement on leased car,Offer,Leased Car,No agreement
19,train,28,Employer,Ok,Accept,,True
19,train,29,Candidate,I'm happy that you accept,Other,,
19,train,30,Candidate,I am expecting a fast promotion track,Offer,Promotion Possibilities,Fast promotion track
19,train,31,Employer,Sure,Accept,,True
19,train,32,Candidate,It's good to reach an agreement on this,Other,,
19,train,33,Candidate,I am expecting a workday of 8 hours,Offer,Working Hours,8 hours
19,train,34,Employer,You wanted 9 hours before,Offer,Working Hours,9 hours
19,train,35,Candidate,I disagree about a workday of 9 hours. I demand a workday of 8 hours,Reject,Working Hours,9 hours
19,train,35,Candidate,I disagree about a workday of 9 hours. I demand a workday of 8 hours,Offer,Working Hours,8 hours
19,train,36,Employer,i'll accept you working 10 hours,Offer,Working Hours,10 hours
19,train,37,Candidate,I reject 10 hours. I demand a workday of 8 hours,Reject,Working Hours,10 hours
19,train,37,Candidate,I reject 10 hours. I demand a workday of 8 hours,Offer,Working Hours,8 hours
19,train,38,Employer,you can be a project manager if you work 9 hours,Offer,Job Description,Project Manager
19,train,38,Employer,you can be a project manager if you work 9 hours,Offer,Working Hours,9 hours
19,train,39,Candidate,I disagree with the offer,Reject,,True
19,train,40,Employer,fine you can work 10 hours.,Offer,Working Hours,10 hours
19,train,41,Candidate,I disagree about a workday of 10 hours. I demand a workday of 8 hours,Reject,Working Hours,10 hours
19,train,41,Candidate,I disagree about a workday of 10 hours. I demand a workday of 8 hours,Offer,Working Hours,8 hours
19,train,42,Employer,if you want to work 8 hours you have to be a programmer.,Offer,Job Description,Programmer
19,train,42,Employer,if you want to work 8 hours you have to be a programmer.,Offer,Working Hours,8 hours
19,train,43,Candidate,I disagree,Reject,,True
19,train,44,Employer,I don't have to hire you at all,Reject,,True
19,train,45,Candidate,I would like a workday of 8 hours,Offer,Working Hours,8 hours
19,train,46,Employer,What are you willing to give up?,Other,,
19,train,47,Candidate,I am expecting a workday of 8 hours,Offer,Working Hours,8 hours
19,train,48,Employer,oh my god,Other,,
2,train,0,Candidate,Hello. I would like to discuss the issues of my contract.,Greet,,True
2,train,1,Candidate,"I would like a salary of 120,000",Offer,Salary,"120,000 USD"
2,train,2,Employer,How about 90k?,Offer,Salary,"90,000 USD"
2,train,3,Candidate,"I agree with a salary of 90,000. I would like to continue and discuss another issue. I would like a position of project manager",Accept,Salary,"90,000 USD"
2,train,3,Candidate,"I agree with a salary of 90,000. I would like to continue and discuss another issue. I would like a position of project manager",Offer,Job Description,Project Manager
2,train,4,Employer,You can have a position of Team Manager,Offer,Job Description,Team Manager
2,train,5,Candidate,I agree with a position of team manager. Let's discuss another issue. I want a pension of 20%,Accept,Job Description,Team Manager
2,train,5,Candidate,I agree with a position of team manager. Let's discuss another issue. I want a pension of 20%,Offer,Pension Fund,20%
2,train,6,Employer,This is acceptable to me,Accept,,True
2,train,7,Candidate,I'm happy that you accept,Other,,
2,train,8,Candidate,I want a workday of 8 hours,Offer,Working Hours,8 hours
2,train,9,Employer,How about 9 hours?,Offer,Working Hours,9 hours
2,train,10,Candidate,I accept a workday of 9 hours. Now let's talk about how we can agree on other issues. I am willing to have a company car,Accept,Working Hours,9 hours
2,train,10,Candidate,I accept a workday of 9 hours. Now let's talk about how we can agree on other issues. I am willing to have a company car,Offer,Leased Car,With leased car
2,train,11,Employer,That is fine.,Accept,,True
2,train,12,Candidate,It's great that you agree,Other,,
2,train,13,Candidate,I am willing to have a fast promotion track,Offer,Promotion Possibilities,Fast promotion track
2,train,14,Employer,And I also agree with that.,Accept,,True
2,train,15,Candidate,I'm happy that you accept. We can sign the agreement now.,Other,,
20,train,0,Candidate,Hello. I would like to discuss the issues of my contract.,Greet,,True
20,train,1,Candidate,I demand a position of project manager,Offer,Job Description,Project Manager
20,train,2,Employer,How about programmer?,Offer,Job Description,Programmer
20,train,3,Candidate,"I agree with a position of programmer. Now let's talk about how we can agree on other issues. I am expecting a salary of 120,000",Accept,Job Description,Programmer
20,train,3,Candidate,"I agree with a position of programmer. Now let's talk about how we can agree on other issues. I am expecting a salary of 120,000",Offer,Salary,"120,000 USD"
20,train,4,Employer,"How about 60,000?",Offer,Salary,"60,000 USD"
20,train,5,Candidate,"I reject 60,000. I want a salary of 120,000",Reject,Salary,"60,000 USD"
20,train,5,Candidate,"I reject 60,000. I want a salary of 120,000",Offer,Salary,"120,000 USD"
20,train,6,Employer,"Would you accept 90,000?",Offer,Salary,"90,000 USD"
20,train,7,Candidate,"I refuse 90,000. I am willing to have a salary of 120,000",Reject,Salary,"90,000 USD"
20,train,7,Candidate,"I refuse 90,000. I am willing to have a salary of 120,000",Offer,Salary,"120,000 USD"
20,train,8,Employer,Fine,Accept,,True
20,train,9,Candidate,I'm happy that you accept,Other,,
20,train,10,Candidate,I want a company car,Offer,Leased Car,With leased car
20,train,11,Employer,Agreed,Accept,,True
20,train,12,Candidate,It's good to reach an agreement on this,Other,,
20,train,13,Candidate,I am willing to have a fast promotion track,Offer,Promotion Possibilities,Fast promotion track
20,train,14,Employer,Agreed,Accept,,True
20,train,15,Candidate,It's great that you agree,Other,,
20,train,16,Candidate,I would like a workday of 8 hours,Offer,Working Hours,8 hours
20,train,17,Employer,How about 10 hours?,Offer,Working Hours,10 hours
20,train,18,Candidate,I reject 10 hours. I am willing to have a workday of 8 hours,Reject,Working Hours,10 hours
20,train,18,Candidate,I reject 10 hours. I am willing to have a workday of 8 hours,Offer,Working Hours,8 hours
20,train,19,Employer,I gave you a car. You have to work 10 hours.,Offer,Working Hours,10 hours
20,train,20,Candidate,I reject a workday of 10 hours. I am expecting a workday of 8 hours,Reject,Working Hours,10 hours
20,train,20,Candidate,I reject a workday of 10 hours. I am expecting a workday of 8 hours,Offer,Working Hours,8 hours
20,train,21,Employer,How about 9 hours?,Offer,Working Hours,9 hours
20,train,22,Candidate,I reject a workday of 9 hours. I want a workday of 8 hours,Reject,Working Hours,9 hours
20,train,22,Candidate,I reject a workday of 9 hours. I want a workday of 8 hours,Offer,Working Hours,8 hours
20,train,23,Employer,You will work 10 hours.,Offer,Working Hours,10 hours
20,train,24,Candidate,I refuse 10 hours. I am willing to have a workday of 8 hours,Reject,Working Hours,10 hours
20,train,24,Candidate,I refuse 10 hours. I am willing to have a workday of 8 hours,Offer,Working Hours,8 hours
20,train,25,Employer,Let's settle for 9 hours.,Offer,Working Hours,9 hours
20,train,26,Candidate,I reject a workday of 9 hours. I am expecting a workday of 8 hours,Reject,Working Hours,9 hours
20,train,26,Candidate,I reject a workday of 9 hours. I am expecting a workday of 8 hours,Offer,Working Hours,8 hours
20,train,27,Employer,How about 10 hours?,Offer,Working Hours,10 hours
20,train,28,Candidate,I refuse 10 hours. I am willing to have a workday of 8 hours,Reject,Working Hours,10 hours
20,train,28,Candidate,I refuse 10 hours. I am willing to have a workday of 8 hours,Offer,Working Hours,8 hours
20,train,29,Employer,Fine,Accept,,True
20,train,30,Candidate,It's good to reach an agreement on this,Other,,
20,train,31,Candidate,I am willing to have a pension of 20%,Offer,Pension Fund,20%
20,train,32,Employer,agreed,Accept,,True
21,train,0,Candidate,Hello. I would like to discuss the issues of my contract.,Greet,,True
21,train,1,Candidate,I want a position of project manager,Offer,Job Description,Project Manager
21,train,2,Employer,Hello!,Greet,,True
21,train,3,Candidate,I am willing to have a position of project manager,Offer,Job Description,Project Manager
21,train,4,Employer,Pls get the agreement draft,Other,,
21,train,5,Candidate,I would like a position of project manager,Offer,Job Description,Project Manager
21,train,6,Employer,Okay,Accept,,True
21,train,7,Candidate,It's great that you agree,Other,,
21,train,8,Candidate,"I am willing to have a salary of 120,000",Offer,Salary,"120,000 USD"
21,train,9,Employer,Okay,Accept,,True
21,train,10,Candidate,It's great that you agree,Other,,
21,train,11,Candidate,I would like a company car,Offer,Leased Car,With leased car
21,train,12,Employer,No. without campany car,Reject,Leased Car,With leased car
21,train,13,Candidate,I am expecting a company car,Offer,Leased Car,With leased car
22,train,0,Candidate,Hello. I would like to discuss the issues of my contract.,Greet,,True
22,train,1,Candidate,I want a position of project manager,Offer,Job Description,Project Manager
22,train,2,Employer,Greats let's discuss the issues.,Other,,
22,train,3,Employer,"I can give you a job title of programmer, how does that sound? You are very smart and that makes you sound smarter! ",Offer,Job Description,Programmer
22,train,4,Candidate,I refuse programmer position. I demand a position of project manager,Reject,Job Description,Programmer
22,train,4,Candidate,I refuse programmer position. I demand a position of project manager,Offer,Job Description,Project Manager
22,train,5,Employer,"You are not qualified to be team manager right now, but I definitely see that in your future. I would like to offer you the job of QA.",Reject,Job Description,Team Manager
22,train,5,Employer,"You are not qualified to be team manager right now, but I definitely see that in your future. I would like to offer you the job of QA.",Offer,Job Description,QA
22,train,6,Candidate,I disagree about a position of qa. I would like a position of project manager,Reject,Job Description,QA
22,train,6,Candidate,I disagree about a position of qa. I would like a position of project manager,Offer,Job Description,Project Manager
22,train,7,Employer,"How about we talk about the car issue. There is no way that our company can provide you with a new car, so you will need to use your own.",Offer,Leased Car,Without leased car
22,train,8,Candidate,I agree with no company car. I would like to continue and discuss another issue. I am willing to have a position of project manager,Accept,Leased Car,Without leased car
22,train,8,Candidate,I agree with no company car. I would like to continue and discuss another issue. I am willing to have a position of project manager,Offer,Job Description,Project Manager
22,train,9,Employer,"Ok, you are adamant about being project manager. How about you can be the project manager with a starting salary of $60,000.00",Offer,Job Description,Project Manager
22,train,9,Employer,"Ok, you are adamant about being project manager. How about you can be the project manager with a starting salary of $60,000.00",Offer,Salary,"60,000 USD"
22,train,10,Candidate,I accept the previous offer. I would like to move on. I want a workday of 8 hours,Accept,,True
22,train,10,Candidate,I accept the previous offer. I would like to move on. I want a workday of 8 hours,Offer,Working Hours,8 hours
22,train,11,Candidate,I would like a workday of 8 hours,Offer,Working Hours,8 hours
22,train,12,Employer,"I was thinking 10, but how about we split the difference and you work 9? I will also be willing to give you a 4 day work week.",Offer,Working Hours,9 hours
22,train,13,Candidate,I accept 9 hours. Let's discuss another issue. I want a pension of 20%,Accept,Working Hours,9 hours
22,train,13,Candidate,I accept 9 hours. Let's discuss another issue. I want a pension of 20%,Offer,Pension Fund,20%
22,train,14,Employer,"I will accept a 20% pension fund, but you're going to have to start off on the slow promotion track, seeing as you are already project manager.",Accept,Pension Fund,20%
22,train,14,Employer,"I will accept a 20% pension fund, but you're going to have to start off on the slow promotion track, seeing as you are already project manager.",Offer,Promotion Possibilities,Slow promotion track
22,train,15,Candidate,I disagree with the offer,Reject,,True
22,train,16,Employer,"Okay, how about a fast promotion track with 10% pension fund/",Offer,Pension Fund,10%
22,train,16,Employer,"Okay, how about a fast promotion track with 10% pension fund/",Offer,Promotion Possibilities,Fast promotion track
22,train,17,Candidate,I refuse,Reject,,True
22,train,18,Employer,"Okay 10 hour work day, 4 days a week with a fast promotion track.",Offer,Promotion Possibilities,Fast promotion track
22,train,18,Employer,"Okay 10 hour work day, 4 days a week with a fast promotion track.",Offer,Working Hours,10 hours
22,train,19,Candidate,I refuse,Reject,,True
22,train,20,Employer,Well then I can't hire you.,Quit,,True
22,train,21,Candidate,I would like a pension of 20%,Offer,Pension Fund,20%
22,train,22,Employer,20 pension with 10 hour work day. ,Offer,Pension Fund,20%
22,train,22,Employer,20 pension with 10 hour work day. ,Offer,Working Hours,10 hours
22,train,23,Candidate,I agree with the offer. Let's proceed to another issue. I am willing to have a fast promotion track,Accept,,True
22,train,23,Candidate,I agree with the offer. Let's proceed to another issue. I am willing to have a fast promotion track,Offer,Promotion Possibilities,Fast promotion track
22,train,24,Employer,I agree,Accept,,True
22,train,25,Candidate,It's great that you agree,Other,,
22,train,26,Employer,Let's sign the agreement!,Other,,
23,train,0,Candidate,Hello. I would like to discuss the issues of my contract.,Greet,,True
23,train,1,Candidate,I am expecting a position of project manager,Offer,Job Description,Project Manager
23,train,2,Employer,"Hello! There is only Programmer position available at this time, can you accept it?",Greet,,True
23,train,2,Employer,"Hello! There is only Programmer position available at this time, can you accept it?",Offer,Job Description,Programmer
23,train,3,Candidate,"I accept a position of programmer. Now let's talk about how we can agree on other issues. I would like a salary of 120,000",Accept,Job Description,Programmer
23,train,3,Candidate,"I accept a position of programmer. Now let's talk about how we can agree on other issues. I would like a salary of 120,000",Offer,Salary,"120,000 USD"
23,train,4,Candidate,"I am expecting a salary of 120,000",Offer,Salary,"120,000 USD"
23,train,5,Employer,Salary for this position will be 60000$ but we can offer you slow promotion track as well,Offer,Promotion Possibilities,Slow promotion track
23,train,5,Employer,Salary for this position will be 60000$ but we can offer you slow promotion track as well,Offer,Salary,"60,000 USD"
23,train,6,Candidate,"I refuse. I want a salary of 120,000 and I demand a fast promotion track",Reject,,True
23,train,6,Candidate,"I refuse. I want a salary of 120,000 and I demand a fast promotion track",Offer,Salary,"120,000 USD"
23,train,6,Candidate,"I refuse. I want a salary of 120,000 and I demand a fast promotion track",Offer,Promotion Possibilities,Fast promotion track
23,train,7,Candidate,"Sorry, I changed my preferences",Other,,
23,train,8,Candidate,"I would like a salary of 120,000",Offer,Salary,"120,000 USD"
23,train,9,Employer,"I offer fast promotion track, salary will be 60000$ ",Offer,Promotion Possibilities,Fast promotion track
23,train,9,Employer,"I offer fast promotion track, salary will be 60000$ ",Offer,Salary,"60,000 USD"
23,train,10,Candidate,"I disagree about a salary of 60,000. I want a salary of 120,000",Reject,Salary,"60,000 USD"
23,train,10,Candidate,"I disagree about a salary of 60,000. I want a salary of 120,000",Offer,Salary,"120,000 USD"
23,train,11,Candidate,"I am willing to have a salary of 120,000",Offer,Salary,"120,000 USD"
23,train,12,Candidate,"I want a salary of 120,000",Offer,Salary,"120,000 USD"
23,train,13,Candidate,"I am expecting a salary of 120,000",Offer,Salary,"120,000 USD"
23,train,14,Employer,"we cant accept it, can offer you max 90000$ for this position",Offer,Salary,"90,000 USD"
23,train,14,Employer,"we cant accept it, can offer you max 90000$ for this position",Reject,,True
23,train,15,Candidate,"I accept a salary of 90,000. Now let's talk about how we can agree on other issues. I demand a company car",Accept,Salary,"90,000 USD"
23,train,15,Candidate,"I accept a salary of 90,000. Now let's talk about how we can agree on other issues. I demand a company car",Offer,Leased Car,With leased car
23,train,16,Employer,We can give you a car but you need to work 10 hours,Offer,Leased Car,With leased car
23,train,16,Employer,We can give you a car but you need to work 10 hours,Offer,Working Hours,10 hours
23,train,17,Candidate,I disagree. I would like a workday of 8 hours and I am willing to have no agreement on leased car,Reject,,True
23,train,17,Candidate,I disagree. I would like a workday of 8 hours and I am willing to have no agreement on leased car,Offer,Working Hours,8 hours
23,train,17,Candidate,I disagree. I would like a workday of 8 hours and I am willing to have no agreement on leased car,Offer,Leased Car,No agreement
23,train,18,Candidate,"Sorry, I changed my preferences",Other,,
23,train,19,Candidate,I would like no agreement on leased car,Offer,Leased Car,No agreement
23,train,20,Candidate,I would like no agreement on leased car,Offer,Leased Car,No agreement
23,train,21,Candidate,I want no agreement on leased car,Offer,Leased Car,No agreement
23,train,22,Employer,"This position demands 10 hours working day, but we can offer you a pension fund of 20%",Offer,Pension Fund,20%
23,train,22,Employer,"This position demands 10 hours working day, but we can offer you a pension fund of 20%",Offer,Working Hours,10 hours
23,train,23,Candidate,I agree. Now let's talk about how we can agree on other issues. I am expecting a company car,Accept,,True
23,train,23,Candidate,I agree. Now let's talk about how we can agree on other issues. I am expecting a company car,Offer,Leased Car,With leased car
23,train,24,Employer,we cant give you a company car for this moment,Offer,Leased Car,Without leased car
23,train,25,Candidate,I disagree about no company car,Reject,Leased Car,Without leased car
23,train,26,Employer,no agreement on company car,Offer,Leased Car,No agreement
23,train,27,Candidate,I accept no agreement on leased car. Let's proceed to another issue. I am willing to have a fast promotion track,Accept,Leased Car,No agreement
23,train,27,Candidate,I accept no agreement on leased car. Let's proceed to another issue. I am willing to have a fast promotion track,Offer,Promotion Possibilities,Fast promotion track
23,train,28,Employer,you received it,Accept,,True
23,train,29,Candidate,I'm happy that you accept. We can sign the agreement now. Please pick the values in the agreement draft and press Sign.,Other,,
24,train,0,Candidate,Hello. I would like to discuss the issues of my contract.,Greet,,True
24,train,1,Candidate,I am willing to have a position of project manager,Offer,Job Description,Project Manager
24,train,2,Employer,"Project Manager is very possible in the future, but for entry level positions we don't offer this.",Reject,Job Description,Project Manager
24,train,3,Candidate,I would like a position of project manager,Offer,Job Description,Project Manager
24,train,4,Employer,We normally offer new hires the role of Programmer.,Offer,Job Description,Programmer
24,train,5,Candidate,"I agree with a position of programmer. Now let's talk about how we can agree on other issues. I would like a salary of 120,000",Accept,Job Description,Programmer
24,train,5,Candidate,"I agree with a position of programmer. Now let's talk about how we can agree on other issues. I would like a salary of 120,000",Offer,Salary,"120,000 USD"
24,train,6,Candidate,"I want a salary of 120,000",Offer,Salary,"120,000 USD"
24,train,7,Employer,"Our Programmers don't make more than 60,000 at the senior level. For entry level Programmer we offer everyone the same 60,000 per year to start.",Offer,Salary,"60,000 USD"
24,train,8,Candidate,"I reject a salary of 60,000. I would like a salary of 120,000",Reject,Salary,"60,000 USD"
24,train,8,Candidate,"I reject a salary of 60,000. I would like a salary of 120,000",Offer,Salary,"120,000 USD"
24,train,9,Candidate,"I would like a salary of 120,000",Offer,Salary,"120,000 USD"
24,train,10,Employer,This unfortunately isn't even possible for our company. There is room for growth though.,Reject,,True
24,train,11,Candidate,"I am willing to have a salary of 90,000. But I must change our previous agreement. I am expecting a position of project manager",Offer,Salary,"90,000 USD"
24,train,11,Candidate,"I am willing to have a salary of 90,000. But I must change our previous agreement. I am expecting a position of project manager",Offer,Job Description,Project Manager
24,train,12,Candidate,"Sorry, I changed my preferences",Other,,
24,train,13,Candidate,"I am willing to have a salary of 120,000",Offer,Salary,"120,000 USD"
24,train,14,Candidate,"I am willing to have a salary of 120,000",Offer,Salary,"120,000 USD"
24,train,15,Candidate,"I am willing to have a salary of 120,000",Offer,Salary,"120,000 USD"
24,train,16,Employer,"120,000 could be possible in a year or 2, but we don't offer this salary for new hires.",Reject,Salary,"120,000 USD"
24,train,17,Candidate,"I am willing to have a salary of 120,000",Offer,Salary,"120,000 USD"
24,train,18,Candidate,"I am expecting a salary of 120,000",Offer,Salary,"120,000 USD"
24,train,19,Employer,"I can offer you the 60,000 and cut your work hours from 10 to 9.",Offer,Salary,"60,000 USD"
24,train,19,Employer,"I can offer you the 60,000 and cut your work hours from 10 to 9.",Offer,Working Hours,9 hours
24,train,20,Candidate,"I refuse. I would like a workday of 8 hours and I would like a salary of 120,000",Reject,,True
24,train,20,Candidate,"I refuse. I would like a workday of 8 hours and I would like a salary of 120,000",Offer,Working Hours,8 hours
24,train,20,Candidate,"I refuse. I would like a workday of 8 hours and I would like a salary of 120,000",Offer,Salary,"120,000 USD"
24,train,21,Candidate,"I am willing to have a salary of 120,000",Offer,Salary,"120,000 USD"
24,train,22,Employer,"It looks like we're too far apart, sorry I can't do any better.",Reject,,True
24,train,23,Candidate,"I am willing to have a salary of 90,000",Offer,Salary,"90,000 USD"
24,train,24,Employer,"If you change your mind, give me a call. Thanks",Quit,,True
25,train,0,Candidate,Hello. I would like to discuss the issues of my contract.,Greet,,True
25,train,1,Candidate,I would like a position of project manager,Offer,Job Description,Project Manager
25,train,2,Employer,How would you feel about Team Manager Instead?,Offer,Job Description,Team Manager
25,train,3,Candidate,"I accept team manager position. Now let's talk about how we can agree on other issues. I would like a salary of 120,000",Accept,Job Description,Team Manager
25,train,3,Candidate,"I accept team manager position. Now let's talk about how we can agree on other issues. I would like a salary of 120,000",Offer,Salary,"120,000 USD"
25,train,4,Employer,"I can offer you 90,000",Offer,Salary,"90,000 USD"
25,train,5,Candidate,"I disagree about a salary of 90,000. I am expecting a salary of 120,000",Reject,Salary,"90,000 USD"
25,train,5,Candidate,"I disagree about a salary of 90,000. I am expecting a salary of 120,000",Offer,Salary,"120,000 USD"
25,train,6,Candidate,"I want a salary of 120,000",Offer,Salary,"120,000 USD"
25,train,7,Candidate,"I am willing to have a salary of 120,000",Offer,Salary,"120,000 USD"
25,train,8,Employer,"If I give you 120,00, can I expect you to work 10 hours",Offer,Salary,"120,000 USD"
25,train,8,Employer,"If I give you 120,00, can I expect you to work 10 hours",Offer,Working Hours,10 hours
25,train,9,Candidate,I disagree,Reject,,True
25,train,10,Employer,?,Other,,
25,train,11,Candidate,"I want a salary of 120,000",Offer,Salary,"120,000 USD"
25,train,12,Employer,Let's talk about your promotion possibilities.,Query,Offer,Promotion Possibilities
25,train,13,Candidate,I am willing to have a fast promotion track,Offer,Promotion Possibilities,Fast promotion track
25,train,14,Employer,I'm thinking the fast promotion track,Offer,Promotion Possibilities,Fast promotion track
25,train,15,Candidate,I'm happy that you accept,Other,,
25,train,16,Candidate,"I am willing to have a salary of 120,000",Offer,Salary,"120,000 USD"
25,train,17,Employer,"Are you sure you don't want 60,000?",Offer,Salary,"60,000 USD"
25,train,18,Candidate,"I refuse 60,000. I am expecting a salary of 120,000",Reject,Salary,"60,000 USD"
25,train,18,Candidate,"I refuse 60,000. I am expecting a salary of 120,000",Offer,Salary,"120,000 USD"
25,train,19,Candidate,"I would like a salary of 120,000",Offer,Salary,"120,000 USD"
25,train,20,Employer,"I am expecting to give a salary of 90,000 for this position",Offer,Salary,"90,000 USD"
25,train,21,Candidate,"I agree with a salary of 90,000. Now let's talk about how we can agree on other issues. I want a company car",Accept,Salary,"90,000 USD"
25,train,21,Candidate,"I agree with a salary of 90,000. Now let's talk about how we can agree on other issues. I want a company car",Offer,Leased Car,With leased car
25,train,22,Candidate,I am expecting a company car,Offer,Leased Car,With leased car
25,train,23,Candidate,I am willing to have a company car,Offer,Leased Car,With leased car
25,train,24,Employer,If you are working 10 Hour days I can give you a company car,Offer,Leased Car,With leased car
25,train,24,Employer,If you are working 10 Hour days I can give you a company car,Offer,Working Hours,10 hours
25,train,25,Candidate,I refuse. I would like a workday of 8 hours and I am willing to have no agreement on leased car,Reject,,True
25,train,25,Candidate,I refuse. I would like a workday of 8 hours and I am willing to have no agreement on leased car,Offer,Working Hours,8 hours
25,train,25,Candidate,I refuse. I would like a workday of 8 hours and I am willing to have no agreement on leased car,Offer,Leased Car,No agreement
25,train,26,Employer,No agreement on leased car it is,Offer,Leased Car,No agreement
25,train,27,Candidate,I agree with no agreement on leased car. I would like to move on. I am expecting a workday of 8 hours,Accept,Leased Car,No agreement
25,train,27,Candidate,I agree with no agreement on leased car. I would like to move on. I am expecting a workday of 8 hours,Offer,Working Hours,8 hours
25,train,28,Candidate,I would like a workday of 8 hours,Offer,Working Hours,8 hours
25,train,29,Employer,let's work on pension fund,Query,Offer,Pension Fund
25,train,30,Candidate,I would like a pension of 20%,Offer,Pension Fund,20%
25,train,31,Employer,I agree,Accept,,True
25,train,32,Candidate,I'm happy that you accept,Other,,
25,train,33,Candidate,I would like a workday of 8 hours,Offer,Working Hours,8 hours
25,train,34,Candidate,I am willing to have a workday of 8 hours,Offer,Working Hours,8 hours
25,train,35,Candidate,I would like a workday of 8 hours,Offer,Working Hours,8 hours
25,train,36,Employer,Could you at least work 10 hour days on friday?,Offer,Working Hours,10 hours
25,train,37,Candidate,I refuse 10 hours. I want a workday of 8 hours,Reject,Working Hours,10 hours
25,train,37,Candidate,I refuse 10 hours. I want a workday of 8 hours,Offer,Working Hours,8 hours
25,train,38,Employer,Can you work overtime on Sunday?,Other,,
25,train,39,Candidate,I want a workday of 8 hours,Offer,Working Hours,8 hours
25,train,40,Employer,Obviously not Saturday due to it being the Sabbath.,Other,,
25,train,41,Candidate,"I am willing to have a workday of 9 hours. But I must change our previous agreement. I would like a position of team manager, I am expecting a fast promotion track and I want a salary of 120,000",Offer,Working Hours,9 hours
25,train,41,Candidate,"I am willing to have a workday of 9 hours. But I must change our previous agreement. I would like a position of team manager, I am expecting a fast promotion track and I want a salary of 120,000",Offer,Job Description,Team Manager
25,train,41,Candidate,"I am willing to have a workday of 9 hours. But I must change our previous agreement. I would like a position of team manager, I am expecting a fast promotion track and I want a salary of 120,000",Offer,Promotion Possibilities,Fast promotion track
25,train,41,Candidate,"I am willing to have a workday of 9 hours. But I must change our previous agreement. I would like a position of team manager, I am expecting a fast promotion track and I want a salary of 120,000",Offer,Salary,"120,000 USD"
25,train,42,Candidate,"Sorry, I changed my preferences",Other,,
25,train,43,Candidate,I am willing to have a workday of 8 hours,Offer,Working Hours,8 hours
25,train,44,Employer,"If you want 9 hours I would say the salary would be 60,000 and 9 hours work day",Offer,Salary,"60,000 USD"
25,train,44,Employer,"If you want 9 hours I would say the salary would be 60,000 and 9 hours work day",Offer,Working Hours,9 hours
25,train,45,Candidate,"I refuse. I am willing to have a workday of 8 hours and I would like a salary of 120,000",Reject,,True
25,train,45,Candidate,"I refuse. I am willing to have a workday of 8 hours and I would like a salary of 120,000",Offer,Working Hours,8 hours
25,train,45,Candidate,"I refuse. I am willing to have a workday of 8 hours and I would like a salary of 120,000",Offer,Salary,"120,000 USD"
25,train,46,Employer,8 Hours,Offer,Working Hours,8 hours
25,train,47,Candidate,I accept a workday of 8 hours,Accept,Working Hours,8 hours
25,train,48,Employer,i change my mind,Other,,
25,train,49,Employer,10 Hour work day.,Offer,Working Hours,10 hours
25,train,50,Candidate,I accept 10 hours,Accept,Working Hours,10 hours
25,train,51,Employer,"90,000 salary",Offer,Salary,"90,000 USD"
25,train,52,Candidate,"I disagree about a salary of 90,000. I want a salary of 120,000",Reject,Salary,"90,000 USD"
25,train,52,Candidate,"I disagree about a salary of 90,000. I want a salary of 120,000",Offer,Salary,"120,000 USD"
25,train,53,Employer,"90,000 salary",Offer,Salary,"90,000 USD"
25,train,54,Candidate,"I reject a salary of 90,000. I want a salary of 120,000",Reject,Salary,"90,000 USD"
25,train,54,Candidate,"I reject a salary of 90,000. I want a salary of 120,000",Offer,Salary,"120,000 USD"
25,train,55,Employer,"90,000 salary",Offer,Salary,"90,000 USD"
25,train,56,Candidate,"I refuse 90,000. I would like a salary of 120,000",Reject,Salary,"90,000 USD"
25,train,56,Candidate,"I refuse 90,000. I would like a salary of 120,000",Offer,Salary,"120,000 USD"
25,train,57,Employer,"90,000 salary",Offer,Salary,"90,000 USD"
25,train,58,Candidate,"I refuse 90,000. I am willing to have a salary of 120,000",Reject,Salary,"90,000 USD"
25,train,58,Candidate,"I refuse 90,000. I am willing to have a salary of 120,000",Offer,Salary,"120,000 USD"
25,train,59,Employer,"90,000 salary",Offer,Salary,"90,000 USD"
25,train,60,Candidate,"I disagree about a salary of 90,000. I would like a salary of 120,000",Reject,Salary,"90,000 USD"
25,train,60,Candidate,"I disagree about a salary of 90,000. I would like a salary of 120,000",Offer,Salary,"120,000 USD"
25,train,61,Employer,"60,000 salary",Offer,Salary,"60,000 USD"
25,train,62,Candidate,"I refuse 60,000. I would like a salary of 120,000",Reject,Salary,"60,000 USD"
25,train,62,Candidate,"I refuse 60,000. I would like a salary of 120,000",Offer,Salary,"120,000 USD"
25,train,63,Employer,"60,000 salary is all I can offer.",Offer,Salary,"60,000 USD"
25,train,64,Candidate,"I reject a salary of 60,000. I am expecting a salary of 120,000",Reject,Salary,"60,000 USD"
25,train,64,Candidate,"I reject a salary of 60,000. I am expecting a salary of 120,000",Offer,Salary,"120,000 USD"
25,train,65,Employer,"How about we meet at 90,000?",Offer,Salary,"90,000 USD"
25,train,66,Candidate,"I reject a salary of 90,000. I am expecting a salary of 120,000",Reject,Salary,"90,000 USD"
25,train,66,Candidate,"I reject a salary of 90,000. I am expecting a salary of 120,000",Offer,Salary,"120,000 USD"
25,train,67,Employer,"it has to be 90,000",Offer,Salary,"90,000 USD"
25,train,68,Candidate,"I disagree about a salary of 90,000. I would like a salary of 120,000",Reject,Salary,"90,000 USD"
25,train,68,Candidate,"I disagree about a salary of 90,000. I would like a salary of 120,000",Offer,Salary,"120,000 USD"
25,train,69,Employer,"what about 120,000",Offer,Salary,"120,000 USD"
25,train,70,Candidate,I'm happy that you accept. We can sign the agreement now. Please pick the values in the agreement draft and press Sign.,Other,,
25,train,71,Employer,"I change my mind, it has to be 90,000",Offer,Salary,"90,000 USD"
25,train,72,Candidate,"I accept 90,000",Accept,Salary,"90,000 USD"
26,train,0,Candidate,Hello. I would like to discuss the issues of my contract.,Greet,,True
26,train,1,Candidate,I would like a position of project manager,Offer,Job Description,Project Manager
26,train,2,Employer,Hello,Greet,,True
26,train,3,Candidate,I want a position of project manager,Offer,Job Description,Project Manager
26,train,4,Employer,I am offering programmer,Offer,Job Description,Programmer
26,train,5,Candidate,I refuse programmer position. I demand a position of project manager,Reject,Job Description,Programmer
26,train,5,Candidate,I refuse programmer position. I demand a position of project manager,Offer,Job Description,Project Manager
26,train,6,Candidate,I am willing to have a position of project manager,Offer,Job Description,Project Manager
26,train,7,Candidate,I would like a position of project manager,Offer,Job Description,Project Manager
26,train,8,Employer,I have assigned that position to you,Accept,,
26,train,9,Candidate,It's great that you agree,Other,,
26,train,10,Candidate,"I demand a salary of 120,000",Offer,Salary,"120,000 USD"
26,train,11,Employer,"I am offering 60,000",Offer,Salary,"60,000 USD"
26,train,12,Candidate,"I agree with a salary of 60,000. I would like to move on. I demand a workday of 8 hours",Accept,Salary,"60,000 USD"
26,train,12,Candidate,"I agree with a salary of 60,000. I would like to move on. I demand a workday of 8 hours",Offer,Working Hours,8 hours
26,train,13,Candidate,I want a workday of 8 hours,Offer,Working Hours,8 hours
26,train,14,Employer,Okay. We will do that.,Accept,,True
26,train,15,Candidate,It's good to reach an agreement on this,Other,,
26,train,16,Candidate,I demand a pension of 20%,Offer,Pension Fund,20%
26,train,17,Employer,That would be 10%,Offer,Pension Fund,10%
26,train,18,Candidate,I agree with a pension of 10%. Let's proceed to another issue. I am willing to have a fast promotion track,Accept,Pension Fund,10%
26,train,18,Candidate,I agree with a pension of 10%. Let's proceed to another issue. I am willing to have a fast promotion track,Offer,Promotion Possibilities,Fast promotion track
26,train,19,Employer,Okay,Accept,,True
26,train,20,Candidate,It's good to reach an agreement on this,Other,,
26,train,21,Candidate,I demand a company car,Offer,Leased Car,With leased car
26,train,22,Employer,I would like to revise the working hours. I need it to be 9,Offer,Working Hours,9 hours
26,train,23,Candidate,I refuse 9 hours. I am willing to have a workday of 8 hours,Reject,Working Hours,9 hours
26,train,23,Candidate,I refuse 9 hours. I am willing to have a workday of 8 hours,Offer,Working Hours,8 hours
26,train,24,Employer,Then I am afraid we won't be reaching an agreement,Quit,,True
26,train,25,Candidate,I am willing to have a company car,Offer,Leased Car,With leased car
26,train,26,Employer,I am not offering that ,Reject,,True
26,train,27,Candidate,I demand no agreement on leased car,Offer,Leased Car,No agreement
26,train,28,Employer,Okay,Accept,,True
26,train,29,Candidate,I'm happy that you accept,Other,,
26,train,30,Employer,What about the working hours?,Query,Offer,Working Hours
26,train,31,Candidate,I am willing to have a workday of 8 hours,Offer,Working Hours,8 hours
26,train,32,Employer,But I am not willing to agree on that.,Reject,,True
26,train,33,Candidate,I want a workday of 9 hours,Offer,Working Hours,9 hours
26,train,34,Employer,Okay. That sounds good.,Accept,,True
26,train,35,Candidate,I'm happy that you accept,Other,,
26,train,36,Employer,Should we sign the agreement then?,Other,,
27,train,0,Candidate,Hello. I would like to discuss the issues of my contract.,Greet,,True
27,train,1,Candidate,I am willing to have a position of project manager,Offer,Job Description,Project Manager
27,train,2,Employer,"Tell me why you are qualified? With your amount of your experience, you can qualify for a Project Manager",Query,Offer,Job Description
27,train,3,Candidate,I would like a position of project manager,Offer,Job Description,Project Manager
27,train,4,Employer,"Hmmm, how about QA before I hire you as Project Manager?",Offer,Job Description,QA
27,train,5,Candidate,I refuse qa position. I want a position of project manager,Reject,Job Description,QA
27,train,5,Candidate,I refuse qa position. I want a position of project manager,Offer,Job Description,Project Manager
27,train,6,Employer,"Well, if you want a project manger, you are going have to work 10 hours since its a very demanding position.",Offer,Job Description,Project Manager
27,train,6,Employer,"Well, if you want a project manger, you are going have to work 10 hours since its a very demanding position.",Offer,Working Hours,10 hours
27,train,7,Candidate,I reject the previous offer. I am expecting a workday of 8 hours and I am expecting a position of programmer,Reject,,True
27,train,7,Candidate,I reject the previous offer. I am expecting a workday of 8 hours and I am expecting a position of programmer,Offer,Working Hours,8 hours
27,train,7,Candidate,I reject the previous offer. I am expecting a workday of 8 hours and I am expecting a position of programmer,Offer,Job Description,Programmer
27,train,8,Candidate,"Sorry, I changed my preferences",Other,,
27,train,9,Candidate,I am willing to have a position of project manager,Offer,Job Description,Project Manager
27,train,10,Employer,"No, you might might be allowed to be a Team Manger with just 9 hours of work.",Offer,Job Description,Team Manager
27,train,10,Employer,"No, you might might be allowed to be a Team Manger with just 9 hours of work.",Offer,Working Hours,9 hours
27,train,10,Employer,"No, you might might be allowed to be a Team Manger with just 9 hours of work.",Reject,,True
27,train,11,Candidate,I disagree with the offer. I would like a workday of 8 hours and I would like a position of project manager,Reject,,True
27,train,11,Candidate,I disagree with the offer. I would like a workday of 8 hours and I would like a position of project manager,Offer,Working Hours,8 hours
27,train,11,Candidate,I disagree with the offer. I would like a workday of 8 hours and I would like a position of project manager,Offer,Job Description,Project Manager
27,train,12,Employer,"Sorry, as I said again, if you want to be a project manger, you need to work at least 10 hours.",Offer,Job Description,Project Manager
27,train,12,Employer,"Sorry, as I said again, if you want to be a project manger, you need to work at least 10 hours.",Offer,Working Hours,10 hours
27,train,12,Employer,"Sorry, as I said again, if you want to be a project manger, you need to work at least 10 hours.",Reject,,True
27,train,13,Candidate,I disagree. I want a workday of 8 hours and I would like a position of programmer,Reject,,True
27,train,13,Candidate,I disagree. I want a workday of 8 hours and I would like a position of programmer,Offer,Working Hours,8 hours
27,train,13,Candidate,I disagree. I want a workday of 8 hours and I would like a position of programmer,Offer,Job Description,Programmer
27,train,14,Candidate,I would like a position of programmer,Offer,Job Description,Programmer
27,train,15,Employer,For how many hours?,Query,Offer,Working Hours
27,train,16,Candidate,I want a workday of 8 hours,Offer,Working Hours,8 hours
27,train,17,Employer,"I see, but employees that work 9 hours, get a leased car and a track",Offer,Leased Car,With leased car
27,train,17,Employer,"I see, but employees that work 9 hours, get a leased car and a track",Offer,Working Hours,9 hours
27,train,18,Candidate,I accept the previous offer. I would like to continue and discuss another issue. I am expecting a position of project manager,Accept,,True
27,train,18,Candidate,I accept the previous offer. I would like to continue and discuss another issue. I am expecting a position of project manager,Offer,Job Description,Project Manager
27,train,19,Employer,"You said you wanted to be a Programmer, not a Project Manager",Offer,Job Description,Programmer
27,train,20,Candidate,"I accept programmer position. Now let's talk about how we can agree on other issues. I would like a salary of 120,000",Accept,Job Description,Programmer
27,train,20,Candidate,"I accept programmer position. Now let's talk about how we can agree on other issues. I would like a salary of 120,000",Offer,Salary,"120,000 USD"
27,train,21,Employer,"You understand Programmers, do not make that much money. The average pay of a Programmer is $60,000",Reject,,
27,train,21,Employer,"You understand Programmers, do not make that much money. The average pay of a Programmer is $60,000",Offer,Salary,"60,000 USD"
27,train,22,Candidate,"I refuse 60,000",Reject,Salary,"60,000 USD"
27,train,23,Employer,"However, your salary can jump if you work more hours.",Other,,
27,train,24,Employer,Let',Other,,
27,train,25,Employer,Let's not waste time. I will try to give you a FAIR offer.,Other,,
27,train,26,Employer,"I will give 90,000, give u a team manger position, without a leased car, HOWEVER u get a Pension Fund, a Track, but you work 9 hours",Offer,Job Description,Team Manager
27,train,26,Employer,"I will give 90,000, give u a team manger position, without a leased car, HOWEVER u get a Pension Fund, a Track, but you work 9 hours",Offer,Leased Car,Without leased car
27,train,26,Employer,"I will give 90,000, give u a team manger position, without a leased car, HOWEVER u get a Pension Fund, a Track, but you work 9 hours",Offer,Salary,"90,000 USD"
27,train,26,Employer,"I will give 90,000, give u a team manger position, without a leased car, HOWEVER u get a Pension Fund, a Track, but you work 9 hours",Offer,Working Hours,9 hours
27,train,27,Candidate,"I refuse. I would like a workday of 8 hours, I would like a company car, I am willing to have a position of project manager and I am expecting a salary of 120,000",Reject,,True
27,train,27,Candidate,"I refuse. I would like a workday of 8 hours, I would like a company car, I am willing to have a position of project manager and I am expecting a salary of 120,000",Offer,Working Hours,8 hours
27,train,27,Candidate,"I refuse. I would like a workday of 8 hours, I would like a company car, I am willing to have a position of project manager and I am expecting a salary of 120,000",Offer,Leased Car,With leased car
27,train,27,Candidate,"I refuse. I would like a workday of 8 hours, I would like a company car, I am willing to have a position of project manager and I am expecting a salary of 120,000",Offer,Job Description,Project Manager
27,train,27,Candidate,"I refuse. I would like a workday of 8 hours, I would like a company car, I am willing to have a position of project manager and I am expecting a salary of 120,000",Offer,Salary,"120,000 USD"
27,train,28,Employer,"That is fair, straight down the middle for me.",Other,,
27,train,29,Employer,"You understand bargaining is about mixing pros and cons, you can't get everything you want, and I will wait the entire 60 mins, until you realized that.",Other,,
27,train,30,Candidate,I want a pension of 20%,Offer,Pension Fund,20%
27,train,31,Candidate,I am expecting a pension of 20%,Offer,Pension Fund,20%
27,train,32,Employer,How much does that add for you?,Other,,
27,train,33,Employer,That adds 30 for me,Other,,
27,train,34,Candidate,I would like a pension of 20%,Offer,Pension Fund,20%
27,train,35,Employer,"Fine, pension of 20%.",Accept,Pension Fund,20%
27,train,36,Candidate,It's good to reach an agreement on 20%,Other,,
27,train,37,Candidate,"I want a salary of 120,000",Offer,Salary,"120,000 USD"
27,train,38,Employer,"How about 90,000, I just gave you a 20% pension fund.",Offer,Salary,"90,000 USD"
27,train,39,Candidate,"I agree with a salary of 90,000. Let's proceed to another issue. I am expecting a fast promotion track",Accept,Salary,"90,000 USD"
27,train,39,Candidate,"I agree with a salary of 90,000. Let's proceed to another issue. I am expecting a fast promotion track",Offer,Promotion Possibilities,Fast promotion track
27,train,40,Employer,That is fine.,Accept,,True
27,train,41,Candidate,I'm happy that you accept. We can sign the agreement now. Please pick the values in the agreement draft and press Sign.,Other,,
27,train,42,Employer,We didn't decide on a Leased Car and Working Hours,Query,Offer,Leased Car
27,train,43,Candidate,I would like a company car,Offer,Leased Car,With leased car
27,train,44,Employer,"Fine, but you will need to work 9 hours.",Accept,,True
27,train,44,Employer,"Fine, but you will need to work 9 hours.",Offer,Working Hours,9 hours
27,train,45,Candidate,I agree with the offer,Accept,,True
27,train,46,Employer,"I will let you be a team Manger or QA, your choice",Offer,Job Description,Team Manager
27,train,47,Candidate,I want a position of project manager,Offer,Job Description,Project Manager
27,train,48,Employer,QA or Team Manger,Offer,Job Description,Team Manager
27,train,49,Candidate,I accept the previous offer,Accept,,True
28,train,0,Candidate,Hello. I would like to discuss the issues of my contract.,Greet,,True
28,train,1,Candidate,I would like a position of project manager,Offer,Job Description,Project Manager
28,train,2,Candidate,I am expecting a position of project manager,Offer,Job Description,Project Manager
28,train,3,Employer,"Understood!  The introductory salary is 60,000 USD, is this acceptable? ",Offer,Salary,"60,000 USD"
28,train,4,Candidate,"I accept 60,000. I would like to continue and discuss another issue. I want a position of project manager",Accept,Salary,"60,000 USD"
28,train,4,Candidate,"I accept 60,000. I would like to continue and discuss another issue. I want a position of project manager",Offer,Job Description,Project Manager
28,train,5,Employer,I accept project manager. ,Accept,Job Description,Project Manager
28,train,6,Candidate,It's good to reach an agreement on project manager,Other,,
28,train,7,Candidate,I want a company car,Offer,Leased Car,With leased car
28,train,8,Employer,"I do not accept leased car, can you manage without one? ",Offer,Leased Car,Without leased car
28,train,8,Employer,"I do not accept leased car, can you manage without one? ",Reject,Leased Car,With leased car
28,train,9,Candidate,I reject no company car. I would like a company car,Reject,Leased Car,Without leased car
28,train,9,Candidate,I reject no company car. I would like a company car,Offer,Leased Car,With leased car
28,train,10,Candidate,I demand a company car,Offer,Leased Car,With leased car
28,train,11,Employer,I accept company car. Will you be able to work 10 hours?,Accept,Leased Car,With leased car
28,train,11,Employer,I accept company car. Will you be able to work 10 hours?,Offer,Working Hours,10 hours
28,train,12,Candidate,I reject the previous offer. I want no agreement on leased car and I am expecting a workday of 8 hours,Reject,,True
28,train,12,Candidate,I reject the previous offer. I want no agreement on leased car and I am expecting a workday of 8 hours,Offer,Leased Car,No agreement
28,train,12,Candidate,I reject the previous offer. I want no agreement on leased car and I am expecting a workday of 8 hours,Offer,Working Hours,8 hours
28,train,13,Employer,I reject 8 hours.  I offer 9 hours.,Offer,Working Hours,9 hours
28,train,13,Employer,I reject 8 hours.  I offer 9 hours.,Reject,Working Hours,8 hours
28,train,14,Candidate,I agree with a workday of 9 hours. Now let's talk about how we can agree on other issues. I demand a company car,Accept,Working Hours,9 hours
28,train,14,Candidate,I agree with a workday of 9 hours. Now let's talk about how we can agree on other issues. I demand a company car,Offer,Leased Car,With leased car
28,train,15,Employer,I offer no agreement on company car.,Offer,Leased Car,No agreement
28,train,16,Candidate,I reject no agreement on leased car. I would like a company car,Reject,Leased Car,No agreement
28,train,16,Candidate,I reject no agreement on leased car. I would like a company car,Offer,Leased Car,With leased car
28,train,17,Employer,I offer 10% pension fund.,Offer,Pension Fund,10%
28,train,18,Candidate,I reject a pension of 10%. I demand a pension of 20%,Reject,Pension Fund,10%
28,train,18,Candidate,I reject a pension of 10%. I demand a pension of 20%,Offer,Pension Fund,20%
28,train,19,Employer,I accept company car.,Offer,Leased Car,With leased car
28,train,20,Candidate,I accept a company car. Let's proceed to another issue. I am expecting a fast promotion track,Accept,Leased Car,With leased car
28,train,20,Candidate,I accept a company car. Let's proceed to another issue. I am expecting a fast promotion track,Offer,Promotion Possibilities,Fast promotion track
28,train,21,Employer,I accept fast promotion track.,Accept,Promotion Possibilities,Fast promotion track
28,train,22,Candidate,I'm happy that you accept the fast promotion track,Other,,
28,train,23,Candidate,I would like a pension of 20%,Offer,Pension Fund,20%
28,train,24,Employer,I offer pension of 10%.,Offer,Pension Fund,10%
28,train,25,Candidate,I refuse 10%. I am willing to have a pension of 20%,Reject,Pension Fund,10%
28,train,25,Candidate,I refuse 10%. I am willing to have a pension of 20%,Offer,Pension Fund,20%
28,train,26,Employer,I accept 20%.,Accept,Pension Fund,20%
28,train,27,Candidate,I'm happy that you accept. We can sign the agreement now. Please pick the values in the agreement draft and press Sign.,Other,,
29,train,0,Candidate,Hello. I would like to discuss the issues of my contract.,Greet,,True
29,train,1,Candidate,I am expecting a position of project manager,Offer,Job Description,Project Manager
29,train,2,Employer,We currently have a postion open for a project manger.  W're considering several people.,Offer,Job Description,Project Manager
29,train,3,Candidate,I would like a position of project manager,Offer,Job Description,Project Manager
29,train,4,Employer,More than likely tho there are more qualified people.  We are in need of several programmers tho.,Offer,Job Description,Programmer
29,train,5,Candidate,I disagree about a position of programmer. I want a position of project manager,Reject,Job Description,Programmer
29,train,5,Candidate,I disagree about a position of programmer. I want a position of project manager,Offer,Job Description,Project Manager
29,train,6,Candidate,I demand a position of project manager,Offer,Job Description,Project Manager
29,train,7,Employer,"What do you think would qualify you as project manager? I do agree that programmer might be a bit low, but Project manager is something we take very seriously.",Reject,Job Description,Project Manager
29,train,8,Candidate,I want a position of project manager,Offer,Job Description,Project Manager
29,train,9,Employer,"If there is not reason that we should offer you that job, I'm sorry, but we can not higher you as a project manager.",Reject,Job Description,Project Manager
29,train,10,Candidate,I demand a position of team manager,Offer,Job Description,Team Manager
29,train,11,Candidate,I want a position of team manager,Offer,Job Description,Team Manager
29,train,12,Employer,We have no open spots for team managers at this moment.  We do however have openings for QA if you are not interesting in being a programmer.,Offer,Job Description,QA
29,train,12,Employer,We have no open spots for team managers at this moment.  We do however have openings for QA if you are not interesting in being a programmer.,Reject,Job Description,Team Manager
29,train,13,Candidate,I reject a position of qa. I demand a position of project manager,Reject,Job Description,QA
29,train,13,Candidate,I reject a position of qa. I demand a position of project manager,Offer,Job Description,Project Manager
29,train,14,Employer,"As stated ealier, we do not feel you are suited for project manager.",Reject,Job Description,Project Manager
29,train,15,Candidate,I want a position of team manager,Offer,Job Description,Team Manager
29,train,16,Employer,We have an opening as a QA.,Offer,Job Description,QA
29,train,17,Candidate,I refuse qa position. I demand a position of project manager,Reject,Job Description,QA
29,train,17,Candidate,I refuse qa position. I demand a position of project manager,Offer,Job Description,Project Manager
29,train,18,Employer,"If we feel you are suited for team manger we may consider you, let's go with that for now.",Offer,Job Description,Team Manager
29,train,19,Candidate,"I accept team manager position. Now let's talk about how we can agree on other issues. I demand a salary of 120,000",Accept,Job Description,Team Manager
29,train,19,Candidate,"I accept team manager position. Now let's talk about how we can agree on other issues. I demand a salary of 120,000",Offer,Salary,"120,000 USD"
29,train,20,Employer,"A salary of 120,00 is exclusively for project manager, 90,000 would be as high as we allow.",Offer,Salary,"90,000 USD"
29,train,20,Employer,"A salary of 120,00 is exclusively for project manager, 90,000 would be as high as we allow.",Reject,Salary,"120,000 USD"
29,train,21,Candidate,"I accept 90,000. I would like to move on. I demand a workday of 8 hours",Accept,Salary,"90,000 USD"
29,train,21,Candidate,"I accept 90,000. I would like to move on. I demand a workday of 8 hours",Offer,Working Hours,8 hours
29,train,22,Employer,As a team manger you are expected to work more than others.  10 hours would be normal.,Offer,Working Hours,10 hours
29,train,23,Candidate,I accept a workday of 10 hours. Let's discuss another issue. I want a pension of 20%,Accept,Working Hours,10 hours
29,train,23,Candidate,I accept a workday of 10 hours. Let's discuss another issue. I want a pension of 20%,Offer,Pension Fund,20%
29,train,24,Employer,That is acceptable.,Accept,,True
29,train,25,Candidate,I'm happy that you accept,Other,,
29,train,26,Candidate,I want a fast promotion track,Offer,Promotion Possibilities,Fast promotion track
29,train,27,Employer,That is also acceptable.,Accept,,True
29,train,28,Candidate,It's good to reach an agreement on this,Other,,
29,train,29,Candidate,I am expecting a company car,Offer,Leased Car,With leased car
29,train,30,Candidate,I would like a company car,Offer,Leased Car,With leased car
29,train,31,Employer,This is normally something reserved just for project managers.,Reject,,True
29,train,32,Candidate,I am willing to have no agreement on leased car,Offer,Leased Car,No agreement
29,train,33,Employer,That it fine.,Accept,,True
29,train,34,Candidate,It's great that you agree,Other,,
3,train,0,Candidate,Hello. I would like to discuss the issues of my contract.,Greet,,True
3,train,1,Candidate,"I want a salary of 120,000",Offer,Salary,"120,000 USD"
3,train,2,Employer,"I will need to start you at a salary of 60,000 and we can work from there.",Offer,Salary,"60,000 USD"
3,train,3,Candidate,"I reject the previous offer. I demand a salary of 120,000",Reject,,True
3,train,3,Candidate,"I reject the previous offer. I demand a salary of 120,000",Offer,Salary,"120,000 USD"
3,train,4,Employer,"I will not give you a salary of any higher than 90,000",Offer,Salary,"90,000 USD"
3,train,5,Candidate,I agree with the offer about the salary. I would like to continue and discuss another issue. I want a position of project manager,Accept,,
3,train,5,Candidate,I agree with the offer about the salary. I would like to continue and discuss another issue. I want a position of project manager,Offer,Job Description,Project Manager
3,train,6,Employer,"I understand how important that position is to you, but I would like to start you as a Programmer and work up from there",Offer,Job Description,Programmer
3,train,7,Candidate,I disagree about a position of programmer. I am expecting a position of project manager,Reject,Job Description,Programmer
3,train,7,Candidate,I disagree about a position of programmer. I am expecting a position of project manager,Offer,Job Description,Project Manager
3,train,8,Employer,I can not offer you a position any higher than QA.,Offer,Job Description,QA
3,train,9,Candidate,I disagree about a position of qa. I demand a position of project manager,Reject,Job Description,QA
3,train,9,Candidate,I disagree about a position of qa. I demand a position of project manager,Offer,Job Description,Project Manager
3,train,10,Employer,I can not hire you for any position above QA.,Offer,Job Description,QA
3,train,10,Employer,I can not hire you for any position above QA.,Reject,,True
3,train,11,Candidate,I disagree about a position of qa. I am willing to have a position of project manager,Reject,Job Description,QA
3,train,11,Candidate,I disagree about a position of qa. I am willing to have a position of project manager,Offer,Job Description,Project Manager
3,train,12,Employer,How about Team Manager?,Offer,Job Description,Team Manager
3,train,13,Candidate,I accept team manager position. Let's discuss another issue. I am expecting a pension of 20%,Accept,Job Description,Team Manager
3,train,13,Candidate,I accept team manager position. Let's discuss another issue. I am expecting a pension of 20%,Offer,Pension Fund,20%
3,train,14,Employer,I accept a pension of 20%,Accept,Pension Fund,20%
3,train,15,Candidate,I'm happy that you accept,Other,,
3,train,16,Candidate,I am expecting a workday of 8 hours,Offer,Working Hours,8 hours
3,train,17,Candidate,I am expecting a workday of 8 hours,Offer,Working Hours,8 hours
3,train,18,Employer,You will need to work 10 hours.,Offer,Working Hours,10 hours
3,train,19,Candidate,I reject the offer about the working hours. I am expecting a workday of 8 hours,Reject,,
3,train,19,Candidate,I reject the offer about the working hours. I am expecting a workday of 8 hours,Offer,Working Hours,8 hours
3,train,20,Candidate,I demand a workday of 8 hours,Offer,Working Hours,8 hours
3,train,21,Employer,I will not hire you for any less than 9 hours.,Offer,Working Hours,9 hours
3,train,22,Candidate,I reject the offer about the working hours. I demand a workday of 8 hours,Reject,,
3,train,22,Candidate,I reject the offer about the working hours. I demand a workday of 8 hours,Offer,Working Hours,8 hours
3,train,23,Employer,I reject your demand of 8 hours. You need to work 9 hours or I will not hire you.,Offer,Working Hours,9 hours
3,train,23,Employer,I reject your demand of 8 hours. You need to work 9 hours or I will not hire you.,Reject,Working Hours,8 hours
3,train,24,Candidate,I reject the offer about the working hours. I am willing to have a workday of 8 hours,Reject,,
3,train,24,Candidate,I reject the offer about the working hours. I am willing to have a workday of 8 hours,Offer,Working Hours,8 hours
3,train,25,Employer,"Okay, I will give you an 8 hour work week if you are on Slow promotion track.",Offer,Promotion Possibilities,Slow promotion track
3,train,25,Employer,"Okay, I will give you an 8 hour work week if you are on Slow promotion track.",Offer,Working Hours,8 hours
3,train,26,Candidate,I agree. Now let's talk about how we can agree on other issues. I demand a company car,Accept,,True
3,train,26,Candidate,I agree. Now let's talk about how we can agree on other issues. I demand a company car,Offer,Leased Car,With leased car
3,train,27,Candidate,I am willing to have a company car,Offer,Leased Car,With leased car
3,train,28,Employer,"If you get a company car, you will be a Programmer.",Offer,Job Description,Programmer
3,train,28,Employer,"If you get a company car, you will be a Programmer.",Offer,Leased Car,With leased car
3,train,29,Candidate,I accept the previous offer,Accept,,True
3,train,30,Candidate,I guess we discuss everything and we can sign the agreement,Other,,
3,train,31,Employer,"Alright, it looks like we have a complete agreement. Are you ready to sign?",Other,,
30,train,0,Candidate,Hello. I would like to discuss the issues of my contract.,Greet,,True
30,train,1,Candidate,I want a position of project manager,Offer,Job Description,Project Manager
30,train,2,Employer,"Hello, I would like to hire you and here's what I'm willing to offer at the moment. I hope we can reach an agreement soon! Hope to hear from you soon.",Greet,,True
30,train,3,Candidate,I am expecting a position of project manager,Offer,Job Description,Project Manager
30,train,4,Employer,"I will put you on the fast promotion track to get there, but you need to prove your worth first.",Offer,Promotion Possibilities,Fast promotion track
30,train,5,Candidate,I accept a fast promotion track. I would like to continue and discuss another issue. I want a position of project manager,Accept,Promotion Possibilities,Fast promotion track
30,train,5,Candidate,I accept a fast promotion track. I would like to continue and discuss another issue. I want a position of project manager,Offer,Job Description,Project Manager
30,train,6,Employer,How about starting as team manager and working your way up for a few months?,Offer,Job Description,Team Manager
30,train,7,Candidate,"I accept team manager position. Now let's talk about how we can agree on other issues. I am willing to have a salary of 120,000",Accept,Job Description,Team Manager
30,train,7,Candidate,"I accept team manager position. Now let's talk about how we can agree on other issues. I am willing to have a salary of 120,000",Offer,Salary,"120,000 USD"
30,train,8,Employer,You need some experience first.,Other,,
30,train,9,Employer,"I'm willing to compromise a bit on the salary, but you need to meet me halfway. How about 90,000?",Offer,Salary,"90,000 USD"
30,train,10,Candidate,"I accept a salary of 90,000. Now let's talk about how we can agree on other issues. I am expecting a company car",Accept,Salary,"90,000 USD"
30,train,10,Candidate,"I accept a salary of 90,000. Now let's talk about how we can agree on other issues. I am expecting a company car",Offer,Leased Car,With leased car
30,train,11,Candidate,I am willing to have a company car,Offer,Leased Car,With leased car
30,train,12,Employer,All the company cars are used up at the moment. Once you get a promotion you will get a company car. For now You will have to go without a car. Is that ok?,Reject,Leased Car,With leased car
30,train,13,Candidate,I am expecting a company car,Offer,Leased Car,With leased car
30,train,14,Employer,If you accept 10%  then I will give you a company car.,Offer,Leased Car,With leased car
30,train,14,Employer,If you accept 10%  then I will give you a company car.,Offer,Pension Fund,10%
30,train,15,Candidate,I accept the previous offer. I would like to move on. I am willing to have a workday of 8 hours,Accept,,True
30,train,15,Candidate,I accept the previous offer. I would like to move on. I am willing to have a workday of 8 hours,Offer,Working Hours,8 hours
30,train,16,Employer,I need you to work 10 hours because you are the team manager.,Offer,Working Hours,10 hours
30,train,17,Candidate,I reject a workday of 10 hours,Reject,Working Hours,10 hours
30,train,18,Employer,9 hours is the lowest I will go.,Offer,Working Hours,9 hours
30,train,19,Candidate,I refuse 9 hours,Reject,Working Hours,9 hours
30,train,20,Employer,I hope you reconsider.,Reject,,True
30,train,21,Candidate,I want a fast promotion track,Offer,Promotion Possibilities,Fast promotion track
30,train,22,Employer,"You asked for 8 hours, I countered with 10 hours. I think it's fair to meet in the middle?",Offer,Working Hours,9 hours
30,train,23,Candidate,I refuse 9 hours,Reject,Working Hours,9 hours
30,train,24,Employer,"I gave you a fast promotion track, but you need to work at least 9 hours for me.",Offer,Promotion Possibilities,Fast promotion track
30,train,24,Employer,"I gave you a fast promotion track, but you need to work at least 9 hours for me.",Offer,Working Hours,9 hours
30,train,25,Candidate,I disagree,Reject,,True
30,train,26,Employer,Is there any way you will work more than 8 hours?,Offer,Working Hours,9 hours
30,train,27,Candidate,I disagree about a workday of 9 hours,Reject,Working Hours,9 hours
30,train,28,Employer,"Would you work 10 hours for 120,000?",Offer,Salary,"120,000 USD"
30,train,28,Employer,"Would you work 10 hours for 120,000?",Offer,Working Hours,10 hours
30,train,29,Candidate,I reject the previous offer,Reject,,True
30,train,30,Employer,or if I increased something else?,Other,,
30,train,31,Employer,If I promoted you to project manager would you work 10 hours?,Offer,Job Description,Project Manager
30,train,31,Employer,If I promoted you to project manager would you work 10 hours?,Offer,Working Hours,10 hours
30,train,32,Candidate,I agree. Now let's talk about how we can agree on other issues. I am expecting a company car,Accept,,True
30,train,32,Candidate,I agree. Now let's talk about how we can agree on other issues. I am expecting a company car,Offer,Leased Car,With leased car
30,train,33,Employer,You can have a company car. It's a done deal. ,Accept,Leased Car,With leased car
30,train,34,Candidate,I'm happy that you accept. We can sign the agreement now. Please pick the values in the agreement draft and press Sign.,Other,,
30,train,35,Employer,Welcome to the team! You're hired.,Other,,
30,train,36,Employer,"Thank you, you too!",Other,,
31,train,0,Candidate,Hello. I would like to discuss the issues of my contract.,Greet,,True
31,train,1,Candidate,I would like a position of project manager,Offer,Job Description,Project Manager
31,train,2,Employer,Programmer,Offer,Job Description,Programmer
31,train,3,Candidate,"I accept a position of programmer. Now let's talk about how we can agree on other issues. I would like a salary of 120,000",Accept,Job Description,Programmer
31,train,3,Candidate,"I accept a position of programmer. Now let's talk about how we can agree on other issues. I would like a salary of 120,000",Offer,Salary,"120,000 USD"
31,train,4,Employer,"90,000 USD",Offer,Salary,"90,000 USD"
31,train,5,Candidate,"I reject a salary of 90,000. I would like a salary of 120,000",Reject,Salary,"90,000 USD"
31,train,5,Candidate,"I reject a salary of 90,000. I would like a salary of 120,000",Offer,Salary,"120,000 USD"
31,train,6,Employer,ok,Accept,,True
31,train,7,Candidate,It's good to reach an agreement on this,Other,,
31,train,8,Candidate,I want a company car,Offer,Leased Car,With leased car
31,train,9,Employer,no,Reject,,True
31,train,10,Candidate,I am willing to have no agreement on leased car,Offer,Leased Car,No agreement
31,train,11,Employer,ok,Accept,,True
31,train,12,Candidate,It's great that you agree,Other,,
31,train,13,Candidate,I would like a fast promotion track,Offer,Promotion Possibilities,Fast promotion track
31,train,14,Employer,ok,Accept,,True
31,train,15,Candidate,It's good to reach an agreement on this,Other,,
31,train,16,Candidate,I am expecting a workday of 8 hours,Offer,Working Hours,8 hours
31,train,17,Employer,10 hours,Offer,Working Hours,10 hours
31,train,18,Candidate,I disagree about a workday of 10 hours. I am expecting a workday of 8 hours,Reject,Working Hours,10 hours
31,train,18,Candidate,I disagree about a workday of 10 hours. I am expecting a workday of 8 hours,Offer,Working Hours,8 hours
31,train,19,Employer,ok,Accept,,True
31,train,20,Candidate,I'm happy that you accept,Other,,
31,train,21,Candidate,I am expecting a pension of 20%,Offer,Pension Fund,20%
31,train,22,Employer,no,Reject,,True
31,train,23,Candidate,What do you have to offer?,Query,,
31,train,24,Employer,10,Offer,Working Hours,10 hours
31,train,25,Candidate,I refuse 10 hours. I am willing to have a workday of 8 hours,Reject,Working Hours,10 hours
31,train,25,Candidate,I refuse 10 hours. I am willing to have a workday of 8 hours,Offer,Working Hours,8 hours
31,train,26,Employer,ok,Accept,,True
31,train,27,Candidate,It's good to reach an agreement on this,Other,,
31,train,28,Candidate,I am expecting a pension of 20%,Offer,Pension Fund,20%
31,train,29,Employer,10%,Offer,Pension Fund,10%
31,train,30,Candidate,I accept 10%,Accept,Pension Fund,10%
31,train,31,Employer,0%,Offer,Pension Fund,0%
31,train,32,Candidate,I disagree about a pension of 0%. I want a pension of 20%,Reject,Pension Fund,0%
31,train,32,Candidate,I disagree about a pension of 0%. I want a pension of 20%,Offer,Pension Fund,20%
31,train,33,Employer,0%,Offer,Pension Fund,0%
31,train,34,Candidate,I disagree about a pension of 0%. I am willing to have a pension of 20%,Reject,Pension Fund,0%
31,train,34,Candidate,I disagree about a pension of 0%. I am willing to have a pension of 20%,Offer,Pension Fund,20%
31,train,35,Employer,20%,Offer,Pension Fund,20%
31,train,36,Candidate,I accept a pension of 20%,Accept,Pension Fund,20%
31,train,37,Employer,ok,Other,,
32,train,0,Candidate,Hello. I would like to discuss the issues of my contract.,Greet,,True
32,train,1,Candidate,I am expecting a position of project manager,Offer,Job Description,Project Manager
32,train,2,Employer,hi,Greet,,True
32,train,3,Candidate,I am expecting a position of project manager,Offer,Job Description,Project Manager
32,train,4,Employer,ok what working hours do you have to offer?,Query,Offer,Working Hours
32,train,5,Candidate,I would like a workday of 8 hours,Offer,Working Hours,8 hours
32,train,6,Employer,cand you do 10?,Offer,Working Hours,10 hours
32,train,7,Candidate,I disagree about a workday of 10 hours. I would like a workday of 8 hours,Reject,Working Hours,10 hours
32,train,7,Candidate,I disagree about a workday of 10 hours. I would like a workday of 8 hours,Offer,Working Hours,8 hours
32,train,8,Employer,"what else pension, car?",Query,Offer,Pension Fund
32,train,9,Candidate,I would like a pension of 20%,Offer,Pension Fund,20%
32,train,10,Employer,without car,Offer,Leased Car,Without leased car
32,train,11,Candidate,I accept no company car. Let's discuss another issue. I am expecting a pension of 20%,Accept,Leased Car,Without leased car
32,train,11,Candidate,I accept no company car. Let's discuss another issue. I am expecting a pension of 20%,Offer,Pension Fund,20%
32,train,12,Employer,"if you work 10 hours you go yourself a deal on 20% pension, deal?",Offer,Pension Fund,20%
32,train,12,Employer,"if you work 10 hours you go yourself a deal on 20% pension, deal?",Offer,Working Hours,10 hours
32,train,13,Candidate,I refuse. I am expecting a workday of 8 hours and I want a pension of 10%,Reject,,True
32,train,13,Candidate,I refuse. I am expecting a workday of 8 hours and I want a pension of 10%,Offer,Working Hours,8 hours
32,train,13,Candidate,I refuse. I am expecting a workday of 8 hours and I want a pension of 10%,Offer,Pension Fund,10%
32,train,14,Employer,10% but work with me at least work for a 60K salary?,Offer,Pension Fund,10%
32,train,14,Employer,10% but work with me at least work for a 60K salary?,Offer,Salary,"60,000 USD"
32,train,15,Candidate,"I disagree. I want a salary of 120,000 and I would like a pension of 20%",Reject,,True
32,train,15,Candidate,"I disagree. I want a salary of 120,000 and I would like a pension of 20%",Offer,Salary,"120,000 USD"
32,train,15,Candidate,"I disagree. I want a salary of 120,000 and I would like a pension of 20%",Offer,Pension Fund,20%
32,train,16,Employer,what about a fast promotion tract with a 90k slaray,Offer,Promotion Possibilities,Fast promotion track
32,train,16,Employer,what about a fast promotion tract with a 90k slaray,Offer,Salary,"90,000 USD"
32,train,17,Candidate,I refuse,Reject,,True
32,train,18,Employer,can you do 60 or 90k for salary?,Offer,Salary,"90,000 USD"
32,train,19,Candidate,"I accept 90,000. I would like to continue and discuss another issue. I am willing to have a position of project manager",Accept,Salary,"90,000 USD"
32,train,19,Candidate,"I accept 90,000. I would like to continue and discuss another issue. I am willing to have a position of project manager",Offer,Job Description,Project Manager
32,train,20,Employer,you have a pension for 10%,Offer,Pension Fund,10%
32,train,21,Candidate,I accept 10%. I would like to continue and discuss another issue. I would like a position of project manager,Accept,Pension Fund,10%
32,train,21,Candidate,I accept 10%. I would like to continue and discuss another issue. I would like a position of project manager,Offer,Job Description,Project Manager
32,train,22,Employer,sure,Accept,,True
32,train,23,Candidate,It's good to reach an agreement on this,Other,,
32,train,24,Candidate,I am expecting a fast promotion track,Offer,Promotion Possibilities,Fast promotion track
32,train,25,Employer,what promotion possibilities do you sek,Query,Offer,Promotion Possibilities
32,train,26,Candidate,I would like a fast promotion track,Offer,Promotion Possibilities,Fast promotion track
33,train,0,Candidate,Hello. I would like to discuss the issues of my contract.,Greet,,True
33,train,1,Candidate,"I demand a salary of 120,000",Offer,Salary,"120,000 USD"
33,train,2,Employer,"120,000 sounds good",Accept,Salary,"120,000 USD"
33,train,3,Candidate,"I'm happy that you accept the 120,000 usd",Other,,
33,train,4,Candidate,I am expecting a position of project manager,Offer,Job Description,Project Manager
33,train,5,Employer,project manager sounds great,Accept,Job Description,Project Manager
33,train,6,Candidate,I'm happy that you accept the project manager,Other,,
33,train,7,Candidate,I am willing to have a pension of 20%,Offer,Pension Fund,20%
33,train,8,Employer,Pension of 20% works,Accept,Pension Fund,20%
33,train,9,Candidate,I'm happy that you accept the 20%,Other,,
33,train,10,Candidate,I would like a workday of 8 hours,Offer,Working Hours,8 hours
33,train,11,Employer,How about 10 hours?,Offer,Working Hours,10 hours
33,train,12,Candidate,I accept 10 hours. Now let's talk about how we can agree on other issues. I would like a company car,Accept,Working Hours,10 hours
33,train,12,Candidate,I accept 10 hours. Now let's talk about how we can agree on other issues. I would like a company car,Offer,Leased Car,With leased car
33,train,13,Employer,I'm afraid that is not doable,Reject,,True
33,train,14,Candidate,I am expecting no agreement on leased car,Offer,Leased Car,No agreement
33,train,15,Employer,"How about 60,000 for Programmer?",Offer,Job Description,Programmer
33,train,15,Employer,"How about 60,000 for Programmer?",Offer,Salary,"60,000 USD"
33,train,16,Candidate,"I disagree with the offer. I demand a salary of 120,000 and I would like a position of project manager",Reject,,True
33,train,16,Candidate,"I disagree with the offer. I demand a salary of 120,000 and I would like a position of project manager",Offer,Salary,"120,000 USD"
33,train,16,Candidate,"I disagree with the offer. I demand a salary of 120,000 and I would like a position of project manager",Offer,Job Description,Project Manager
33,train,17,Employer,I can offer you a pension fund of 10%,Offer,Pension Fund,10%
33,train,18,Candidate,I accept the offer about the pension fund. Now let's talk about how we can agree on other issues. I demand a company car,Accept,,
33,train,18,Candidate,I accept the offer about the pension fund. Now let's talk about how we can agree on other issues. I demand a company car,Offer,Leased Car,With leased car
33,train,19,Employer,Programmer offers better promotion possibilities. Please reconsider,Offer,Job Description,Programmer
33,train,20,Candidate,I reject the offer about the job description. I want a position of project manager,Reject,,
33,train,20,Candidate,I reject the offer about the job description. I want a position of project manager,Offer,Job Description,Project Manager
33,train,21,Employer,"Project manager at a salary of 60,000",Offer,Job Description,Project Manager
33,train,21,Employer,"Project manager at a salary of 60,000",Offer,Salary,"60,000 USD"
33,train,22,Candidate,I refuse,Reject,,True
33,train,23,Employer,no company car then,Offer,Leased Car,Without leased car
33,train,24,Candidate,I agree with the offer. Let's proceed to another issue. I want a fast promotion track,Accept,,True
33,train,24,Candidate,I agree with the offer. Let's proceed to another issue. I want a fast promotion track,Offer,Promotion Possibilities,Fast promotion track
33,train,25,Employer,fine,Accept,,True
33,train,26,Candidate,It's good to reach an agreement on this,Other,,
33,train,27,Candidate,"I would like a salary of 120,000",Offer,Salary,"120,000 USD"
33,train,28,Employer,"how about 90,000?",Offer,Salary,"90,000 USD"
33,train,29,Candidate,I agree with the offer about the wage. I would like to continue and discuss another issue. I want a position of project manager,Accept,,
33,train,29,Candidate,I agree with the offer about the wage. I would like to continue and discuss another issue. I want a position of project manager,Offer,Job Description,Project Manager
33,train,30,Employer,"I can guarantee fast track promotion possibilities as a programmer at 90,000",Offer,Job Description,Programmer
33,train,30,Employer,"I can guarantee fast track promotion possibilities as a programmer at 90,000",Offer,Promotion Possibilities,Fast promotion track
33,train,30,Employer,"I can guarantee fast track promotion possibilities as a programmer at 90,000",Offer,Salary,"90,000 USD"
33,train,31,Candidate,I reject the previous offer,Reject,,True
33,train,32,Employer,What about as a team manager then?,Offer,Job Description,Team Manager
33,train,33,Candidate,I disagree. I demand a position of project manager,Reject,,True
33,train,33,Candidate,I disagree. I demand a position of project manager,Offer,Job Description,Project Manager
33,train,34,Employer,Is there anything I can offer that would make you reconsider the position?,Other,,
33,train,35,Candidate,I am expecting a company car,Offer,Leased Car,With leased car
33,train,36,Employer,"I can give you a company car if you take the programmer position st 60,000",Offer,Job Description,Programmer
33,train,36,Employer,"I can give you a company car if you take the programmer position st 60,000",Offer,Leased Car,With leased car
33,train,36,Employer,"I can give you a company car if you take the programmer position st 60,000",Offer,Salary,"60,000 USD"
33,train,37,Candidate,"I disagree. I would like a salary of 120,000, I demand a position of project manager and I want no agreement on leased car",Reject,,True
33,train,37,Candidate,"I disagree. I would like a salary of 120,000, I demand a position of project manager and I want no agreement on leased car",Offer,Salary,"120,000 USD"
33,train,37,Candidate,"I disagree. I would like a salary of 120,000, I demand a position of project manager and I want no agreement on leased car",Offer,Job Description,Project Manager
33,train,37,Candidate,"I disagree. I would like a salary of 120,000, I demand a position of project manager and I want no agreement on leased car",Offer,Leased Car,No agreement
33,train,38,Employer,"Team manager, salary of 90,000, no agreement on car",Offer,Job Description,Team Manager
33,train,38,Employer,"Team manager, salary of 90,000, no agreement on car",Offer,Leased Car,No agreement
33,train,38,Employer,"Team manager, salary of 90,000, no agreement on car",Offer,Salary,"90,000 USD"
33,train,39,Candidate,"I refuse. I demand a salary of 120,000, I am willing to have a position of project manager and I would like a company car",Reject,,True
33,train,39,Candidate,"I refuse. I demand a salary of 120,000, I am willing to have a position of project manager and I would like a company car",Offer,Salary,"120,000 USD"
33,train,39,Candidate,"I refuse. I demand a salary of 120,000, I am willing to have a position of project manager and I would like a company car",Offer,Job Description,Project Manager
33,train,39,Candidate,"I refuse. I demand a salary of 120,000, I am willing to have a position of project manager and I would like a company car",Offer,Leased Car,With leased car
33,train,40,Employer,"You had said earlier you would accept an offer of 90,000 as team manager",Offer,Job Description,Team Manager
33,train,40,Employer,"You had said earlier you would accept an offer of 90,000 as team manager",Offer,Salary,"90,000 USD"
33,train,41,Candidate,"I refuse. I am expecting a salary of 120,000 and I am expecting a position of project manager",Reject,,True
33,train,41,Candidate,"I refuse. I am expecting a salary of 120,000 and I am expecting a position of project manager",Offer,Salary,"120,000 USD"
33,train,41,Candidate,"I refuse. I am expecting a salary of 120,000 and I am expecting a position of project manager",Offer,Job Description,Project Manager
33,train,42,Employer,"sorry - you accepted 90,000 as project manager",Offer,Job Description,Project Manager
33,train,42,Employer,"sorry - you accepted 90,000 as project manager",Offer,Salary,"90,000 USD"
33,train,43,Candidate,I agree with the offer. Now let's talk about how we can agree on other issues. I am expecting a company car,Accept,,True
33,train,43,Candidate,I agree with the offer. Now let's talk about how we can agree on other issues. I am expecting a company car,Offer,Leased Car,With leased car
33,train,44,Employer,I cannot lease a company car to you,Reject,Leased Car,With leased car
33,train,45,Candidate,I would like a company car,Offer,Leased Car,With leased car
33,train,46,Employer,you are guaranteed fast track promotion tho,Offer,Promotion Possibilities,Fast promotion track
33,train,47,Candidate,I agree with a fast promotion track. Now let's talk about how we can agree on other issues. I am willing to have a company car,Accept,Promotion Possibilities,Fast promotion track
33,train,47,Candidate,I agree with a fast promotion track. Now let's talk about how we can agree on other issues. I am willing to have a company car,Offer,Leased Car,With leased car
33,train,48,Employer,No company car,Reject,Leased Car,With leased car
33,train,49,Candidate,I am expecting no agreement on leased car,Offer,Leased Car,No agreement
33,train,50,Employer,ok,Accept,,True
33,train,51,Candidate,I'm happy that you accept. We can sign the agreement now.,Other,,
34,train,0,Candidate,Hello. I would like to discuss the issues of my contract.,Greet,,True
34,train,1,Candidate,I am willing to have a position of project manager,Offer,Job Description,Project Manager
34,train,2,Employer,Have you considered any other positions? How flexible are you on this issue?,Query,Offer,Job Description
34,train,3,Candidate,I demand a position of project manager,Offer,Job Description,Project Manager
34,train,4,Employer,Let's get back to that in a moment. What hours are you willing to work?,Query,Offer,Working Hours
34,train,4,Employer,Let's get back to that in a moment. What hours are you willing to work?,Reject,,True
34,train,5,Candidate,I demand a workday of 8 hours,Offer,Working Hours,8 hours
34,train,6,Candidate,I want a workday of 8 hours,Offer,Working Hours,8 hours
34,train,7,Candidate,I am expecting a workday of 8 hours,Offer,Working Hours,8 hours
34,train,8,Employer,"If I offer you the project manager position, would you accept 9 hour workdays?",Offer,Job Description,Project Manager
34,train,8,Employer,"If I offer you the project manager position, would you accept 9 hour workdays?",Offer,Working Hours,9 hours
34,train,9,Candidate,"I accept the previous offer. Now let's talk about how we can agree on other issues. I want a salary of 120,000",Accept,,True
34,train,9,Candidate,"I accept the previous offer. Now let's talk about how we can agree on other issues. I want a salary of 120,000",Offer,Salary,"120,000 USD"
34,train,10,Candidate,"I am willing to have a salary of 120,000",Offer,Salary,"120,000 USD"
34,train,11,Employer,"That's a little tough for me. How does 90,000 sound?",Offer,Salary,"90,000 USD"
34,train,11,Employer,"That's a little tough for me. How does 90,000 sound?",Reject,,True
34,train,12,Candidate,"I refuse 90,000. I would like a salary of 120,000",Reject,Salary,"90,000 USD"
34,train,12,Candidate,"I refuse 90,000. I would like a salary of 120,000",Offer,Salary,"120,000 USD"
34,train,13,Candidate,"I am expecting a salary of 120,000",Offer,Salary,"120,000 USD"
34,train,14,Employer,OK. Let's talk about some other details and get back to salary. Whay kind of promotion possibilities are you looking for?,Query,Offer,Promotion Possibilities
34,train,14,Employer,OK. Let's talk about some other details and get back to salary. Whay kind of promotion possibilities are you looking for?,Reject,,True
34,train,15,Candidate,I am expecting a fast promotion track,Offer,Promotion Possibilities,Fast promotion track
34,train,16,Candidate,I am willing to have a fast promotion track,Offer,Promotion Possibilities,Fast promotion track
34,train,17,Employer,That works for me. How much are you looking to contribute to your pension fund?,Accept,,True
34,train,17,Employer,That works for me. How much are you looking to contribute to your pension fund?,Query,Offer,Pension Fund
34,train,18,Candidate,I would like a pension of 20%,Offer,Pension Fund,20%
34,train,19,Candidate,I'm happy that you accept,Other,,
34,train,20,Candidate,I am expecting a pension of 20%,Offer,Pension Fund,20%
34,train,21,Employer,20% is acceptable. Are you needing a leased car?,Accept,Pension Fund,20%
34,train,21,Employer,20% is acceptable. Are you needing a leased car?,Query,Offer,Leased Car
34,train,22,Candidate,I would like a company car,Offer,Leased Car,With leased car
34,train,23,Candidate,It's great that we agreed on 20%,Other,,
34,train,24,Candidate,I want a company car,Offer,Leased Car,With leased car
34,train,25,Employer,"I can give you a company car, but I need you to consider a salary of 90,000. I've been very willing to accomodate you, won't you do this for me?",Offer,Leased Car,With leased car
34,train,25,Employer,"I can give you a company car, but I need you to consider a salary of 90,000. I've been very willing to accomodate you, won't you do this for me?",Offer,Salary,"90,000 USD"
34,train,26,Candidate,I agree,Accept,,True
35,train,0,Candidate,Hello. I would like to discuss the issues of my contract.,Greet,,True
35,train,1,Candidate,I would like a position of project manager,Offer,Job Description,Project Manager
35,train,2,Employer,programmer,Offer,Job Description,Programmer
35,train,3,Candidate,"I agree with a position of programmer. Now let's talk about how we can agree on other issues. I would like a salary of 120,000",Accept,Job Description,Programmer
35,train,3,Candidate,"I agree with a position of programmer. Now let's talk about how we can agree on other issues. I would like a salary of 120,000",Offer,Salary,"120,000 USD"
35,train,4,Employer,refuse,Reject,,True
35,train,5,Candidate,"I am willing to have a salary of 90,000. But I must change our previous agreement. I want a position of project manager",Offer,Salary,"90,000 USD"
35,train,5,Candidate,"I am willing to have a salary of 90,000. But I must change our previous agreement. I want a position of project manager",Offer,Job Description,Project Manager
35,train,6,Employer,refuse,Reject,,True
35,train,7,Candidate,I am willing to have a position of team manager,Offer,Job Description,Team Manager
35,train,8,Employer,team manager,Offer,Job Description,Team Manager
35,train,9,Candidate,It's great that you agree,Other,,
35,train,10,Candidate,"I want a salary of 120,000",Offer,Salary,"120,000 USD"
35,train,11,Employer,"90,000",Offer,Salary,"90,000 USD"
35,train,12,Candidate,"I reject 90,000. I am expecting a salary of 120,000",Reject,Salary,"90,000 USD"
35,train,12,Candidate,"I reject 90,000. I am expecting a salary of 120,000",Offer,Salary,"120,000 USD"
35,train,13,Employer,programmer,Offer,Job Description,Programmer
35,train,14,Candidate,"I accept a position of programmer. Now let's talk about how we can agree on other issues. I would like a salary of 120,000",Accept,Job Description,Programmer
35,train,14,Candidate,"I accept a position of programmer. Now let's talk about how we can agree on other issues. I would like a salary of 120,000",Offer,Salary,"120,000 USD"
35,train,15,Employer,agreed,Accept,,True
35,train,16,Candidate,It's great that you agree,Other,,
35,train,17,Candidate,I would like a company car,Offer,Leased Car,With leased car
35,train,18,Employer,agreed,Accept,,True
35,train,19,Candidate,I'm happy that you accept,Other,,
35,train,20,Candidate,I am willing to have a fast promotion track,Offer,Promotion Possibilities,Fast promotion track
35,train,21,Employer,agreed,Accept,,True
35,train,22,Candidate,It's great that you agree,Other,,
35,train,23,Candidate,I am expecting a workday of 8 hours,Offer,Working Hours,8 hours
35,train,24,Employer,10 hours,Offer,Working Hours,10 hours
35,train,25,Candidate,I refuse 10 hours. I want a workday of 8 hours,Reject,Working Hours,10 hours
35,train,25,Candidate,I refuse 10 hours. I want a workday of 8 hours,Offer,Working Hours,8 hours
35,train,26,Employer,refuse. 10 hours,Offer,Working Hours,10 hours
35,train,26,Employer,refuse. 10 hours,Reject,,True
35,train,27,Candidate,I reject a workday of 10 hours. I am willing to have a workday of 8 hours,Reject,Working Hours,10 hours
35,train,27,Candidate,I reject a workday of 10 hours. I am willing to have a workday of 8 hours,Offer,Working Hours,8 hours
35,train,28,Employer,9 hours,Offer,Working Hours,9 hours
35,train,29,Candidate,I reject 9 hours. I am expecting a workday of 8 hours,Reject,Working Hours,9 hours
35,train,29,Candidate,I reject 9 hours. I am expecting a workday of 8 hours,Offer,Working Hours,8 hours
35,train,30,Employer,10 hours,Offer,Working Hours,10 hours
35,train,31,Candidate,I refuse 10 hours. I would like a workday of 8 hours,Reject,Working Hours,10 hours
35,train,31,Candidate,I refuse 10 hours. I would like a workday of 8 hours,Offer,Working Hours,8 hours
35,train,32,Employer,refuse,Reject,,True
35,train,33,Candidate,I am expecting a workday of 8 hours,Offer,Working Hours,8 hours
35,train,34,Employer,9 hours,Offer,Working Hours,9 hours
35,train,35,Candidate,I reject 9 hours. I demand a workday of 8 hours,Reject,Working Hours,9 hours
35,train,35,Candidate,I reject 9 hours. I demand a workday of 8 hours,Offer,Working Hours,8 hours
35,train,36,Employer,project manager with 10 hours,Offer,Job Description,Project Manager
35,train,36,Employer,project manager with 10 hours,Offer,Working Hours,10 hours
35,train,37,Candidate,I disagree. I would like a workday of 8 hours and I am willing to have a position of programmer,Reject,,True
35,train,37,Candidate,I disagree. I would like a workday of 8 hours and I am willing to have a position of programmer,Offer,Working Hours,8 hours
35,train,37,Candidate,I disagree. I would like a workday of 8 hours and I am willing to have a position of programmer,Offer,Job Description,Programmer
35,train,38,Employer,agreed,Accept,,True
35,train,39,Candidate,It's good to reach an agreement on this,Other,,
35,train,40,Candidate,I demand a pension of 20%,Offer,Pension Fund,20%
35,train,41,Employer,refuse,Reject,,True
35,train,42,Candidate,I am expecting a pension of 10%,Offer,Pension Fund,10%
35,train,43,Employer,agreed,Accept,,True
35,train,44,Candidate,I'm happy that you accept. We can sign the agreement now. Please pick the values in the agreement draft and press Sign.,Other,,
36,train,0,Candidate,Hello. I would like to discuss the issues of my contract.,Greet,,True
36,train,1,Candidate,I want a position of project manager,Offer,Job Description,Project Manager
36,train,2,Candidate,I want a position of project manager,Offer,Job Description,Project Manager
36,train,3,Employer,You got it.,Accept,,True
36,train,4,Candidate,I'm happy that you accept,Other,,
36,train,5,Candidate,"I am expecting a salary of 120,000",Offer,Salary,"120,000 USD"
36,train,6,Employer,Okay,Accept,,True
36,train,7,Candidate,I'm happy that you accept,Other,,
36,train,8,Candidate,I want a company car,Offer,Leased Car,With leased car
36,train,9,Employer,Sounds good,Accept,,True
36,train,10,Candidate,It's great that you agree,Other,,
36,train,11,Candidate,I am willing to have a fast promotion track,Offer,Promotion Possibilities,Fast promotion track
36,train,12,Employer,Of course,Accept,,True
36,train,13,Candidate,It's good to reach an agreement on this,Other,,
36,train,14,Candidate,I am expecting a workday of 8 hours,Offer,Working Hours,8 hours
36,train,15,Employer,Perfect,Accept,,True
36,train,16,Candidate,I'm happy that you accept,Other,,
36,train,17,Candidate,I want a pension of 20%,Offer,Pension Fund,20%
37,train,0,Candidate,Hello. I would like to discuss the issues of my contract.,Greet,,True
37,train,1,Candidate,I am expecting a position of project manager,Offer,Job Description,Project Manager
37,train,2,Employer,"I'd like to offer you $60,000, and the job of programmer",Offer,Job Description,Programmer
37,train,2,Employer,"I'd like to offer you $60,000, and the job of programmer",Offer,Salary,"60,000 USD"
37,train,3,Candidate,"I disagree. I want a salary of 90,000 and I am expecting a position of project manager",Reject,,True
37,train,3,Candidate,"I disagree. I want a salary of 90,000 and I am expecting a position of project manager",Offer,Salary,"90,000 USD"
37,train,3,Candidate,"I disagree. I want a salary of 90,000 and I am expecting a position of project manager",Offer,Job Description,Project Manager
37,train,4,Employer,"I'll give you the job of team manager, but at $60,000",Offer,Job Description,Team Manager
37,train,4,Employer,"I'll give you the job of team manager, but at $60,000",Offer,Salary,"60,000 USD"
37,train,5,Candidate,"I disagree with the offer. I am expecting a salary of 90,000 and I am expecting a position of project manager",Reject,,True
37,train,5,Candidate,"I disagree with the offer. I am expecting a salary of 90,000 and I am expecting a position of project manager",Offer,Salary,"90,000 USD"
37,train,5,Candidate,"I disagree with the offer. I am expecting a salary of 90,000 and I am expecting a position of project manager",Offer,Job Description,Project Manager
37,train,6,Candidate,"Sorry, I changed my preferences",Other,,
37,train,7,Candidate,I want a position of project manager,Offer,Job Description,Project Manager
37,train,8,Employer,"9 hours and $90,000",Offer,Salary,"90,000 USD"
37,train,8,Employer,"9 hours and $90,000",Offer,Working Hours,9 hours
37,train,9,Candidate,"I disagree. I want a workday of 8 hours and I would like a salary of 120,000",Reject,,True
37,train,9,Candidate,"I disagree. I want a workday of 8 hours and I would like a salary of 120,000",Offer,Working Hours,8 hours
37,train,9,Candidate,"I disagree. I want a workday of 8 hours and I would like a salary of 120,000",Offer,Salary,"120,000 USD"
37,train,10,Employer,Lets talk about a car,Query,Offer,Leased Car
37,train,11,Candidate,I am willing to have a company car,Offer,Leased Car,With leased car
37,train,12,Employer,"You're willing to have a free car? You don't say? I'll give you a car, and you work 9 hours",Offer,Leased Car,With leased car
37,train,12,Employer,"You're willing to have a free car? You don't say? I'll give you a car, and you work 9 hours",Offer,Working Hours,9 hours
37,train,13,Candidate,I agree with the offer. I would like to continue and discuss another issue. I want a position of project manager,Accept,,True
37,train,13,Candidate,I agree with the offer. I would like to continue and discuss another issue. I want a position of project manager,Offer,Job Description,Project Manager
37,train,14,Employer,"I can't give you that position unless you're taking a pay cut to $60,000",Offer,Salary,"60,000 USD"
37,train,14,Employer,"I can't give you that position unless you're taking a pay cut to $60,000",Reject,,
37,train,15,Candidate,"I disagree about a salary of 60,000. I would like a salary of 120,000",Reject,Salary,"60,000 USD"
37,train,15,Candidate,"I disagree about a salary of 60,000. I would like a salary of 120,000",Offer,Salary,"120,000 USD"
37,train,16,Employer,Let's figure out pension,Query,Offer,Pension Fund
37,train,17,Candidate,I would like a pension of 20%,Offer,Pension Fund,20%
37,train,18,Employer,I'll agree to the pension,Accept,,
37,train,19,Candidate,I'm happy that you accept the pension fund,Other,,
37,train,20,Candidate,I am willing to have a position of project manager,Offer,Job Description,Project Manager
37,train,21,Employer,How about promosions,Query,Offer,Promotion Possibilities
37,train,22,Candidate,I want a fast promotion track,Offer,Promotion Possibilities,Fast promotion track
37,train,23,Candidate,I want a fast promotion track,Offer,Promotion Possibilities,Fast promotion track
37,train,24,Employer,I'll agree to fast track,Accept,Promotion Possibilities,Fast promotion track
37,train,25,Candidate,I'm happy that you accept the fast promotion track,Other,,
37,train,26,Candidate,I want a position of project manager,Offer,Job Description,Project Manager
37,train,27,Employer,You've said that.,Reject,,True
37,train,28,Candidate,I am willing to have a position of programmer,Offer,Job Description,Programmer
37,train,29,Employer,I agree to programmer,Accept,Job Description,Programmer
37,train,30,Candidate,It's good to reach an agreement on programmer,Other,,
37,train,31,Candidate,"I am expecting a salary of 120,000",Offer,Salary,"120,000 USD"
37,train,32,Employer,I can't offer you both the top salary and job ,Other,,
37,train,33,Employer,Lastly you probably want to get paid.,Query,Offer,Salary
37,train,34,Candidate,"I want a salary of 120,000",Offer,Salary,"120,000 USD"
37,train,35,Employer,"60,000 sounds better to me",Offer,Salary,"60,000 USD"
37,train,36,Candidate,"I reject 60,000",Reject,Salary,"60,000 USD"
37,train,37,Employer,"I reject you rejecting 60,000",Offer,Salary,"60,000 USD"
37,train,38,Candidate,"I reject a salary of 60,000",Reject,Salary,"60,000 USD"
37,train,39,Employer,"I could not hire you , and you could have a salary of 0.",Quit,,True
37,train,40,Employer,"60,000 is a lot more then 0",Offer,Salary,"60,000 USD"
37,train,41,Candidate,"I reject a salary of 60,000",Reject,Salary,"60,000 USD"
37,train,42,Employer,"Let's make a deal. $90,000",Offer,Salary,"90,000 USD"
37,train,43,Candidate,"I disagree about a salary of 90,000",Reject,Salary,"90,000 USD"
37,train,44,Employer,"90,000 is a good compromise",Offer,Salary,"90,000 USD"
37,train,45,Candidate,I accept the previous offer,Accept,,True
37,train,46,Employer,Deal!,Other,,
38,train,0,Candidate,Hello. I would like to discuss the issues of my contract.,Greet,,True
38,train,1,Candidate,I am expecting a position of project manager,Offer,Job Description,Project Manager
38,train,2,Employer,We currently are only offering the position of a programmer.,Offer,Job Description,Programmer
38,train,3,Candidate,I disagree about a position of programmer. I am willing to have a position of project manager,Reject,Job Description,Programmer
38,train,3,Candidate,I disagree about a position of programmer. I am willing to have a position of project manager,Offer,Job Description,Project Manager
38,train,4,Employer,"I am willing to offer a salary of 60,000 USD",Offer,Salary,"60,000 USD"
38,train,5,Candidate,"I refuse 60,000. I demand a salary of 120,000",Reject,Salary,"60,000 USD"
38,train,5,Candidate,"I refuse 60,000. I demand a salary of 120,000",Offer,Salary,"120,000 USD"
38,train,6,Employer,"Unfortunately, that sum is exhorbitant for our firm. I can offer no more than 60,000.",Reject,,
38,train,6,Employer,"Unfortunately, that sum is exhorbitant for our firm. I can offer no more than 60,000.",Offer,Salary,"60,000 USD"
38,train,7,Candidate,I am willing to have a position of project manager,Offer,Job Description,Project Manager
38,train,8,Employer,"For the moment, we have no openings for project managers. We currently only have an opening for programmers.",Offer,Job Description,Programmer
38,train,8,Employer,"For the moment, we have no openings for project managers. We currently only have an opening for programmers.",Reject,Job Description,Project Manager
38,train,9,Candidate,I reject a position of programmer. I demand a position of project manager,Reject,Job Description,Programmer
38,train,9,Candidate,I reject a position of programmer. I demand a position of project manager,Offer,Job Description,Project Manager
38,train,10,Employer,"Unfortunately, we cannot offer contribution to pension funds.",Offer,Pension Fund,0%
38,train,11,Candidate,I refuse 0%. I demand a pension of 20%,Reject,Pension Fund,0%
38,train,11,Candidate,I refuse 0%. I demand a pension of 20%,Offer,Pension Fund,20%
38,train,12,Employer,"For us to agree to 20% pension, we will have to justify that by having no leased cars.",Offer,Leased Car,Without leased car
38,train,12,Employer,"For us to agree to 20% pension, we will have to justify that by having no leased cars.",Offer,Pension Fund,20%
38,train,13,Candidate,I agree with the offer. I would like to continue and discuss another issue. I would like a position of project manager,Accept,,True
38,train,13,Candidate,I agree with the offer. I would like to continue and discuss another issue. I would like a position of project manager,Offer,Job Description,Project Manager
38,train,14,Candidate,I would like a position of project manager,Offer,Job Description,Project Manager
38,train,15,Employer,"Once again, project manager position is not on offer. However, we may be able to make you part of the QA team",Reject,Job Description,Project Manager
38,train,15,Employer,"Once again, project manager position is not on offer. However, we may be able to make you part of the QA team",Offer,Job Description,QA
38,train,16,Candidate,I demand a position of team manager. But I must change our previous agreement. I would like a pension of 20% and I want a company car,Offer,Job Description,Team Manager
38,train,16,Candidate,I demand a position of team manager. But I must change our previous agreement. I would like a pension of 20% and I want a company car,Offer,Pension Fund,20%
38,train,16,Candidate,I demand a position of team manager. But I must change our previous agreement. I would like a pension of 20% and I want a company car,Offer,Leased Car,With leased car
38,train,17,Candidate,"Sorry, I changed my preferences",Other,,
38,train,18,Candidate,I want a position of project manager,Offer,Job Description,Project Manager
38,train,19,Employer,"I am willing to make you project manager, but it can only happen if you take 60,000 and if you work 10 hours per week",Offer,Job Description,Project Manager
38,train,19,Employer,"I am willing to make you project manager, but it can only happen if you take 60,000 and if you work 10 hours per week",Offer,Salary,"60,000 USD"
38,train,19,Employer,"I am willing to make you project manager, but it can only happen if you take 60,000 and if you work 10 hours per week",Offer,Working Hours,10 hours
38,train,20,Candidate,I reject the previous offer,Reject,,True
38,train,21,Employer,"If the offer is rejected, I cannot offer you the position of project manager",Other,,
38,train,22,Candidate,What are you willing to offer?,Query,,
38,train,23,Employer,"60,000, programmer, 10 hours",Offer,Job Description,Programmer
38,train,23,Employer,"60,000, programmer, 10 hours",Offer,Salary,"60,000 USD"
38,train,23,Employer,"60,000, programmer, 10 hours",Offer,Working Hours,10 hours
38,train,24,Candidate,I reject programmer position. I am expecting a position of project manager,Reject,Job Description,Programmer
38,train,24,Candidate,I reject programmer position. I am expecting a position of project manager,Offer,Job Description,Project Manager
38,train,25,Employer,"Team manager only if you work 10 hours and take 60,000",Offer,Job Description,Team Manager
38,train,25,Employer,"Team manager only if you work 10 hours and take 60,000",Offer,Salary,"60,000 USD"
38,train,25,Employer,"Team manager only if you work 10 hours and take 60,000",Offer,Working Hours,10 hours
38,train,26,Candidate,I disagree. I demand a position of project manager,Reject,,True
38,train,26,Candidate,I disagree. I demand a position of project manager,Offer,Job Description,Project Manager
39,train,0,Candidate,Hello. I would like to discuss the issues of my contract.,Greet,,True
39,train,1,Candidate,I am expecting a position of project manager,Offer,Job Description,Project Manager
39,train,2,Employer,"With your qualifications, i'd like to offer you a programmer position",Offer,Job Description,Programmer
39,train,3,Candidate,"I agree with a position of programmer. Now let's talk about how we can agree on other issues. I am expecting a salary of 120,000",Accept,Job Description,Programmer
39,train,3,Candidate,"I agree with a position of programmer. Now let's talk about how we can agree on other issues. I am expecting a salary of 120,000",Offer,Salary,"120,000 USD"
39,train,4,Employer,"Given that your programmer experience is less than ten years, I'd like to offer 90000 for the position given our generous raises and promotion possibilities.",Offer,Salary,"90,000 USD"
39,train,5,Candidate,"I accept 90,000. Now let's talk about how we can agree on other issues. I would like a company car",Accept,Salary,"90,000 USD"
39,train,5,Candidate,"I accept 90,000. Now let's talk about how we can agree on other issues. I would like a company car",Offer,Leased Car,With leased car
39,train,6,Employer,We can do that. ,Accept,,True
39,train,7,Candidate,I'm happy that you accept,Other,,
39,train,8,Candidate,I am willing to have a fast promotion track,Offer,Promotion Possibilities,Fast promotion track
39,train,9,Candidate,I would like a fast promotion track,Offer,Promotion Possibilities,Fast promotion track
39,train,10,Employer,A fast promotion track requires lots of working hours. Are you willing to put in 10 hours a day?,Offer,Working Hours,10 hours
39,train,11,Candidate,I refuse 10 hours. I am expecting a workday of 8 hours,Reject,Working Hours,10 hours
39,train,11,Candidate,I refuse 10 hours. I am expecting a workday of 8 hours,Offer,Working Hours,8 hours
39,train,12,Candidate,"Sorry, I changed my preferences",Other,,
39,train,13,Candidate,I want a fast promotion track,Offer,Promotion Possibilities,Fast promotion track
39,train,14,Employer,We expect our new hires on a fast promotion track to put in 10 hours. Would you reconsider?,Offer,Promotion Possibilities,Fast promotion track
39,train,14,Employer,We expect our new hires on a fast promotion track to put in 10 hours. Would you reconsider?,Offer,Working Hours,10 hours
39,train,15,Candidate,I disagree,Reject,,True
39,train,16,Candidate,What do you have to offer?,Query,,
39,train,17,Employer,"The best i can then offer you is 9 hours, with 10% pension fund and fast promotion track. This is my final offer.",Offer,Pension Fund,10%
39,train,17,Employer,"The best i can then offer you is 9 hours, with 10% pension fund and fast promotion track. This is my final offer.",Offer,Promotion Possibilities,Fast promotion track
39,train,17,Employer,"The best i can then offer you is 9 hours, with 10% pension fund and fast promotion track. This is my final offer.",Offer,Working Hours,9 hours
39,train,18,Candidate,I disagree,Reject,,True
39,train,19,Candidate,I would like a fast promotion track,Offer,Promotion Possibilities,Fast promotion track
39,train,20,Employer,I offered a fast promotion track. But 9 hours and 10% pension fund.,Offer,Pension Fund,10%
39,train,20,Employer,I offered a fast promotion track. But 9 hours and 10% pension fund.,Offer,Promotion Possibilities,Fast promotion track
39,train,20,Employer,I offered a fast promotion track. But 9 hours and 10% pension fund.,Offer,Working Hours,9 hours
39,train,21,Candidate,I refuse,Reject,,True
39,train,22,Candidate,I am willing to have a workday of 8 hours,Offer,Working Hours,8 hours
39,train,23,Employer,I cannot accept that. The least I can accept is 9. We have many qualified applicants for this position who are willing to work 10 hours a day. I am making an exception for you by offering 9.,Offer,Working Hours,9 hours
39,train,23,Employer,I cannot accept that. The least I can accept is 9. We have many qualified applicants for this position who are willing to work 10 hours a day. I am making an exception for you by offering 9.,Reject,,True
39,train,24,Candidate,I accept 9 hours. Let's discuss another issue. I would like a pension of 20%,Accept,Working Hours,9 hours
39,train,24,Candidate,I accept 9 hours. Let's discuss another issue. I would like a pension of 20%,Offer,Pension Fund,20%
39,train,25,Candidate,I am expecting a pension of 20%,Offer,Pension Fund,20%
39,train,26,Employer,No. 10%,Offer,Pension Fund,10%
39,train,26,Employer,No. 10%,Reject,,True
39,train,27,Candidate,I reject a pension of 10%. I want a pension of 20%,Reject,Pension Fund,10%
39,train,27,Candidate,I reject a pension of 10%. I want a pension of 20%,Offer,Pension Fund,20%
39,train,28,Employer,We cannot offer you a 20% pension as a new employee. We will offer 10% given your less than ten years experience.,Offer,Pension Fund,10%
39,train,28,Employer,We cannot offer you a 20% pension as a new employee. We will offer 10% given your less than ten years experience.,Reject,Pension Fund,20%
39,train,29,Candidate,I disagree about a pension of 10%. I want a pension of 20%,Reject,Pension Fund,10%
39,train,29,Candidate,I disagree about a pension of 10%. I want a pension of 20%,Offer,Pension Fund,20%
39,train,30,Candidate,I would like a pension of 20%,Offer,Pension Fund,20%
39,train,31,Employer,I can offer 20% if you accept a salary of 60000.,Offer,Pension Fund,20%
39,train,31,Employer,I can offer 20% if you accept a salary of 60000.,Offer,Salary,"60,000 USD"
39,train,32,Candidate,"I disagree with the offer. I am willing to have a salary of 120,000 and I am expecting a pension of 10%",Reject,,True
39,train,32,Candidate,"I disagree with the offer. I am willing to have a salary of 120,000 and I am expecting a pension of 10%",Offer,Salary,"120,000 USD"
39,train,32,Candidate,"I disagree with the offer. I am willing to have a salary of 120,000 and I am expecting a pension of 10%",Offer,Pension Fund,10%
39,train,33,Employer,I am sorry we cannot come to terms. You have an inflated sense of your worth.,Reject,,True
4,train,0,Candidate,Hello. I would like to discuss the issues of my contract.,Greet,,True
4,train,1,Candidate,I would like a position of project manager,Offer,Job Description,Project Manager
4,train,2,Employer,Hello,Greet,,True
4,train,3,Employer,Sounds good to me,Accept,,True
4,train,4,Candidate,It's good to reach an agreement on this,Other,,
4,train,5,Candidate,"I am willing to have a salary of 90,000",Offer,Salary,"90,000 USD"
4,train,6,Employer,How about 60000,Offer,Salary,"60,000 USD"
4,train,7,Candidate,"I accept a salary of 60,000. Now let's talk about how we can agree on other issues. I am expecting a company car",Accept,Salary,"60,000 USD"
4,train,7,Candidate,"I accept a salary of 60,000. Now let's talk about how we can agree on other issues. I am expecting a company car",Offer,Leased Car,With leased car
4,train,8,Candidate,I am expecting a company car,Offer,Leased Car,With leased car
4,train,9,Employer,Would you like to take a pension fund in place of the leasedcar?,Other,,
4,train,10,Candidate,I am willing to have a company car,Offer,Leased Car,With leased car
4,train,11,Candidate,I want a pension of 20%,Offer,Pension Fund,20%
4,train,12,Candidate,I want a pension of 20%,Offer,Pension Fund,20%
4,train,13,Employer,Okay,Accept,,True
4,train,14,Candidate,It's great that you agree,Other,,
4,train,15,Candidate,I am expecting a company car,Offer,Leased Car,With leased car
4,train,16,Employer,How about a fast promotion track if you work 10 hours,Offer,Promotion Possibilities,Fast promotion track
4,train,16,Employer,How about a fast promotion track if you work 10 hours,Offer,Working Hours,10 hours
4,train,17,Candidate,I reject the previous offer,Reject,,True
4,train,18,Employer,what,Other,,
4,train,19,Employer,how about a company car with a 10 percent pension fund,Offer,Leased Car,With leased car
4,train,19,Employer,how about a company car with a 10 percent pension fund,Offer,Pension Fund,10%
4,train,20,Candidate,I disagree with the offer,Reject,,True
4,train,21,Employer,What would you like,Query,,
4,train,22,Candidate,I am willing to have a company car,Offer,Leased Car,With leased car
4,train,23,Employer,Yes I gave you a car,Accept,Leased Car,With leased car
4,train,24,Candidate,It's great that we agreed on with leased car,Other,,
4,train,25,Candidate,I am expecting a fast promotion track,Offer,Promotion Possibilities,Fast promotion track
4,train,26,Employer,thats fine with me if youre willing to put in 10 hours of work,Accept,,True
4,train,26,Employer,thats fine with me if youre willing to put in 10 hours of work,Offer,Working Hours,10 hours
4,train,27,Candidate,I disagree with the offer,Reject,,True
4,train,28,Employer,Okay,Other,,
4,train,29,Candidate,I would like a fast promotion track,Offer,Promotion Possibilities,Fast promotion track
4,train,30,Candidate,I would like a fast promotion track,Offer,Promotion Possibilities,Fast promotion track
4,train,31,Employer,"60,000 dollars, project manager, company car, 10% pension fund, fast track, and 10 hours of work",Offer,Job Description,Project Manager
4,train,31,Employer,"60,000 dollars, project manager, company car, 10% pension fund, fast track, and 10 hours of work",Offer,Leased Car,With leased car
4,train,31,Employer,"60,000 dollars, project manager, company car, 10% pension fund, fast track, and 10 hours of work",Offer,Pension Fund,10%
4,train,31,Employer,"60,000 dollars, project manager, company car, 10% pension fund, fast track, and 10 hours of work",Offer,Promotion Possibilities,Fast promotion track
4,train,31,Employer,"60,000 dollars, project manager, company car, 10% pension fund, fast track, and 10 hours of work",Offer,Salary,"60,000 USD"
4,train,31,Employer,"60,000 dollars, project manager, company car, 10% pension fund, fast track, and 10 hours of work",Offer,Working Hours,10 hours
4,train,32,Candidate,I refuse,Reject,,True
4,train,33,Candidate,I am expecting a fast promotion track,Offer,Promotion Possibilities,Fast promotion track
40,train,0,Candidate,Hello. I would like to discuss the issues of my contract.,Greet,,True
40,train,1,Candidate,I am expecting a position of project manager,Offer,Job Description,Project Manager
40,train,2,Employer,"Hi there, Ok I agree with project manager  ",Greet,,True
40,train,2,Employer,"Hi there, Ok I agree with project manager  ",Accept,Job Description,Project Manager
40,train,3,Candidate,It's good to reach an agreement on project manager,Other,,
40,train,4,Candidate,"I am expecting a salary of 120,000",Offer,Salary,"120,000 USD"
40,train,5,Employer,"I would like to start you at 90,000",Offer,Salary,"90,000 USD"
40,train,6,Candidate,"I accept 90,000. Now let's talk about how we can agree on other issues. I am expecting a company car",Accept,Salary,"90,000 USD"
40,train,6,Candidate,"I accept 90,000. Now let's talk about how we can agree on other issues. I am expecting a company car",Offer,Leased Car,With leased car
40,train,7,Candidate,I would like a company car,Offer,Leased Car,With leased car
40,train,8,Employer,I agree with the company car.. I would like to offer 10% pension fund ,Accept,Leased Car,With leased car
40,train,8,Employer,I agree with the company car.. I would like to offer 10% pension fund ,Offer,Pension Fund,10%
40,train,9,Candidate,I agree with the offer. Let's proceed to another issue. I am expecting a fast promotion track,Accept,,True
40,train,9,Candidate,I agree with the offer. Let's proceed to another issue. I am expecting a fast promotion track,Offer,Promotion Possibilities,Fast promotion track
40,train,10,Candidate,I would like a fast promotion track,Offer,Promotion Possibilities,Fast promotion track
40,train,11,Employer,Perfect I was just going to say fast track.   Work hours i would like to see at 10,Accept,Promotion Possibilities,Fast promotion track
40,train,11,Employer,Perfect I was just going to say fast track.   Work hours i would like to see at 10,Offer,Working Hours,10 hours
40,train,12,Candidate,I disagree,Reject,,True
40,train,13,Employer,Im willing to drop it to 9 hours but i wont go any lower,Offer,Working Hours,9 hours
40,train,14,Candidate,I disagree about a workday of 9 hours. I am willing to have a workday of 8 hours,Reject,Working Hours,9 hours
40,train,14,Candidate,I disagree about a workday of 9 hours. I am willing to have a workday of 8 hours,Offer,Working Hours,8 hours
40,train,15,Employer,If I go to 8 hours then I would like to take you from project manager to team manager,Offer,Working Hours,8 hours
40,train,15,Employer,If I go to 8 hours then I would like to take you from project manager to team manager,Offer,Job Description,Team Manager
40,train,16,Candidate,I accept the previous offer. Let's proceed to another issue. I want a fast promotion track,Accept,,True
40,train,16,Candidate,I accept the previous offer. Let's proceed to another issue. I want a fast promotion track,Offer,Promotion Possibilities,Fast promotion track
40,train,17,Employer,I agree with fast track promotion  :),Accept,Promotion Possibilities,Fast promotion track
40,train,18,Candidate,I'm happy that you accept. We can sign the agreement now. Please pick the values in the agreement draft and press Sign.,Other,,
41,train,0,Candidate,Hello. I would like to discuss the issues of my contract.,Greet,,True
41,train,1,Candidate,I am willing to have a position of project manager,Offer,Job Description,Project Manager
41,train,2,Employer,"Hello, I would be glad to help you with this",Greet,,True
41,train,3,Employer,do you still want to be a project manager or can I interest you in something else like Programmer,Offer,Job Description,Programmer
41,train,4,Candidate,I agree with a position of programmer,Accept,Job Description,Programmer
41,train,5,Employer,"OK, we are looking for highly motivated individuals",Other,,
41,train,6,Employer,We offer a Fast promotion track,Offer,Promotion Possibilities,Fast promotion track
41,train,7,Candidate,I accept a fast promotion track,Accept,Promotion Possibilities,Fast promotion track
41,train,8,Employer,"with a 10% pension fund at a salary of 60,000 USD",Offer,Pension Fund,10%
41,train,8,Employer,"with a 10% pension fund at a salary of 60,000 USD",Offer,Salary,"60,000 USD"
41,train,9,Candidate,"I reject the previous offer. I am willing to have a salary of 120,000 and I am willing to have a pension of 20%",Reject,,True
41,train,9,Candidate,"I reject the previous offer. I am willing to have a salary of 120,000 and I am willing to have a pension of 20%",Offer,Salary,"120,000 USD"
41,train,9,Candidate,"I reject the previous offer. I am willing to have a salary of 120,000 and I am willing to have a pension of 20%",Offer,Pension Fund,20%
41,train,10,Employer,That is not an option,Reject,,True
41,train,11,Employer,"For Fast Promotion Track I offer 10 hours work, at 60,000 USD with 10% Pension",Offer,Pension Fund,10%
41,train,11,Employer,"For Fast Promotion Track I offer 10 hours work, at 60,000 USD with 10% Pension",Offer,Promotion Possibilities,Fast promotion track
41,train,11,Employer,"For Fast Promotion Track I offer 10 hours work, at 60,000 USD with 10% Pension",Offer,Salary,"60,000 USD"
41,train,11,Employer,"For Fast Promotion Track I offer 10 hours work, at 60,000 USD with 10% Pension",Offer,Working Hours,10 hours
41,train,12,Candidate,I disagree,Reject,,True
41,train,13,Candidate,"I demand a salary of 120,000",Offer,Salary,"120,000 USD"
41,train,14,Employer,"If you prefer Slow Promotion Track, I offer 10 Hours, 10% promotion, and 60,000USD",Offer,Pension Fund,10%
41,train,14,Employer,"If you prefer Slow Promotion Track, I offer 10 Hours, 10% promotion, and 60,000USD",Offer,Promotion Possibilities,Slow promotion track
41,train,14,Employer,"If you prefer Slow Promotion Track, I offer 10 Hours, 10% promotion, and 60,000USD",Offer,Salary,"60,000 USD"
41,train,14,Employer,"If you prefer Slow Promotion Track, I offer 10 Hours, 10% promotion, and 60,000USD",Offer,Working Hours,10 hours
41,train,15,Candidate,"I disagree. I am expecting a workday of 8 hours, I am willing to have a fast promotion track, I am willing to have a pension of 20% and I would like a salary of 120,000",Reject,,True
41,train,15,Candidate,"I disagree. I am expecting a workday of 8 hours, I am willing to have a fast promotion track, I am willing to have a pension of 20% and I would like a salary of 120,000",Offer,Working Hours,8 hours
41,train,15,Candidate,"I disagree. I am expecting a workday of 8 hours, I am willing to have a fast promotion track, I am willing to have a pension of 20% and I would like a salary of 120,000",Offer,Promotion Possibilities,Fast promotion track
41,train,15,Candidate,"I disagree. I am expecting a workday of 8 hours, I am willing to have a fast promotion track, I am willing to have a pension of 20% and I would like a salary of 120,000",Offer,Pension Fund,20%
41,train,15,Candidate,"I disagree. I am expecting a workday of 8 hours, I am willing to have a fast promotion track, I am willing to have a pension of 20% and I would like a salary of 120,000",Offer,Salary,"120,000 USD"
41,train,16,Employer,We do not agree to this,Reject,,True
41,train,17,Candidate,"I am expecting a salary of 90,000",Offer,Salary,"90,000 USD"
41,train,18,Employer,"At 10 hour work days, I offer Fast Promotion track, 20% Pension Fund a 60,000 USD salary and no agreement on a leased car",Offer,Leased Car,No agreement
41,train,18,Employer,"At 10 hour work days, I offer Fast Promotion track, 20% Pension Fund a 60,000 USD salary and no agreement on a leased car",Offer,Pension Fund,20%
41,train,18,Employer,"At 10 hour work days, I offer Fast Promotion track, 20% Pension Fund a 60,000 USD salary and no agreement on a leased car",Offer,Promotion Possibilities,Fast promotion track
41,train,18,Employer,"At 10 hour work days, I offer Fast Promotion track, 20% Pension Fund a 60,000 USD salary and no agreement on a leased car",Offer,Salary,"60,000 USD"
41,train,18,Employer,"At 10 hour work days, I offer Fast Promotion track, 20% Pension Fund a 60,000 USD salary and no agreement on a leased car",Offer,Working Hours,10 hours
41,train,19,Candidate,I disagree,Reject,,True
41,train,20,Employer,OK this offer,Other,,
41,train,21,Employer,"10 Hour Workdays, Fast Promotion Track, 10% Pension, No leased car, and 90,000 USD",Offer,Leased Car,Without leased car
41,train,21,Employer,"10 Hour Workdays, Fast Promotion Track, 10% Pension, No leased car, and 90,000 USD",Offer,Pension Fund,10%
41,train,21,Employer,"10 Hour Workdays, Fast Promotion Track, 10% Pension, No leased car, and 90,000 USD",Offer,Promotion Possibilities,Fast promotion track
41,train,21,Employer,"10 Hour Workdays, Fast Promotion Track, 10% Pension, No leased car, and 90,000 USD",Offer,Salary,"90,000 USD"
41,train,21,Employer,"10 Hour Workdays, Fast Promotion Track, 10% Pension, No leased car, and 90,000 USD",Offer,Working Hours,10 hours
41,train,22,Candidate,I reject the previous offer,Reject,,True
41,train,23,Employer,Which part do you have an issue with?,Other,,
41,train,24,Candidate,What do you have to suggest?,Query,,
41,train,25,Employer,"10 Hour Workdays, Slow Promotion Track, 10% Pension, No leased car, and 90,000 USD",Offer,Leased Car,Without leased car
41,train,25,Employer,"10 Hour Workdays, Slow Promotion Track, 10% Pension, No leased car, and 90,000 USD",Offer,Pension Fund,10%
41,train,25,Employer,"10 Hour Workdays, Slow Promotion Track, 10% Pension, No leased car, and 90,000 USD",Offer,Promotion Possibilities,Slow promotion track
41,train,25,Employer,"10 Hour Workdays, Slow Promotion Track, 10% Pension, No leased car, and 90,000 USD",Offer,Salary,"90,000 USD"
41,train,25,Employer,"10 Hour Workdays, Slow Promotion Track, 10% Pension, No leased car, and 90,000 USD",Offer,Working Hours,10 hours
41,train,26,Candidate,"I disagree with the offer. I want a workday of 8 hours, I demand a fast promotion track, I am willing to have a company car, I am expecting a pension of 20% and I am expecting a salary of 120,000",Reject,,True
41,train,26,Candidate,"I disagree with the offer. I want a workday of 8 hours, I demand a fast promotion track, I am willing to have a company car, I am expecting a pension of 20% and I am expecting a salary of 120,000",Offer,Working Hours,8 hours
41,train,26,Candidate,"I disagree with the offer. I want a workday of 8 hours, I demand a fast promotion track, I am willing to have a company car, I am expecting a pension of 20% and I am expecting a salary of 120,000",Offer,Promotion Possibilities,Fast promotion track
41,train,26,Candidate,"I disagree with the offer. I want a workday of 8 hours, I demand a fast promotion track, I am willing to have a company car, I am expecting a pension of 20% and I am expecting a salary of 120,000",Offer,Leased Car,With leased car
41,train,26,Candidate,"I disagree with the offer. I want a workday of 8 hours, I demand a fast promotion track, I am willing to have a company car, I am expecting a pension of 20% and I am expecting a salary of 120,000",Offer,Pension Fund,20%
41,train,26,Candidate,"I disagree with the offer. I want a workday of 8 hours, I demand a fast promotion track, I am willing to have a company car, I am expecting a pension of 20% and I am expecting a salary of 120,000",Offer,Salary,"120,000 USD"
41,train,27,Employer,"You already agreed to 90,000USD",Offer,Salary,"90,000 USD"
41,train,28,Candidate,"I reject a salary of 90,000. I am willing to have a salary of 120,000",Reject,Salary,"90,000 USD"
41,train,28,Candidate,"I reject a salary of 90,000. I am willing to have a salary of 120,000",Offer,Salary,"120,000 USD"
41,train,29,Employer,"60,000USD",Offer,Salary,"60,000 USD"
41,train,30,Candidate,"I accept 60,000. Now let's talk about how we can agree on other issues. I am expecting a company car",Accept,Salary,"60,000 USD"
41,train,30,Candidate,"I accept 60,000. Now let's talk about how we can agree on other issues. I am expecting a company car",Offer,Leased Car,With leased car
41,train,31,Employer,10 hour days,Offer,Working Hours,10 hours
41,train,32,Candidate,I reject 10 hours. I would like a workday of 8 hours,Reject,Working Hours,10 hours
41,train,32,Candidate,I reject 10 hours. I would like a workday of 8 hours,Offer,Working Hours,8 hours
41,train,33,Employer,10 hour days,Offer,Working Hours,10 hours
41,train,34,Candidate,I disagree about a workday of 10 hours. I am expecting a workday of 8 hours,Reject,Working Hours,10 hours
41,train,34,Candidate,I disagree about a workday of 10 hours. I am expecting a workday of 8 hours,Offer,Working Hours,8 hours
41,train,35,Employer,10 hour days,Offer,Working Hours,10 hours
41,train,36,Candidate,I am willing to have a company car,Offer,Leased Car,With leased car
41,train,37,Employer,10 hour days with Fast Promotion Track,Offer,Promotion Possibilities,Fast promotion track
41,train,37,Employer,10 hour days with Fast Promotion Track,Offer,Working Hours,10 hours
41,train,38,Candidate,I disagree with the offer,Reject,,True
41,train,39,Employer,10 hour days with Fast Promotion Track,Offer,Promotion Possibilities,Fast promotion track
41,train,39,Employer,10 hour days with Fast Promotion Track,Offer,Working Hours,10 hours
41,train,40,Candidate,I disagree with the offer,Reject,,True
41,train,41,Employer,10 hour days with 20% Pension Fund,Offer,Pension Fund,20%
41,train,41,Employer,10 hour days with 20% Pension Fund,Offer,Working Hours,10 hours
41,train,42,Candidate,I disagree with the offer,Reject,,True
41,train,43,Employer,10 hour days with Fast Promotion Track,Offer,Promotion Possibilities,Fast promotion track
41,train,43,Employer,10 hour days with Fast Promotion Track,Offer,Working Hours,10 hours
41,train,44,Candidate,I reject the previous offer,Reject,,True
41,train,45,Employer,For your salary we expect 10 Hour working days,Offer,Working Hours,10 hours
41,train,46,Candidate,I disagree about a workday of 10 hours. I demand a workday of 8 hours,Reject,Working Hours,10 hours
41,train,46,Candidate,I disagree about a workday of 10 hours. I demand a workday of 8 hours,Offer,Working Hours,8 hours
41,train,47,Employer,I reject your demands,Reject,,True
41,train,48,Candidate,I am expecting a position of programmer,Offer,Job Description,Programmer
41,train,49,Employer,10 hour days with Fast Promotion Track,Offer,Promotion Possibilities,Fast promotion track
41,train,49,Employer,10 hour days with Fast Promotion Track,Offer,Working Hours,10 hours
41,train,50,Candidate,I refuse,Reject,,True
41,train,51,Employer,9 hour days with 10% Pension Fund,Offer,Pension Fund,10%
41,train,51,Employer,9 hour days with 10% Pension Fund,Offer,Working Hours,9 hours
41,train,52,Candidate,I disagree with the offer. I am willing to have a workday of 8 hours and I am expecting a pension of 20%,Reject,,True
41,train,52,Candidate,I disagree with the offer. I am willing to have a workday of 8 hours and I am expecting a pension of 20%,Offer,Working Hours,8 hours
41,train,52,Candidate,I disagree with the offer. I am willing to have a workday of 8 hours and I am expecting a pension of 20%,Offer,Pension Fund,20%
41,train,53,Employer,Pension fund of 10% for 10 Hour Days,Offer,Pension Fund,10%
41,train,53,Employer,Pension fund of 10% for 10 Hour Days,Offer,Working Hours,10 hours
41,train,54,Candidate,I refuse. I am expecting a workday of 8 hours and I am willing to have a pension of 20%,Reject,,True
41,train,54,Candidate,I refuse. I am expecting a workday of 8 hours and I am willing to have a pension of 20%,Offer,Working Hours,8 hours
41,train,54,Candidate,I refuse. I am expecting a workday of 8 hours and I am willing to have a pension of 20%,Offer,Pension Fund,20%
41,train,55,Employer,I reject,Reject,,True
41,train,56,Employer,Pension fund of 10%,Offer,Pension Fund,10%
41,train,57,Candidate,I reject a pension of 10%. I am expecting a pension of 20%,Reject,Pension Fund,10%
41,train,57,Candidate,I reject a pension of 10%. I am expecting a pension of 20%,Offer,Pension Fund,20%
41,train,58,Employer,Pension fund of 20% no leased car,Offer,Leased Car,Without leased car
41,train,58,Employer,Pension fund of 20% no leased car,Offer,Pension Fund,20%
41,train,59,Candidate,I accept the previous offer. I would like to move on. I demand a workday of 8 hours,Accept,,True
41,train,59,Candidate,I accept the previous offer. I would like to move on. I demand a workday of 8 hours,Offer,Working Hours,8 hours
41,train,60,Employer,10 Hours,Offer,Working Hours,10 hours
41,train,61,Candidate,I refuse 10 hours,Reject,Working Hours,10 hours
41,train,62,Employer,10 Hours,Offer,Working Hours,10 hours
41,train,63,Candidate,I reject a workday of 10 hours,Reject,Working Hours,10 hours
41,train,64,Employer,I demand 10 Hours,Offer,Working Hours,10 hours
41,train,65,Candidate,I reject 10 hours,Reject,Working Hours,10 hours
41,train,66,Employer,10 Hours,Offer,Working Hours,10 hours
41,train,67,Candidate,I disagree about a workday of 10 hours,Reject,Working Hours,10 hours
41,train,68,Employer,9 hours but 10% pension,Offer,Pension Fund,10%
41,train,68,Employer,9 hours but 10% pension,Offer,Working Hours,9 hours
41,train,69,Candidate,I agree with the offer,Accept,,True
41,train,70,Employer,you agree to 9 working hours,Offer,Working Hours,9 hours
41,train,71,Candidate,I agree with the offer,Accept,,True
41,train,72,Employer,you agree to 10% pension fund,Offer,Pension Fund,10%
41,train,73,Candidate,I agree with the offer,Accept,,True
42,train,0,Candidate,Hello. I would like to discuss the issues of my contract.,Greet,,True
42,train,1,Candidate,I want a position of project manager,Offer,Job Description,Project Manager
42,train,2,Employer,"Ok. Project Manager positions pay $90,000 and come without a leased car.",Accept,Job Description,Project Manager
42,train,2,Employer,"Ok. Project Manager positions pay $90,000 and come without a leased car.",Offer,Leased Car,Without leased car
42,train,2,Employer,"Ok. Project Manager positions pay $90,000 and come without a leased car.",Offer,Salary,"90,000 USD"
42,train,3,Candidate,"I disagree. I am expecting a salary of 120,000, I demand a position of programmer and I am willing to have a company car",Reject,,True
42,train,3,Candidate,"I disagree. I am expecting a salary of 120,000, I demand a position of programmer and I am willing to have a company car",Offer,Salary,"120,000 USD"
42,train,3,Candidate,"I disagree. I am expecting a salary of 120,000, I demand a position of programmer and I am willing to have a company car",Offer,Job Description,Programmer
42,train,3,Candidate,"I disagree. I am expecting a salary of 120,000, I demand a position of programmer and I am willing to have a company car",Offer,Leased Car,With leased car
42,train,4,Employer,"I can offer a salary of 90,000 and 10% pension, but it does not include a car",Offer,Leased Car,Without leased car
42,train,4,Employer,"I can offer a salary of 90,000 and 10% pension, but it does not include a car",Offer,Pension Fund,10%
42,train,4,Employer,"I can offer a salary of 90,000 and 10% pension, but it does not include a car",Offer,Salary,"90,000 USD"
42,train,5,Candidate,"I refuse. I want a salary of 120,000, I would like a company car and I am expecting a pension of 20%",Reject,,True
42,train,5,Candidate,"I refuse. I want a salary of 120,000, I would like a company car and I am expecting a pension of 20%",Offer,Salary,"120,000 USD"
42,train,5,Candidate,"I refuse. I want a salary of 120,000, I would like a company car and I am expecting a pension of 20%",Offer,Leased Car,With leased car
42,train,5,Candidate,"I refuse. I want a salary of 120,000, I would like a company car and I am expecting a pension of 20%",Offer,Pension Fund,20%
42,train,6,Candidate,"Sorry, I changed my preferences",Other,,
42,train,7,Candidate,I demand a position of project manager,Offer,Job Description,Project Manager
42,train,8,Employer,"The offer available is 90,000",Offer,Salary,"90,000 USD"
42,train,9,Candidate,"I accept 90,000. I would like to continue and discuss another issue. I am expecting a position of project manager",Accept,Salary,"90,000 USD"
42,train,9,Candidate,"I accept 90,000. I would like to continue and discuss another issue. I am expecting a position of project manager",Offer,Job Description,Project Manager
42,train,10,Candidate,I am expecting a position of project manager,Offer,Job Description,Project Manager
42,train,11,Employer,"I can give you the title of project manager, it involved working 10 hours",Offer,Job Description,Project Manager
42,train,11,Employer,"I can give you the title of project manager, it involved working 10 hours",Offer,Working Hours,10 hours
42,train,12,Candidate,I refuse. I would like a workday of 8 hours and I am expecting a position of programmer,Reject,,True
42,train,12,Candidate,I refuse. I would like a workday of 8 hours and I am expecting a position of programmer,Offer,Working Hours,8 hours
42,train,12,Candidate,I refuse. I would like a workday of 8 hours and I am expecting a position of programmer,Offer,Job Description,Programmer
42,train,13,Employer,Programmers work 9 hours,Offer,Job Description,Programmer
42,train,13,Employer,Programmers work 9 hours,Offer,Working Hours,9 hours
42,train,14,Candidate,I refuse. I would like a workday of 8 hours and I would like a position of project manager,Reject,,True
42,train,14,Candidate,I refuse. I would like a workday of 8 hours and I would like a position of project manager,Offer,Working Hours,8 hours
42,train,14,Candidate,I refuse. I would like a workday of 8 hours and I would like a position of project manager,Offer,Job Description,Project Manager
42,train,15,Employer,Project managers work 10 hours,Offer,Job Description,Project Manager
42,train,15,Employer,Project managers work 10 hours,Offer,Working Hours,10 hours
42,train,16,Candidate,I disagree. I want a workday of 8 hours and I would like a position of programmer,Reject,,True
42,train,16,Candidate,I disagree. I want a workday of 8 hours and I would like a position of programmer,Offer,Working Hours,8 hours
42,train,16,Candidate,I disagree. I want a workday of 8 hours and I would like a position of programmer,Offer,Job Description,Programmer
42,train,17,Employer,"Ok we can do programmer and give you a car, but that requires 9 hours",Accept,Job Description,Programmer
42,train,17,Employer,"Ok we can do programmer and give you a car, but that requires 9 hours",Offer,Leased Car,With leased car
42,train,17,Employer,"Ok we can do programmer and give you a car, but that requires 9 hours",Offer,Working Hours,9 hours
42,train,18,Candidate,"I refuse. I would like a workday of 8 hours, I want a position of project manager and I would like no agreement on leased car",Reject,,True
42,train,18,Candidate,"I refuse. I would like a workday of 8 hours, I want a position of project manager and I would like no agreement on leased car",Offer,Working Hours,8 hours
42,train,18,Candidate,"I refuse. I would like a workday of 8 hours, I want a position of project manager and I would like no agreement on leased car",Offer,Job Description,Project Manager
42,train,18,Candidate,"I refuse. I would like a workday of 8 hours, I want a position of project manager and I would like no agreement on leased car",Offer,Leased Car,No agreement
42,train,19,Candidate,"Sorry, I changed my preferences",Other,,
42,train,20,Candidate,I am expecting a position of project manager,Offer,Job Description,Project Manager
42,train,21,Candidate,I am willing to have a position of project manager,Offer,Job Description,Project Manager
42,train,22,Employer,"My final offer is programmer, 90,000, company car, 20% pension, fast track promotion and 9 hours.",Offer,Job Description,Programmer
42,train,22,Employer,"My final offer is programmer, 90,000, company car, 20% pension, fast track promotion and 9 hours.",Offer,Leased Car,With leased car
42,train,22,Employer,"My final offer is programmer, 90,000, company car, 20% pension, fast track promotion and 9 hours.",Offer,Pension Fund,20%
42,train,22,Employer,"My final offer is programmer, 90,000, company car, 20% pension, fast track promotion and 9 hours.",Offer,Promotion Possibilities,Fast promotion track
42,train,22,Employer,"My final offer is programmer, 90,000, company car, 20% pension, fast track promotion and 9 hours.",Offer,Salary,"90,000 USD"
42,train,22,Employer,"My final offer is programmer, 90,000, company car, 20% pension, fast track promotion and 9 hours.",Offer,Working Hours,9 hours
42,train,23,Candidate,I agree with the offer,Accept,,True
42,train,24,Employer,Great I'm glad we came to terms. Can you sign the agreement now?,Other,,
43,train,0,Candidate,Hello. I would like to discuss the issues of my contract.,Greet,,True
43,train,1,Candidate,I would like a position of project manager,Offer,Job Description,Project Manager
43,train,2,Employer,Hi there. Nice to meet you.,Greet,,True
43,train,3,Employer,We have a programmer opening. Would you be interested to hear about that?,Offer,Job Description,Programmer
43,train,4,Candidate,"I accept programmer position. Now let's talk about how we can agree on other issues. I want a salary of 120,000",Accept,Job Description,Programmer
43,train,4,Candidate,"I accept programmer position. Now let's talk about how we can agree on other issues. I want a salary of 120,000",Offer,Salary,"120,000 USD"
43,train,5,Employer,"I'm sorry. This is not possible. I can offer you 60,000",Offer,Salary,"60,000 USD"
43,train,5,Employer,"I'm sorry. This is not possible. I can offer you 60,000",Reject,,True
43,train,6,Candidate,"I refuse 60,000. I would like a salary of 120,000",Reject,Salary,"60,000 USD"
43,train,6,Candidate,"I refuse 60,000. I would like a salary of 120,000",Offer,Salary,"120,000 USD"
43,train,7,Employer,Please show some flexibility on this.,Reject,,True
43,train,8,Candidate,I want a position of programmer,Offer,Job Description,Programmer
43,train,9,Employer,You got it. Can you work for 10 hours a day?,Accept,,True
43,train,9,Employer,You got it. Can you work for 10 hours a day?,Offer,Working Hours,10 hours
43,train,10,Candidate,I disagree with the offer. I would like a position of project manager and I am willing to have a workday of 8 hours,Reject,,True
43,train,10,Candidate,I disagree with the offer. I would like a position of project manager and I am willing to have a workday of 8 hours,Offer,Job Description,Project Manager
43,train,10,Candidate,I disagree with the offer. I would like a position of project manager and I am willing to have a workday of 8 hours,Offer,Working Hours,8 hours
43,train,11,Employer,How about 9 hours a day?,Offer,Working Hours,9 hours
43,train,12,Candidate,I agree with a workday of 9 hours. I would like to continue and discuss another issue. I would like a position of project manager,Accept,Working Hours,9 hours
43,train,12,Candidate,I agree with a workday of 9 hours. I would like to continue and discuss another issue. I would like a position of project manager,Offer,Job Description,Project Manager
43,train,13,Employer,Not possible,Reject,,True
43,train,14,Candidate,I am expecting a position of programmer. But I must change our previous agreement. I am willing to have a workday of 8 hours,Offer,Job Description,Programmer
43,train,14,Candidate,I am expecting a position of programmer. But I must change our previous agreement. I am willing to have a workday of 8 hours,Offer,Working Hours,8 hours
43,train,15,Candidate,"Sorry, I changed my preferences",Other,,
43,train,16,Candidate,"I would like a salary of 120,000",Offer,Salary,"120,000 USD"
43,train,17,Candidate,"I am willing to have a salary of 120,000",Offer,Salary,"120,000 USD"
43,train,18,Employer,No possible ,Reject,,True
43,train,19,Candidate,"I would like a salary of 90,000",Offer,Salary,"90,000 USD"
43,train,20,Employer,"ok, but then I cannot give you a leased car",Accept,,True
43,train,20,Employer,"ok, but then I cannot give you a leased car",Offer,Leased Car,Without leased car
43,train,21,Candidate,"I reject the previous offer. I want a salary of 120,000 and I am willing to have a company car",Reject,,True
43,train,21,Candidate,"I reject the previous offer. I want a salary of 120,000 and I am willing to have a company car",Offer,Salary,"120,000 USD"
43,train,21,Candidate,"I reject the previous offer. I want a salary of 120,000 and I am willing to have a company car",Offer,Leased Car,With leased car
43,train,22,Employer,no way,Reject,,True
43,train,23,Candidate,"I am expecting a salary of 90,000",Offer,Salary,"90,000 USD"
43,train,24,Employer,90000 and no leased car,Offer,Leased Car,Without leased car
43,train,24,Employer,90000 and no leased car,Offer,Salary,"90,000 USD"
43,train,25,Candidate,"I refuse. I am willing to have a salary of 120,000 and I want a company car",Reject,,True
43,train,25,Candidate,"I refuse. I am willing to have a salary of 120,000 and I want a company car",Offer,Salary,"120,000 USD"
43,train,25,Candidate,"I refuse. I am willing to have a salary of 120,000 and I want a company car",Offer,Leased Car,With leased car
43,train,26,Employer,no,Reject,,True
43,train,27,Employer,90000 and no lease car,Offer,Leased Car,Without leased car
43,train,27,Employer,90000 and no lease car,Offer,Salary,"90,000 USD"
43,train,28,Candidate,"I refuse. I would like a salary of 120,000 and I want a company car",Reject,,True
43,train,28,Candidate,"I refuse. I would like a salary of 120,000 and I want a company car",Offer,Salary,"120,000 USD"
43,train,28,Candidate,"I refuse. I would like a salary of 120,000 and I want a company car",Offer,Leased Car,With leased car
43,train,29,Employer,"ok, how about 10% pension fund",Offer,Pension Fund,10%
43,train,30,Candidate,"I accept a pension of 10%. Now let's talk about how we can agree on other issues. I would like a salary of 120,000",Accept,Pension Fund,10%
43,train,30,Candidate,"I accept a pension of 10%. Now let's talk about how we can agree on other issues. I would like a salary of 120,000",Offer,Salary,"120,000 USD"
43,train,31,Employer,I can give you a fast promotion track,Offer,Promotion Possibilities,Fast promotion track
43,train,32,Candidate,"I accept a fast promotion track. Now let's talk about how we can agree on other issues. I want a salary of 120,000",Accept,Promotion Possibilities,Fast promotion track
43,train,32,Candidate,"I accept a fast promotion track. Now let's talk about how we can agree on other issues. I want a salary of 120,000",Offer,Salary,"120,000 USD"
43,train,33,Employer,I can give you 90000,Offer,Salary,"90,000 USD"
43,train,34,Candidate,"I accept a salary of 90,000. Now let's talk about how we can agree on other issues. I am expecting a company car",Accept,Salary,"90,000 USD"
43,train,34,Candidate,"I accept a salary of 90,000. Now let's talk about how we can agree on other issues. I am expecting a company car",Offer,Leased Car,With leased car
43,train,35,Employer,only if you work 10 hours a day,Offer,Working Hours,10 hours
43,train,36,Candidate,I reject 10 hours. I am expecting a workday of 8 hours,Reject,Working Hours,10 hours
43,train,36,Candidate,I reject 10 hours. I am expecting a workday of 8 hours,Offer,Working Hours,8 hours
43,train,37,Employer,Then you cannot have a leased car,Offer,Leased Car,Without leased car
43,train,38,Candidate,I accept no company car,Accept,Leased Car,Without leased car
43,train,39,Employer,ok,Other,,
44,train,0,Candidate,Hello. I would like to discuss the issues of my contract.,Greet,,True
44,train,1,Candidate,I want a position of project manager,Offer,Job Description,Project Manager
44,train,2,Candidate,I would like a position of project manager,Offer,Job Description,Project Manager
44,train,3,Employer,I am sorry but that position has already been filled.  I do have 1 programmer position available.,Offer,Job Description,Programmer
44,train,3,Employer,I am sorry but that position has already been filled.  I do have 1 programmer position available.,Reject,,
44,train,4,Candidate,"I accept programmer position. Now let's talk about how we can agree on other issues. I want a salary of 120,000",Accept,Job Description,Programmer
44,train,4,Candidate,"I accept programmer position. Now let's talk about how we can agree on other issues. I want a salary of 120,000",Offer,Salary,"120,000 USD"
44,train,5,Candidate,"I want a salary of 120,000",Offer,Salary,"120,000 USD"
44,train,6,Employer,"Unfortunately the salary cap for that position is substantially lower than your requested amount. I could offer you 60,000",Offer,Salary,"60,000 USD"
44,train,6,Employer,"Unfortunately the salary cap for that position is substantially lower than your requested amount. I could offer you 60,000",Reject,,
44,train,7,Candidate,"I reject a salary of 60,000. I would like a salary of 120,000",Reject,Salary,"60,000 USD"
44,train,7,Candidate,"I reject a salary of 60,000. I would like a salary of 120,000",Offer,Salary,"120,000 USD"
44,train,8,Candidate,"I would like a salary of 120,000",Offer,Salary,"120,000 USD"
44,train,9,Employer,"60,000 is the best I could do for that position. However, it comes with some benefits.",Offer,Salary,"60,000 USD"
44,train,10,Candidate,"I reject 60,000. I am willing to have a salary of 120,000",Reject,Salary,"60,000 USD"
44,train,10,Candidate,"I reject 60,000. I am willing to have a salary of 120,000",Offer,Salary,"120,000 USD"
44,train,11,Candidate,"I want a salary of 120,000",Offer,Salary,"120,000 USD"
44,train,12,Employer,"60,000 is the absolute best offer I can give you.",Offer,Salary,"60,000 USD"
44,train,13,Candidate,"I refuse 60,000. I would like a salary of 120,000",Reject,Salary,"60,000 USD"
44,train,13,Candidate,"I refuse 60,000. I would like a salary of 120,000",Offer,Salary,"120,000 USD"
44,train,14,Employer,"I might be able to give you 90,000. ",Offer,Salary,"90,000 USD"
44,train,15,Candidate,"I agree with a salary of 90,000. Now let's talk about how we can agree on other issues. I want a company car",Accept,Salary,"90,000 USD"
44,train,15,Candidate,"I agree with a salary of 90,000. Now let's talk about how we can agree on other issues. I want a company car",Offer,Leased Car,With leased car
44,train,16,Employer,A car is not available with this position.,Reject,Leased Car,With leased car
44,train,17,Candidate,I would like a company car,Offer,Leased Car,With leased car
44,train,18,Employer,"I understand and would love to offer you a company car. However, we do not have that option at this time.",Reject,,True
44,train,19,Candidate,I would like no agreement on leased car,Offer,Leased Car,No agreement
44,train,20,Employer,I can agree to that.,Accept,,True
44,train,21,Candidate,It's good to reach an agreement on this,Other,,
44,train,22,Candidate,I would like a fast promotion track,Offer,Promotion Possibilities,Fast promotion track
44,train,23,Candidate,I am expecting a fast promotion track,Offer,Promotion Possibilities,Fast promotion track
44,train,24,Candidate,I am willing to have a fast promotion track,Offer,Promotion Possibilities,Fast promotion track
44,train,25,Employer,I am glad we are able to agree on that. I think you will be happy to know that we can certainly offer fast track promotion.,Accept,Promotion Possibilities,Fast promotion track
44,train,26,Candidate,It's good to reach an agreement on fast promotion track,Other,,
44,train,27,Candidate,I would like a workday of 8 hours,Offer,Working Hours,8 hours
44,train,28,Candidate,I am willing to have a workday of 8 hours,Offer,Working Hours,8 hours
44,train,29,Employer,8 hour work days are not an option. I can offer you a 12 hour day.,Offer,Working Hours,10 hours
44,train,29,Employer,8 hour work days are not an option. I can offer you a 12 hour day.,Reject,Working Hours,8 hours
44,train,30,Candidate,I disagree about a workday of 10 hours. I would like a workday of 8 hours,Reject,Working Hours,10 hours
44,train,30,Candidate,I disagree about a workday of 10 hours. I would like a workday of 8 hours,Offer,Working Hours,8 hours
44,train,31,Employer,I could not authorize less than 10 hours.,Offer,Working Hours,10 hours
44,train,32,Candidate,I reject 10 hours. I am expecting a workday of 8 hours,Reject,Working Hours,10 hours
44,train,32,Candidate,I reject 10 hours. I am expecting a workday of 8 hours,Offer,Working Hours,8 hours
44,train,33,Employer,I would consider allowing for 9 hours but that is the lowest we can go.,Offer,Working Hours,9 hours
44,train,34,Candidate,I reject a workday of 9 hours. I am expecting a workday of 8 hours,Reject,Working Hours,9 hours
44,train,34,Candidate,I reject a workday of 9 hours. I am expecting a workday of 8 hours,Offer,Working Hours,8 hours
44,train,35,Employer,I will have to reject you offer of 8 hours but would be willing to lower from my original 10 to 9.,Offer,Working Hours,9 hours
44,train,35,Employer,I will have to reject you offer of 8 hours but would be willing to lower from my original 10 to 9.,Reject,Working Hours,8 hours
44,train,36,Candidate,I reject 9 hours. I want a workday of 8 hours,Reject,Working Hours,9 hours
44,train,36,Candidate,I reject 9 hours. I want a workday of 8 hours,Offer,Working Hours,8 hours
44,train,37,Employer,I would consider offering a pension plan as well.,Query,Offer,Pension Fund
44,train,38,Candidate,I want a pension of 20%,Offer,Pension Fund,20%
44,train,39,Employer,I can give you 10%.,Offer,Pension Fund,10%
44,train,40,Candidate,I want a pension of 20%,Offer,Pension Fund,20%
44,train,41,Employer,You said you wanted 20%. I am offering 10%.,Reject,Pension Fund,20%
44,train,41,Employer,You said you wanted 20%. I am offering 10%.,Offer,Pension Fund,10%
44,train,42,Candidate,I accept 10%. I would like to move on. I am willing to have a workday of 8 hours,Accept,Pension Fund,10%
44,train,42,Candidate,I accept 10%. I would like to move on. I am willing to have a workday of 8 hours,Offer,Working Hours,8 hours
44,train,43,Candidate,I would like a workday of 8 hours,Offer,Working Hours,8 hours
44,train,44,Employer,"8 hours is not an option. For this position you must work 10 hours. However, because I think you are exceptionally well suited to the job I am willing to offer you 9 hours",Offer,Working Hours,9 hours
44,train,44,Employer,"8 hours is not an option. For this position you must work 10 hours. However, because I think you are exceptionally well suited to the job I am willing to offer you 9 hours",Reject,Working Hours,8 hours
44,train,45,Candidate,I agree with a workday of 9 hours,Accept,Working Hours,9 hours
45,train,0,Candidate,Hello. I would like to discuss the issues of my contract.,Greet,,True
45,train,1,Candidate,I am willing to have a position of project manager,Offer,Job Description,Project Manager
45,train,2,Employer,You can be a PM but pay will be lower.  Highest pay goes to programmers.,Accept,Job Description,Project Manager
45,train,3,Candidate,It's good to reach an agreement on project manager,Other,,
45,train,4,Candidate,"I would like a salary of 120,000",Offer,Salary,"120,000 USD"
45,train,5,Employer,"Not a chance.  PM gets 60,000 here.",Offer,Salary,"60,000 USD"
45,train,5,Employer,"Not a chance.  PM gets 60,000 here.",Reject,,True
45,train,6,Candidate,"I accept 60,000. Now let's talk about how we can agree on other issues. I am expecting a company car",Accept,Salary,"60,000 USD"
45,train,6,Candidate,"I accept 60,000. Now let's talk about how we can agree on other issues. I am expecting a company car",Offer,Leased Car,With leased car
45,train,7,Employer,There will be no company car,Reject,Leased Car,With leased car
45,train,8,Candidate,I would like a company car,Offer,Leased Car,With leased car
45,train,9,Employer,You will be a programmer,Offer,Job Description,Programmer
45,train,10,Candidate,I reject a position of programmer. I am expecting a position of project manager,Reject,Job Description,Programmer
45,train,10,Candidate,I reject a position of programmer. I am expecting a position of project manager,Offer,Job Description,Project Manager
45,train,11,Employer,We can not give you a company car,Offer,Leased Car,Without leased car
45,train,12,Candidate,I refuse no company car. I want a company car,Reject,Leased Car,Without leased car
45,train,12,Candidate,I refuse no company car. I want a company car,Offer,Leased Car,With leased car
45,train,13,Employer,If you will accept a programmer position we will give you a company car,Offer,Job Description,Programmer
45,train,13,Employer,If you will accept a programmer position we will give you a company car,Offer,Leased Car,With leased car
45,train,14,Candidate,I reject the previous offer,Reject,,True
45,train,15,Employer,If you accept a QA position we will give you a company car,Offer,Job Description,QA
45,train,15,Employer,If you accept a QA position we will give you a company car,Offer,Leased Car,With leased car
45,train,16,Candidate,I disagree with the offer,Reject,,True
45,train,17,Employer,If you accept a programmer position I will give you 20% pension fund and a company car.,Offer,Job Description,Programmer
45,train,17,Employer,If you accept a programmer position I will give you 20% pension fund and a company car.,Offer,Leased Car,With leased car
45,train,17,Employer,If you accept a programmer position I will give you 20% pension fund and a company car.,Offer,Pension Fund,20%
45,train,18,Candidate,I refuse,Reject,,True
45,train,19,Employer,"Ok, I offer you a 10 hour work day, 0% pension fund, and a slow promotion track in exchange for a company car.",Offer,Leased Car,With leased car
45,train,19,Employer,"Ok, I offer you a 10 hour work day, 0% pension fund, and a slow promotion track in exchange for a company car.",Offer,Pension Fund,0%
45,train,19,Employer,"Ok, I offer you a 10 hour work day, 0% pension fund, and a slow promotion track in exchange for a company car.",Offer,Promotion Possibilities,Slow promotion track
45,train,19,Employer,"Ok, I offer you a 10 hour work day, 0% pension fund, and a slow promotion track in exchange for a company car.",Offer,Working Hours,10 hours
45,train,20,Candidate,I disagree with the offer,Reject,,True
45,train,21,Employer,what do you want,Query,,
45,train,22,Candidate,I am sorry I cannot come up with the offer right now?,Other,,
45,train,23,Candidate,What do you have to suggest?,Query,,
45,train,24,Employer,I offer 0% pension fund,Offer,Pension Fund,0%
45,train,25,Candidate,I disagree about a pension of 0%. I am expecting a pension of 20%,Reject,Pension Fund,0%
45,train,25,Candidate,I disagree about a pension of 0%. I am expecting a pension of 20%,Offer,Pension Fund,20%
45,train,26,Employer,I will give you 20% if you work 10 hour days,Offer,Pension Fund,20%
45,train,26,Employer,I will give you 20% if you work 10 hour days,Offer,Working Hours,10 hours
45,train,27,Candidate,I reject the previous offer. I would like a workday of 8 hours and I would like a pension of 10%,Reject,,True
45,train,27,Candidate,I reject the previous offer. I would like a workday of 8 hours and I would like a pension of 10%,Offer,Working Hours,8 hours
45,train,27,Candidate,I reject the previous offer. I would like a workday of 8 hours and I would like a pension of 10%,Offer,Pension Fund,10%
45,train,28,Employer,let's settle on 9 hours and 20% pension,Offer,Pension Fund,20%
45,train,28,Employer,let's settle on 9 hours and 20% pension,Offer,Working Hours,9 hours
45,train,29,Candidate,I refuse. I am willing to have a workday of 8 hours and I want a pension of 10%,Reject,,True
45,train,29,Candidate,I refuse. I am willing to have a workday of 8 hours and I want a pension of 10%,Offer,Working Hours,8 hours
45,train,29,Candidate,I refuse. I am willing to have a workday of 8 hours and I want a pension of 10%,Offer,Pension Fund,10%
45,train,30,Employer,"Ok, how about a 9 hour workday with a company car and 20% pension",Offer,Leased Car,With leased car
45,train,30,Employer,"Ok, how about a 9 hour workday with a company car and 20% pension",Offer,Pension Fund,20%
45,train,30,Employer,"Ok, how about a 9 hour workday with a company car and 20% pension",Offer,Working Hours,9 hours
45,train,31,Candidate,I refuse,Reject,,True
45,train,32,Employer,that's not how you negotiate.,Other,,
45,train,33,Employer,"Fine, what do you want?",Query,,
45,train,34,Candidate,I am sorry I cannot come up with the offer right now?,Other,,
45,train,35,Candidate,What are you willing to offer?,Query,,
45,train,36,Employer,"I will give you 90,000 for a programmer with a leased car, 20% pension, fast promotion tack, working 9 hours",Offer,Job Description,Programmer
45,train,36,Employer,"I will give you 90,000 for a programmer with a leased car, 20% pension, fast promotion tack, working 9 hours",Offer,Leased Car,With leased car
45,train,36,Employer,"I will give you 90,000 for a programmer with a leased car, 20% pension, fast promotion tack, working 9 hours",Offer,Pension Fund,20%
45,train,36,Employer,"I will give you 90,000 for a programmer with a leased car, 20% pension, fast promotion tack, working 9 hours",Offer,Promotion Possibilities,Fast promotion track
45,train,36,Employer,"I will give you 90,000 for a programmer with a leased car, 20% pension, fast promotion tack, working 9 hours",Offer,Salary,"90,000 USD"
45,train,36,Employer,"I will give you 90,000 for a programmer with a leased car, 20% pension, fast promotion tack, working 9 hours",Offer,Working Hours,9 hours
45,train,37,Candidate,I agree,Accept,,True
45,train,38,Employer,I agree too.  Let's sign.,Accept,,True
45,train,39,Candidate,I'm happy that you accept. We can sign the agreement now. Please pick the values in the agreement draft and press Sign.,Other,,
46,train,0,Candidate,Hello. I would like to discuss the issues of my contract.,Greet,,True
46,train,1,Candidate,I would like a position of project manager,Offer,Job Description,Project Manager
46,train,2,Employer,hi,Greet,,True
46,train,3,Employer,anyone there?,Other,,
46,train,4,Candidate,I would like a position of project manager,Offer,Job Description,Project Manager
46,train,5,Candidate,I want a position of project manager,Offer,Job Description,Project Manager
46,train,6,Candidate,I want a position of project manager,Offer,Job Description,Project Manager
46,train,7,Candidate,I am willing to have a position of project manager,Offer,Job Description,Project Manager
46,train,8,Employer,how about  QA?,Offer,Job Description,QA
46,train,9,Candidate,I reject qa position. I am expecting a position of project manager,Reject,Job Description,QA
46,train,9,Candidate,I reject qa position. I am expecting a position of project manager,Offer,Job Description,Project Manager
46,train,10,Candidate,I am expecting a position of project manager,Offer,Job Description,Project Manager
46,train,11,Candidate,I want a position of project manager,Offer,Job Description,Project Manager
46,train,12,Employer,that position is filled,Reject,,
46,train,13,Candidate,I want a position of programmer,Offer,Job Description,Programmer
46,train,14,Employer,great!,Accept,,True
46,train,15,Candidate,It's great that you agree,Other,,
46,train,16,Candidate,"I want a salary of 120,000",Offer,Salary,"120,000 USD"
46,train,17,Employer,the job is yours!,Other,,
46,train,18,Employer,let's discuss hours things before salary ,Query,Offer,Working Hours
46,train,19,Candidate,I would like a workday of 8 hours,Offer,Working Hours,8 hours
46,train,20,Employer,at the moment i need someone to work 10 hours a day ,Offer,Working Hours,10 hours
46,train,21,Candidate,I refuse 10 hours. I am expecting a workday of 8 hours,Reject,Working Hours,10 hours
46,train,21,Candidate,I refuse 10 hours. I am expecting a workday of 8 hours,Offer,Working Hours,8 hours
46,train,22,Candidate,I want a workday of 8 hours,Offer,Working Hours,8 hours
46,train,23,Employer,compromise on 9 hours?,Offer,Working Hours,9 hours
46,train,24,Candidate,I reject a workday of 9 hours. I would like a workday of 8 hours,Reject,Working Hours,9 hours
46,train,24,Candidate,I reject a workday of 9 hours. I would like a workday of 8 hours,Offer,Working Hours,8 hours
46,train,25,Employer,i'm sorry,Reject,,True
46,train,26,Candidate,I want a workday of 9 hours. But I must change our previous agreement. I want a position of project manager,Offer,Working Hours,9 hours
46,train,26,Candidate,I want a workday of 9 hours. But I must change our previous agreement. I want a position of project manager,Offer,Job Description,Project Manager
46,train,27,Employer,i'm not looking for a project manager anymore ,Reject,Job Description,Project Manager
46,train,28,Candidate,I would like a position of programmer,Offer,Job Description,Programmer
46,train,29,Employer,we discussed that,Accept,,True
46,train,30,Candidate,It's good to reach an agreement on this,Other,,
46,train,31,Candidate,"I would like a salary of 120,000",Offer,Salary,"120,000 USD"
46,train,32,Employer,i need a programmer who works at least 9 hours a day ,Offer,Working Hours,9 hours
46,train,33,Candidate,"I accept a workday of 9 hours. Now let's talk about how we can agree on other issues. I am willing to have a salary of 120,000",Accept,Working Hours,9 hours
46,train,33,Candidate,"I accept a workday of 9 hours. Now let's talk about how we can agree on other issues. I am willing to have a salary of 120,000",Offer,Salary,"120,000 USD"
46,train,34,Employer,let's discuss promotion possibilities,Query,Offer,Promotion Possibilities
46,train,35,Candidate,I am expecting a fast promotion track,Offer,Promotion Possibilities,Fast promotion track
46,train,36,Employer,okay,Accept,,True
46,train,37,Candidate,It's good to reach an agreement on this,Other,,
46,train,38,Candidate,"I am willing to have a salary of 120,000",Offer,Salary,"120,000 USD"
46,train,39,Employer,"because i gave you the fast promotion track, i can only offer a salary of 60,000 USD. this is non-negotiable ",Offer,Salary,"60,000 USD"
46,train,40,Candidate,"I reject 60,000. I want a salary of 120,000",Reject,Salary,"60,000 USD"
46,train,40,Candidate,"I reject 60,000. I want a salary of 120,000",Offer,Salary,"120,000 USD"
46,train,41,Employer,out of the question ,Reject,,True
46,train,42,Candidate,What do you have to suggest?,Query,,
46,train,43,Employer,perhaps we can discuss pension conditions first ,Query,Offer,Pension Fund
46,train,44,Candidate,I am willing to have a pension of 20%,Offer,Pension Fund,20%
46,train,45,Employer,deal,Accept,,True
46,train,46,Candidate,It's great that you agree,Other,,
46,train,47,Candidate,"I want a salary of 120,000",Offer,Salary,"120,000 USD"
46,train,48,Employer,"you had your choice of pension fund and promotion possibilities. therefore, you are looking at a 60,000 USD salary",Offer,Salary,"60,000 USD"
46,train,49,Candidate,"I refuse 60,000. I would like a salary of 120,000",Reject,Salary,"60,000 USD"
46,train,49,Candidate,"I refuse 60,000. I would like a salary of 120,000",Offer,Salary,"120,000 USD"
46,train,50,Employer,no,Reject,,True
46,train,51,Candidate,What are you willing to offer?,Query,,
46,train,52,Employer,"90,000",Offer,Salary,"90,000 USD"
46,train,53,Candidate,"I agree with a salary of 90,000. Now let's talk about how we can agree on other issues. I want a company car",Accept,Salary,"90,000 USD"
46,train,53,Candidate,"I agree with a salary of 90,000. Now let's talk about how we can agree on other issues. I want a company car",Offer,Leased Car,With leased car
46,train,54,Employer,"only if the salary is 60,000",Offer,Salary,"60,000 USD"
46,train,55,Candidate,"I agree with a salary of 60,000. Now let's talk about how we can agree on other issues. I am expecting a company car",Accept,Salary,"60,000 USD"
46,train,55,Candidate,"I agree with a salary of 60,000. Now let's talk about how we can agree on other issues. I am expecting a company car",Offer,Leased Car,With leased car
46,train,56,Candidate,I am expecting a company car,Offer,Leased Car,With leased car
46,train,57,Candidate,I would like a company car,Offer,Leased Car,With leased car
46,train,58,Candidate,I would like a company car,Offer,Leased Car,With leased car
47,train,0,Candidate,Hello. I would like to discuss the issues of my contract.,Greet,,True
47,train,1,Candidate,I am willing to have a position of project manager,Offer,Job Description,Project Manager
47,train,2,Employer,I feel that you would be a better fit in our organization as a Programmer. This seems to be a position that would accommodate us both nicely. What do you think?,Offer,Job Description,Programmer
47,train,3,Candidate,"I agree with a position of programmer. Now let's talk about how we can agree on other issues. I am willing to have a salary of 120,000",Accept,Job Description,Programmer
47,train,3,Candidate,"I agree with a position of programmer. Now let's talk about how we can agree on other issues. I am willing to have a salary of 120,000",Offer,Salary,"120,000 USD"
47,train,4,Candidate,"I am willing to have a salary of 120,000",Offer,Salary,"120,000 USD"
47,train,5,Employer,"120,000 is the high end of our compensation package. We feel that 90,000 would be a better starting place in light of the other benefits that your plan will entail.",Offer,Salary,"90,000 USD"
47,train,5,Employer,"120,000 is the high end of our compensation package. We feel that 90,000 would be a better starting place in light of the other benefits that your plan will entail.",Reject,Salary,"120,000 USD"
47,train,6,Candidate,"I refuse 90,000. I am expecting a salary of 120,000",Reject,Salary,"90,000 USD"
47,train,6,Candidate,"I refuse 90,000. I am expecting a salary of 120,000",Offer,Salary,"120,000 USD"
47,train,7,Employer,I understand your position but I hope you understand that if you want higher salary it will entail fewer benefits.,Reject,,True
47,train,8,Candidate,"I would like a salary of 90,000. But I must change our previous agreement. I would like a position of project manager",Offer,Salary,"90,000 USD"
47,train,8,Candidate,"I would like a salary of 90,000. But I must change our previous agreement. I would like a position of project manager",Offer,Job Description,Project Manager
47,train,9,Candidate,"Sorry, I changed my preferences",Other,,
47,train,10,Candidate,"I would like a salary of 120,000",Offer,Salary,"120,000 USD"
47,train,11,Employer,"I'm sorry we already agreed upon programmer. I will offer you a salary of 120,000 if you remain in the programmer position. Should you feel the need to re-define your roll now a salary drop will come with it.",Offer,Job Description,Programmer
47,train,11,Employer,"I'm sorry we already agreed upon programmer. I will offer you a salary of 120,000 if you remain in the programmer position. Should you feel the need to re-define your roll now a salary drop will come with it.",Offer,Salary,"120,000 USD"
47,train,12,Candidate,I agree with the offer. Now let's talk about how we can agree on other issues. I am expecting a company car,Accept,,True
47,train,12,Candidate,I agree with the offer. Now let's talk about how we can agree on other issues. I am expecting a company car,Offer,Leased Car,With leased car
47,train,13,Candidate,I am expecting a company car,Offer,Leased Car,With leased car
47,train,14,Employer,I offered you the highest compensation package we have. In exchange for that large sum of yearly funds it is the feeling of the company that you can provide your own transportation and therefore we are in favor of you working without a leased car.,Offer,Leased Car,Without leased car
47,train,15,Candidate,I accept no company car. Let's proceed to another issue. I am expecting a fast promotion track,Accept,Leased Car,Without leased car
47,train,15,Candidate,I accept no company car. Let's proceed to another issue. I am expecting a fast promotion track,Offer,Promotion Possibilities,Fast promotion track
47,train,16,Employer,You skills are consistent with this request. I agree to a fast promotion rack for you.,Accept,Promotion Possibilities,Fast promotion track
47,train,17,Candidate,It's good to reach an agreement on fast promotion track,Other,,
47,train,18,Candidate,I want a workday of 8 hours,Offer,Working Hours,8 hours
47,train,19,Candidate,I am expecting a workday of 8 hours,Offer,Working Hours,8 hours
47,train,20,Employer,"The industry minimum is 9 hours but we would prefer 10 given your fact track toward promotion, large salary, and good position in the company.",Offer,Working Hours,10 hours
47,train,21,Candidate,I disagree about a workday of 10 hours. I am expecting a workday of 8 hours,Reject,Working Hours,10 hours
47,train,21,Candidate,I disagree about a workday of 10 hours. I am expecting a workday of 8 hours,Offer,Working Hours,8 hours
47,train,22,Employer,How about we meet in the middle and agree upon a 9 hour work day?,Offer,Working Hours,9 hours
47,train,23,Candidate,I reject a workday of 9 hours. I am willing to have a workday of 8 hours,Reject,Working Hours,9 hours
47,train,23,Candidate,I reject a workday of 9 hours. I am willing to have a workday of 8 hours,Offer,Working Hours,8 hours
47,train,24,Employer,In regard to your pension fund I believe 10% would be a fair place to start given your generous salary and fast track for management,Offer,Pension Fund,10%
47,train,25,Candidate,I accept 10%. I would like to move on. I want a workday of 8 hours,Accept,Pension Fund,10%
47,train,25,Candidate,I accept 10%. I would like to move on. I want a workday of 8 hours,Offer,Working Hours,8 hours
47,train,26,Candidate,I want a workday of 8 hours,Offer,Working Hours,8 hours
47,train,27,Employer,"We believe that 9 hours is a better choice due to your large compensation package, generous promotion track, and powerful position within the company. Furthermore we'd be willing to provide you with a leased car in exchange for a 9 hour work day.",Offer,Leased Car,With leased car
47,train,27,Employer,"We believe that 9 hours is a better choice due to your large compensation package, generous promotion track, and powerful position within the company. Furthermore we'd be willing to provide you with a leased car in exchange for a 9 hour work day.",Offer,Working Hours,9 hours
47,train,28,Candidate,I disagree. I am expecting a workday of 8 hours and I would like no agreement on leased car,Reject,,True
47,train,28,Candidate,I disagree. I am expecting a workday of 8 hours and I would like no agreement on leased car,Offer,Working Hours,8 hours
47,train,28,Candidate,I disagree. I am expecting a workday of 8 hours and I would like no agreement on leased car,Offer,Leased Car,No agreement
47,train,29,Candidate,"Sorry, I changed my preferences",Other,,
47,train,30,Candidate,I am expecting a workday of 8 hours,Offer,Working Hours,8 hours
47,train,31,Employer,I'm sorry we formerly agreed to no without a leased car and I am going to expect you to maintain that position. ,Offer,Leased Car,Without leased car
47,train,32,Candidate,I agree with no company car. I would like to move on. I want a workday of 8 hours,Accept,Leased Car,Without leased car
47,train,32,Candidate,I agree with no company car. I would like to move on. I want a workday of 8 hours,Offer,Working Hours,8 hours
47,train,33,Employer,Is there nothing I can say that will make you be willing to accept a 9 or 10 hour work day?,Offer,Working Hours,9 hours
47,train,34,Candidate,I reject 9 hours. I would like a workday of 8 hours,Reject,Working Hours,9 hours
47,train,34,Candidate,I reject 9 hours. I would like a workday of 8 hours,Offer,Working Hours,8 hours
47,train,35,Employer,"Very well but in exchange for an 8 hour work day I would like to accept a salary of 90,000.",Offer,Salary,"90,000 USD"
47,train,35,Employer,"Very well but in exchange for an 8 hour work day I would like to accept a salary of 90,000.",Offer,Working Hours,8 hours
47,train,36,Candidate,I accept the previous offer,Accept,,True
47,train,37,Employer,The previous offer is no longer valid. If you are willing to work 9 hours I will offer you more money.,Offer,Working Hours,9 hours
47,train,38,Candidate,I reject a workday of 9 hours. I am expecting a workday of 8 hours,Reject,Working Hours,9 hours
47,train,38,Candidate,I reject a workday of 9 hours. I am expecting a workday of 8 hours,Offer,Working Hours,8 hours
47,train,39,Employer,"For 8 hours we feel a 90,000 salary is the outer realm of fair I can accommodate.",Offer,Salary,"90,000 USD"
47,train,39,Employer,"For 8 hours we feel a 90,000 salary is the outer realm of fair I can accommodate.",Offer,Working Hours,8 hours
47,train,40,Candidate,I agree with the offer,Accept,,True
47,train,41,Employer,"You can have an 8 hour work day but that comes with a 90,000 salary.",Offer,Salary,"90,000 USD"
47,train,41,Employer,"You can have an 8 hour work day but that comes with a 90,000 salary.",Offer,Working Hours,8 hours
47,train,42,Candidate,I agree,Accept,,True
47,train,43,Employer,"Please agree to the 90,000 salary offer and we can sign this agreement then.",Offer,Salary,"90,000 USD"
47,train,44,Candidate,I accept the previous offer,Accept,,True
48,train,0,Candidate,Hello. I would like to discuss the issues of my contract.,Greet,,True
48,train,1,Candidate,I demand a position of project manager,Offer,Job Description,Project Manager
48,train,2,Candidate,I want a position of project manager,Offer,Job Description,Project Manager
48,train,3,Employer,"We're happy to offer you the position of project manager; however, that will mean a slow promotion track and no leased car at your disposal.  If you are willing to accept those terms, along with the $60,000/year salary, 10-hour work day and 10% pension fund, we have an agreement.",Accept,Job Description,Project Manager
48,train,3,Employer,"We're happy to offer you the position of project manager; however, that will mean a slow promotion track and no leased car at your disposal.  If you are willing to accept those terms, along with the $60,000/year salary, 10-hour work day and 10% pension fund, we have an agreement.",Offer,Leased Car,Without leased car
48,train,3,Employer,"We're happy to offer you the position of project manager; however, that will mean a slow promotion track and no leased car at your disposal.  If you are willing to accept those terms, along with the $60,000/year salary, 10-hour work day and 10% pension fund, we have an agreement.",Offer,Pension Fund,10%
48,train,3,Employer,"We're happy to offer you the position of project manager; however, that will mean a slow promotion track and no leased car at your disposal.  If you are willing to accept those terms, along with the $60,000/year salary, 10-hour work day and 10% pension fund, we have an agreement.",Offer,Promotion Possibilities,Slow promotion track
48,train,3,Employer,"We're happy to offer you the position of project manager; however, that will mean a slow promotion track and no leased car at your disposal.  If you are willing to accept those terms, along with the $60,000/year salary, 10-hour work day and 10% pension fund, we have an agreement.",Offer,Salary,"60,000 USD"
48,train,3,Employer,"We're happy to offer you the position of project manager; however, that will mean a slow promotion track and no leased car at your disposal.  If you are willing to accept those terms, along with the $60,000/year salary, 10-hour work day and 10% pension fund, we have an agreement.",Offer,Working Hours,10 hours
48,train,4,Candidate,I refuse,Reject,,True
48,train,5,Employer,What term or terms are causing you to refuse the offer?,Other,,
48,train,6,Candidate,I am willing to have a position of project manager,Offer,Job Description,Project Manager
48,train,7,Employer,"Yes, we're offering that.  What is the sticking point for you?  What particular term of the negotiation are you rejecting?",Accept,,True
48,train,8,Candidate,It's great that you agree,Other,,
48,train,9,Candidate,"I am expecting a salary of 120,000",Offer,Salary,"120,000 USD"
48,train,10,Candidate,"I demand a salary of 120,000",Offer,Salary,"120,000 USD"
48,train,11,Employer,"120,000 is very high end.  We are willing to offer you 90,000/year; however.",Offer,Salary,"90,000 USD"
48,train,11,Employer,"120,000 is very high end.  We are willing to offer you 90,000/year; however.",Reject,Salary,"120,000 USD"
48,train,12,Candidate,"I accept 90,000. Now let's talk about how we can agree on other issues. I am expecting a company car",Accept,Salary,"90,000 USD"
48,train,12,Candidate,"I accept 90,000. Now let's talk about how we can agree on other issues. I am expecting a company car",Offer,Leased Car,With leased car
48,train,13,Candidate,I am expecting a company car,Offer,Leased Car,With leased car
48,train,14,Employer,We can offer you a leased car.  That's fine.,Accept,Leased Car,With leased car
48,train,15,Candidate,It's good to reach an agreement on with leased car,Other,,
48,train,16,Candidate,I demand a fast promotion track,Offer,Promotion Possibilities,Fast promotion track
48,train,17,Candidate,I am expecting a fast promotion track,Offer,Promotion Possibilities,Fast promotion track
48,train,18,Employer,"I can offer you a fast promotion track, provided you continue with the terms on which we've already agreed, plus agree to the 10 work hours.",Offer,Promotion Possibilities,Fast promotion track
48,train,18,Employer,"I can offer you a fast promotion track, provided you continue with the terms on which we've already agreed, plus agree to the 10 work hours.",Offer,Working Hours,10 hours
48,train,19,Candidate,I accept the previous offer. Let's discuss another issue. I am willing to have a pension of 20%,Accept,,True
48,train,19,Candidate,I accept the previous offer. Let's discuss another issue. I am willing to have a pension of 20%,Offer,Pension Fund,20%
48,train,20,Candidate,I am expecting a pension of 20%,Offer,Pension Fund,20%
48,train,21,Employer,"We're willing to offer the 20% pension plan, provided you agree to all the other terms.",Accept,Pension Fund,20%
48,train,22,Candidate,I'm happy that you accept. We can sign the agreement now. Please pick the values in the agreement draft and press Sign.,Other,,
49,train,0,Candidate,Hello. I would like to discuss the issues of my contract.,Greet,,True
49,train,1,Candidate,I am willing to have a position of project manager,Offer,Job Description,Project Manager
49,train,2,Employer,Hi,Greet,,True
49,train,3,Employer,Will you be willing to be a programmer?,Offer,Job Description,Programmer
49,train,4,Candidate,"I accept programmer position. Now let's talk about how we can agree on other issues. I am expecting a salary of 120,000",Accept,Job Description,Programmer
49,train,4,Candidate,"I accept programmer position. Now let's talk about how we can agree on other issues. I am expecting a salary of 120,000",Offer,Salary,"120,000 USD"
49,train,5,Employer,"That's out of the question. I can give 60,000",Offer,Salary,"60,000 USD"
49,train,5,Employer,"That's out of the question. I can give 60,000",Reject,,True
49,train,6,Candidate,"I refuse 60,000. I want a salary of 120,000",Reject,Salary,"60,000 USD"
49,train,6,Candidate,"I refuse 60,000. I want a salary of 120,000",Offer,Salary,"120,000 USD"
49,train,7,Candidate,"I want a salary of 120,000",Offer,Salary,"120,000 USD"
49,train,8,Employer,Then we won't be able to get to an agreement then,Reject,,True
49,train,9,Candidate,"I want a salary of 90,000. But I must change our previous agreement. I am willing to have a position of project manager",Offer,Salary,"90,000 USD"
49,train,9,Candidate,"I want a salary of 90,000. But I must change our previous agreement. I am willing to have a position of project manager",Offer,Job Description,Project Manager
49,train,10,Employer,"I am only authorize to offer that amount. 60,000",Offer,Salary,"60,000 USD"
49,train,11,Candidate,"I reject a salary of 60,000. I would like a salary of 120,000",Reject,Salary,"60,000 USD"
49,train,11,Candidate,"I reject a salary of 60,000. I would like a salary of 120,000",Offer,Salary,"120,000 USD"
49,train,12,Employer,"A salary of 90,000 for programmer position",Offer,Job Description,Programmer
49,train,12,Employer,"A salary of 90,000 for programmer position",Offer,Salary,"90,000 USD"
49,train,13,Candidate,"I disagree. I would like a salary of 120,000 and I am willing to have a position of project manager",Reject,,True
49,train,13,Candidate,"I disagree. I would like a salary of 120,000 and I am willing to have a position of project manager",Offer,Salary,"120,000 USD"
49,train,13,Candidate,"I disagree. I would like a salary of 120,000 and I am willing to have a position of project manager",Offer,Job Description,Project Manager
49,train,14,Employer,"I can only offer 90,000 to a programmer",Offer,Job Description,Programmer
49,train,14,Employer,"I can only offer 90,000 to a programmer",Offer,Salary,"90,000 USD"
49,train,15,Candidate,"I reject the previous offer. I am expecting a salary of 120,000 and I demand a position of project manager",Reject,,True
49,train,15,Candidate,"I reject the previous offer. I am expecting a salary of 120,000 and I demand a position of project manager",Offer,Salary,"120,000 USD"
49,train,15,Candidate,"I reject the previous offer. I am expecting a salary of 120,000 and I demand a position of project manager",Offer,Job Description,Project Manager
49,train,16,Employer,I cannot do that.,Reject,,True
49,train,17,Candidate,I would like a position of programmer,Offer,Job Description,Programmer
49,train,18,Employer,"90,000 for a programmer position is my final offer.",Offer,Job Description,Programmer
49,train,18,Employer,"90,000 for a programmer position is my final offer.",Offer,Salary,"90,000 USD"
49,train,19,Candidate,I agree. Now let's talk about how we can agree on other issues. I want a company car,Accept,,True
49,train,19,Candidate,I agree. Now let's talk about how we can agree on other issues. I want a company car,Offer,Leased Car,With leased car
49,train,20,Employer,we don't offer cars,Reject,Leased Car,With leased car
49,train,21,Candidate,I would like a company car,Offer,Leased Car,With leased car
49,train,22,Employer,no company cars but i can issue a pension fund of 10%,Offer,Leased Car,Without leased car
49,train,22,Employer,no company cars but i can issue a pension fund of 10%,Offer,Pension Fund,10%
49,train,23,Candidate,I refuse,Reject,,True
49,train,24,Employer,i can also throw in an assurance for a fast promotion track,Offer,Promotion Possibilities,Fast promotion track
49,train,25,Candidate,I agree with a fast promotion track. Now let's talk about how we can agree on other issues. I am expecting a company car,Accept,Promotion Possibilities,Fast promotion track
49,train,25,Candidate,I agree with a fast promotion track. Now let's talk about how we can agree on other issues. I am expecting a company car,Offer,Leased Car,With leased car
49,train,26,Employer,I can only agree on the fast promotion track if you can work without a company car,Offer,Leased Car,Without leased car
49,train,26,Employer,I can only agree on the fast promotion track if you can work without a company car,Offer,Promotion Possibilities,Fast promotion track
49,train,27,Candidate,I refuse,Reject,,True
49,train,28,Employer,A pension of 10% is worth way more than a company car,Offer,Leased Car,Without leased car
49,train,28,Employer,A pension of 10% is worth way more than a company car,Offer,Pension Fund,10%
49,train,29,Candidate,I reject the previous offer,Reject,,True
49,train,30,Employer,How about you just work 9 hours a day instead of 10 hours and ill throw in the pension at 10% the fast promotion track as well but no company car,Offer,Leased Car,Without leased car
49,train,30,Employer,How about you just work 9 hours a day instead of 10 hours and ill throw in the pension at 10% the fast promotion track as well but no company car,Offer,Pension Fund,10%
49,train,30,Employer,How about you just work 9 hours a day instead of 10 hours and ill throw in the pension at 10% the fast promotion track as well but no company car,Offer,Promotion Possibilities,Fast promotion track
49,train,30,Employer,How about you just work 9 hours a day instead of 10 hours and ill throw in the pension at 10% the fast promotion track as well but no company car,Offer,Working Hours,9 hours
49,train,31,Candidate,I reject the previous offer,Reject,,True
49,train,32,Employer,Time is running out sir.,Other,,
49,train,33,Candidate,I want a company car,Offer,Leased Car,With leased car
49,train,34,Employer,Fast promotion Track + 10% pension fund + no company car + 9 hours working time. that is my final offer,Offer,Leased Car,Without leased car
49,train,34,Employer,Fast promotion Track + 10% pension fund + no company car + 9 hours working time. that is my final offer,Offer,Pension Fund,10%
49,train,34,Employer,Fast promotion Track + 10% pension fund + no company car + 9 hours working time. that is my final offer,Offer,Promotion Possibilities,Fast promotion track
49,train,34,Employer,Fast promotion Track + 10% pension fund + no company car + 9 hours working time. that is my final offer,Offer,Working Hours,9 hours
49,train,35,Candidate,I disagree,Reject,,True
49,train,36,Employer,ill give you the company car if and only if you work 10 hours,Offer,Leased Car,With leased car
49,train,36,Employer,ill give you the company car if and only if you work 10 hours,Offer,Working Hours,10 hours
49,train,37,Candidate,I accept the previous offer. Let's discuss another issue. I want a pension of 20%,Accept,,True
49,train,37,Candidate,I accept the previous offer. Let's discuss another issue. I want a pension of 20%,Offer,Pension Fund,20%
49,train,38,Employer,no,Reject,,True
49,train,39,Employer,10% is my final offer,Offer,Pension Fund,10%
49,train,40,Candidate,I reject 10%. I am willing to have a pension of 20%,Reject,Pension Fund,10%
49,train,40,Candidate,I reject 10%. I am willing to have a pension of 20%,Offer,Pension Fund,20%
49,train,41,Employer,i reject that offer and am willing to give you 10% pension fund ,Offer,Pension Fund,10%
49,train,41,Employer,i reject that offer and am willing to give you 10% pension fund ,Reject,,True
49,train,42,Candidate,I refuse 10%. I demand a pension of 20%,Reject,Pension Fund,10%
49,train,42,Candidate,I refuse 10%. I demand a pension of 20%,Offer,Pension Fund,20%
49,train,43,Employer,10% pension fund plus fast promotion track. and that's it.,Offer,Pension Fund,10%
49,train,43,Employer,10% pension fund plus fast promotion track. and that's it.,Offer,Promotion Possibilities,Fast promotion track
49,train,44,Candidate,I refuse,Reject,,True
49,train,45,Employer,With an assurance of fast promotion you can get a higher base calculation for the 10% anyway.,Offer,Promotion Possibilities,Fast promotion track
49,train,45,Employer,With an assurance of fast promotion you can get a higher base calculation for the 10% anyway.,Offer,Pension Fund,10%
49,train,46,Candidate,I disagree with the offer,Reject,,True
49,train,47,Candidate,I am willing to have a pension of 20%,Offer,Pension Fund,20%
49,train,48,Employer,10% and fast promotion,Offer,Pension Fund,10%
49,train,48,Employer,10% and fast promotion,Offer,Promotion Possibilities,Fast promotion track
49,train,49,Candidate,I agree,Accept,,True
49,train,50,Employer,you agree with 10% and fast promotion?,Offer,Pension Fund,10%
49,train,50,Employer,you agree with 10% and fast promotion?,Offer,Promotion Possibilities,Fast promotion track
49,train,51,Candidate,I agree,Accept,,True
49,train,52,Employer,sign the agreement and we have a deal,Other,,
5,train,0,Candidate,Hello. I would like to discuss the issues of my contract.,Greet,,True
5,train,1,Candidate,I would like a position of project manager,Offer,Job Description,Project Manager
5,train,2,Employer,Hello I am glad to discuss those issues.,Greet,,True
5,train,3,Employer,How can I help you?,Query,,
5,train,4,Candidate,I would like a position of project manager,Offer,Job Description,Project Manager
5,train,5,Employer,are you sure you wouldnt rather be a programmer?,Offer,Job Description,Programmer
5,train,6,Candidate,I refuse programmer position. I am expecting a position of project manager,Reject,Job Description,Programmer
5,train,6,Candidate,I refuse programmer position. I am expecting a position of project manager,Offer,Job Description,Project Manager
5,train,7,Employer,what about Quality assurance?,Offer,Job Description,QA
5,train,8,Candidate,I reject qa position. I would like a position of project manager,Reject,Job Description,QA
5,train,8,Candidate,I reject qa position. I would like a position of project manager,Offer,Job Description,Project Manager
5,train,9,Employer,well I tell you what.  I will give you the project manager position if you choose to work 10 hours,Offer,Job Description,Project Manager
5,train,9,Employer,well I tell you what.  I will give you the project manager position if you choose to work 10 hours,Offer,Working Hours,10 hours
5,train,10,Candidate,"I accept the previous offer. Now let's talk about how we can agree on other issues. I want a salary of 120,000",Accept,,True
5,train,10,Candidate,"I accept the previous offer. Now let's talk about how we can agree on other issues. I want a salary of 120,000",Offer,Salary,"120,000 USD"
5,train,11,Employer,well what do you have to offer?,Query,,
5,train,12,Candidate,"I want a salary of 120,000",Offer,Salary,"120,000 USD"
5,train,13,Employer,"i can only offer 60,000 at this point in time",Offer,Salary,"60,000 USD"
5,train,14,Candidate,"I accept 60,000. Let's discuss another issue. I demand a pension of 20%",Accept,Salary,"60,000 USD"
5,train,14,Candidate,"I accept 60,000. Let's discuss another issue. I demand a pension of 20%",Offer,Pension Fund,20%
5,train,15,Employer,would you like a leased car or not a leased car?,Query,Offer,Leased Car
5,train,16,Candidate,I am willing to have a company car,Offer,Leased Car,With leased car
5,train,17,Employer,so is that without leased car?,Offer,Leased Car,Without leased car
5,train,18,Candidate,I agree with no company car. Let's discuss another issue. I am expecting a pension of 20%,Accept,Leased Car,Without leased car
5,train,18,Candidate,I agree with no company car. Let's discuss another issue. I am expecting a pension of 20%,Offer,Pension Fund,20%
5,train,19,Employer,if you swap from project manager to team manager i can bump you up to 20%,Offer,Job Description,Team Manager
5,train,19,Employer,if you swap from project manager to team manager i can bump you up to 20%,Offer,Pension Fund,20%
5,train,20,Candidate,I disagree,Reject,,True
5,train,21,Employer,then i cant give you 20% the best I can do is 10% as a project manager,Offer,Pension Fund,10%
5,train,21,Employer,then i cant give you 20% the best I can do is 10% as a project manager,Reject,Pension Fund,20%
5,train,22,Candidate,I disagree about a pension of 10%. I demand a pension of 20%,Reject,Pension Fund,10%
5,train,22,Candidate,I disagree about a pension of 10%. I demand a pension of 20%,Offer,Pension Fund,20%
5,train,23,Employer,"Well the only way I can give you 20% is as a team manager, if you do not want to be a team manager then its 10% or nothing",Offer,Job Description,Team Manager
5,train,23,Employer,"Well the only way I can give you 20% is as a team manager, if you do not want to be a team manager then its 10% or nothing",Offer,Pension Fund,20%
5,train,24,Candidate,I disagree with the offer,Reject,,True
5,train,25,Employer,ok then no agreement on the pension fund,Offer,Pension Fund,No agreement
5,train,26,Candidate,I refuse no agreement on pension. I want a pension of 20%,Reject,Pension Fund,No agreement
5,train,26,Candidate,I refuse no agreement on pension. I want a pension of 20%,Offer,Pension Fund,20%
5,train,27,Employer,well i cannot give you 20 unless you have something else to offer,Reject,Pension Fund,20%
5,train,28,Candidate,"I am expecting a pension of 10%. But I must change our previous agreement. I am willing to have a workday of 10 hours, I would like a salary of 60,000 and I am expecting a company car",Offer,Pension Fund,10%
5,train,28,Candidate,"I am expecting a pension of 10%. But I must change our previous agreement. I am willing to have a workday of 10 hours, I would like a salary of 60,000 and I am expecting a company car",Offer,Working Hours,10 hours
5,train,28,Candidate,"I am expecting a pension of 10%. But I must change our previous agreement. I am willing to have a workday of 10 hours, I would like a salary of 60,000 and I am expecting a company car",Offer,Salary,"60,000 USD"
5,train,28,Candidate,"I am expecting a pension of 10%. But I must change our previous agreement. I am willing to have a workday of 10 hours, I would like a salary of 60,000 and I am expecting a company car",Offer,Leased Car,With leased car
5,train,29,Employer,is a company car a leased car?,Query,Offer,Leased Car
5,train,30,Candidate,I am expecting a company car,Offer,Leased Car,With leased car
5,train,31,Candidate,I demand a company car,Offer,Leased Car,With leased car
5,train,32,Candidate,I am expecting a company car,Offer,Leased Car,With leased car
5,train,33,Employer,are you still dead set on being a project manager?,Query,Offer,Job Description
5,train,34,Candidate,I am expecting a position of project manager,Offer,Job Description,Project Manager
5,train,35,Employer,then i cannot give you a company car,Offer,Leased Car,Without leased car
5,train,36,Candidate,I accept no company car. I would like to continue and discuss another issue. I am willing to have a position of project manager,Accept,Leased Car,Without leased car
5,train,36,Candidate,I accept no company car. I would like to continue and discuss another issue. I am willing to have a position of project manager,Offer,Job Description,Project Manager
5,train,37,Candidate,I demand a position of project manager,Offer,Job Description,Project Manager
5,train,38,Employer,"ok so you are getting a salary of $60,000, job of project manager, without company car, 10% pension fund, and 10 hour work week.",Offer,Job Description,Project Manager
5,train,38,Employer,"ok so you are getting a salary of $60,000, job of project manager, without company car, 10% pension fund, and 10 hour work week.",Offer,Leased Car,Without leased car
5,train,38,Employer,"ok so you are getting a salary of $60,000, job of project manager, without company car, 10% pension fund, and 10 hour work week.",Offer,Pension Fund,10%
5,train,38,Employer,"ok so you are getting a salary of $60,000, job of project manager, without company car, 10% pension fund, and 10 hour work week.",Offer,Salary,"60,000 USD"
5,train,38,Employer,"ok so you are getting a salary of $60,000, job of project manager, without company car, 10% pension fund, and 10 hour work week.",Offer,Working Hours,10 hours
5,train,39,Candidate,I accept the previous offer. Let's proceed to another issue. I am willing to have a fast promotion track,Accept,,True
5,train,39,Candidate,I accept the previous offer. Let's proceed to another issue. I am willing to have a fast promotion track,Offer,Promotion Possibilities,Fast promotion track
5,train,40,Employer,ok its yours,Accept,,True
5,train,41,Candidate,It's good to reach an agreement on this,Other,,
50,train,0,Candidate,Hello. I would like to discuss the issues of my contract.,Greet,,True
50,train,1,Candidate,I am expecting a position of project manager,Offer,Job Description,Project Manager
50,train,2,Employer,How about Team Manager?,Offer,Job Description,Team Manager
50,train,3,Candidate,"I accept team manager position. Now let's talk about how we can agree on other issues. I want a salary of 120,000",Accept,Job Description,Team Manager
50,train,3,Candidate,"I accept team manager position. Now let's talk about how we can agree on other issues. I want a salary of 120,000",Offer,Salary,"120,000 USD"
50,train,4,Employer,"How about a salary of 60,000",Offer,Salary,"60,000 USD"
50,train,5,Candidate,"I disagree about a salary of 60,000. I am willing to have a salary of 120,000",Reject,Salary,"60,000 USD"
50,train,5,Candidate,"I disagree about a salary of 60,000. I am willing to have a salary of 120,000",Offer,Salary,"120,000 USD"
50,train,6,Employer,"I will only do a salary of 90,000",Offer,Salary,"90,000 USD"
50,train,7,Candidate,"I reject a salary of 90,000. I am expecting a salary of 120,000",Reject,Salary,"90,000 USD"
50,train,7,Candidate,"I reject a salary of 90,000. I am expecting a salary of 120,000",Offer,Salary,"120,000 USD"
50,train,8,Employer,"No a salary of 90,000.",Offer,Salary,"90,000 USD"
50,train,8,Employer,"No a salary of 90,000.",Reject,,True
50,train,9,Candidate,"I reject a salary of 90,000. I am willing to have a salary of 120,000",Reject,Salary,"90,000 USD"
50,train,9,Candidate,"I reject a salary of 90,000. I am willing to have a salary of 120,000",Offer,Salary,"120,000 USD"
50,train,10,Employer,Lets talk about the Pension,Query,Offer,Pension Fund
50,train,11,Candidate,I want a pension of 20%,Offer,Pension Fund,20%
50,train,12,Employer,I can give you a pension of 10%.,Offer,Pension Fund,10%
50,train,13,Candidate,"I agree with a pension of 10%. Now let's talk about how we can agree on other issues. I want a salary of 120,000",Accept,Pension Fund,10%
50,train,13,Candidate,"I agree with a pension of 10%. Now let's talk about how we can agree on other issues. I want a salary of 120,000",Offer,Salary,"120,000 USD"
50,train,14,Candidate,"I am willing to have a salary of 120,000",Offer,Salary,"120,000 USD"
50,train,15,Employer,No. lets talk about the promotion.,Query,Offer,Promotion Possibilities
50,train,15,Employer,No. lets talk about the promotion.,Reject,,True
50,train,16,Candidate,I want a fast promotion track,Offer,Promotion Possibilities,Fast promotion track
50,train,17,Candidate,"I want a salary of 90,000",Offer,Salary,"90,000 USD"
50,train,18,Employer,I agree to the salary.,Accept,,
50,train,19,Candidate,It's great that we agreed on salary,Other,,
50,train,20,Candidate,I want a fast promotion track,Offer,Promotion Possibilities,Fast promotion track
50,train,21,Employer,I agree,Accept,,True
50,train,22,Candidate,It's good to reach an agreement on this,Other,,
50,train,23,Candidate,I am willing to have a company car,Offer,Leased Car,With leased car
50,train,24,Employer,Lets talk about work hours.,Query,Offer,Working Hours
50,train,25,Candidate,I am expecting a workday of 8 hours,Offer,Working Hours,8 hours
50,train,26,Employer,I am expecting a workday of 10 hours. If you do you will receive a company car.,Offer,Leased Car,With leased car
50,train,26,Employer,I am expecting a workday of 10 hours. If you do you will receive a company car.,Offer,Working Hours,10 hours
50,train,27,Candidate,I reject the previous offer,Reject,,True
50,train,28,Employer,I can then give you a 9 hour workday.,Offer,Working Hours,9 hours
50,train,29,Candidate,I refuse 9 hours,Reject,Working Hours,9 hours
50,train,30,Candidate,What are you willing to offer?,Query,,
50,train,31,Employer,A 9 hour workday.,Offer,Working Hours,9 hours
50,train,32,Candidate,I disagree about a workday of 9 hours. I am expecting a workday of 8 hours,Reject,Working Hours,9 hours
50,train,32,Candidate,I disagree about a workday of 9 hours. I am expecting a workday of 8 hours,Offer,Working Hours,8 hours
50,train,33,Candidate,"Sorry, I changed my preferences",Other,,
50,train,34,Candidate,I am willing to have a company car,Offer,Leased Car,With leased car
50,train,35,Employer,If you work 8 we have to redo your job description.,Other,,
50,train,36,Candidate,I would like no agreement on leased car,Offer,Leased Car,No agreement
50,train,37,Employer,No car.,Offer,Leased Car,Without leased car
50,train,38,Candidate,I agree with no company car. I would like to move on. I would like a workday of 8 hours,Accept,Leased Car,Without leased car
50,train,38,Candidate,I agree with no company car. I would like to move on. I would like a workday of 8 hours,Offer,Working Hours,8 hours
50,train,39,Candidate,I would like a workday of 8 hours,Offer,Working Hours,8 hours
50,train,40,Employer,How about you be a programmer,Offer,Job Description,Programmer
50,train,41,Candidate,I accept programmer position. I would like to move on. I am expecting a workday of 8 hours,Accept,Job Description,Programmer
50,train,41,Candidate,I accept programmer position. I would like to move on. I am expecting a workday of 8 hours,Offer,Working Hours,8 hours
50,train,42,Employer,I agree to the 8 hour workday.,Accept,Working Hours,8 hours
50,train,43,Candidate,I'm happy that you accept. We can sign the agreement now. Please pick the values in the agreement draft and press Sign.,Other,,
51,train,0,Candidate,Hello. I would like to discuss the issues of my contract.,Greet,,True
51,train,1,Candidate,I demand a position of project manager,Offer,Job Description,Project Manager
51,train,2,Candidate,I am willing to have a position of project manager,Offer,Job Description,Project Manager
51,train,3,Employer,"I cannot offer more than $60,000 salary for a project manager.",Offer,Job Description,Project Manager
51,train,3,Employer,"I cannot offer more than $60,000 salary for a project manager.",Offer,Salary,"60,000 USD"
51,train,4,Candidate,I agree with the offer. I would like to move on. I am willing to have a workday of 8 hours,Accept,,True
51,train,4,Candidate,I agree with the offer. I would like to move on. I am willing to have a workday of 8 hours,Offer,Working Hours,8 hours
51,train,5,Candidate,I am willing to have a workday of 8 hours,Offer,Working Hours,8 hours
51,train,6,Employer,If you work a 10 hour workday I can offer Fast promotion track and 10% pension fund.,Offer,Pension Fund,10%
51,train,6,Employer,If you work a 10 hour workday I can offer Fast promotion track and 10% pension fund.,Offer,Promotion Possibilities,Fast promotion track
51,train,6,Employer,If you work a 10 hour workday I can offer Fast promotion track and 10% pension fund.,Offer,Working Hours,10 hours
51,train,7,Candidate,I agree with the offer. Now let's talk about how we can agree on other issues. I want a company car,Accept,,True
51,train,7,Candidate,I agree with the offer. Now let's talk about how we can agree on other issues. I want a company car,Offer,Leased Car,With leased car
51,train,8,Candidate,I am willing to have a company car,Offer,Leased Car,With leased car
51,train,9,Employer,I will offer a car if you take a programmer position only.,Offer,Job Description,Programmer
51,train,9,Employer,I will offer a car if you take a programmer position only.,Offer,Leased Car,With leased car
51,train,10,Candidate,I disagree with the offer. I would like no agreement on leased car and I am willing to have a position of project manager,Reject,,True
51,train,10,Candidate,I disagree with the offer. I would like no agreement on leased car and I am willing to have a position of project manager,Offer,Leased Car,No agreement
51,train,10,Candidate,I disagree with the offer. I would like no agreement on leased car and I am willing to have a position of project manager,Offer,Job Description,Project Manager
51,train,11,Employer,I agree,Accept,,True
51,train,12,Candidate,It's good to reach an agreement on this,Other,,
52,train,0,Candidate,Hello. I would like to discuss the issues of my contract.,Greet,,True
52,train,1,Candidate,I want a position of project manager,Offer,Job Description,Project Manager
52,train,2,Candidate,I demand a position of project manager,Offer,Job Description,Project Manager
52,train,3,Employer,I have changed the contract to the position of project manager. Does this satisfy you?,Accept,Job Description,Project Manager
52,train,4,Candidate,It's great that we agreed on project manager,Other,,
52,train,5,Candidate,"I am willing to have a salary of 120,000",Offer,Salary,"120,000 USD"
52,train,6,Employer,"The most te company can offer you is 90,000.",Offer,Salary,"90,000 USD"
52,train,7,Candidate,"I agree with a salary of 90,000. I would like to move on. I am willing to have a workday of 8 hours",Accept,Salary,"90,000 USD"
52,train,7,Candidate,"I agree with a salary of 90,000. I would like to move on. I am willing to have a workday of 8 hours",Offer,Working Hours,8 hours
52,train,8,Employer,I am sorry. The best we can do is 9 hours.,Offer,Working Hours,9 hours
52,train,9,Candidate,I accept 9 hours. Let's discuss another issue. I demand a pension of 20%,Accept,Working Hours,9 hours
52,train,9,Candidate,I accept 9 hours. Let's discuss another issue. I demand a pension of 20%,Offer,Pension Fund,20%
52,train,10,Employer,I can agree to that pension.,Accept,,
52,train,11,Candidate,I'm happy that you accept the pension fund,Other,,
52,train,12,Candidate,I want a fast promotion track,Offer,Promotion Possibilities,Fast promotion track
52,train,13,Employer,You got it.,Accept,,True
52,train,14,Candidate,I'm happy that you accept,Other,,
52,train,15,Candidate,I am expecting a company car,Offer,Leased Car,With leased car
52,train,16,Candidate,I am expecting a company car,Offer,Leased Car,With leased car
52,train,17,Employer,We do not have company cars available. This is not optional.,Reject,Leased Car,With leased car
52,train,18,Candidate,I would like a company car,Offer,Leased Car,With leased car
52,train,19,Candidate,I would like a company car,Offer,Leased Car,With leased car
52,train,20,Employer,"As I have generously compromised on all other negotiations, I believe negotiations are over.",Quit,,True
53,train,0,Candidate,Hello. I would like to discuss the issues of my contract.,Greet,,True
53,train,1,Candidate,I want a position of project manager,Offer,Job Description,Project Manager
53,train,2,Employer,I am offering the position of team manager,Offer,Job Description,Team Manager
53,train,3,Candidate,"I agree with a position of team manager. Now let's talk about how we can agree on other issues. I want a salary of 120,000",Accept,Job Description,Team Manager
53,train,3,Candidate,"I agree with a position of team manager. Now let's talk about how we can agree on other issues. I want a salary of 120,000",Offer,Salary,"120,000 USD"
53,train,4,Employer,"I can offer a salary of 90,000",Offer,Salary,"90,000 USD"
53,train,5,Candidate,"I reject 90,000. I am expecting a salary of 120,000",Reject,Salary,"90,000 USD"
53,train,5,Candidate,"I reject 90,000. I am expecting a salary of 120,000",Offer,Salary,"120,000 USD"
53,train,6,Employer,"I cannot offer more than 90,000 salary",Offer,Salary,"90,000 USD"
53,train,7,Candidate,"I refuse 90,000. I want a salary of 120,000",Reject,Salary,"90,000 USD"
53,train,7,Candidate,"I refuse 90,000. I want a salary of 120,000",Offer,Salary,"120,000 USD"
53,train,8,Employer,"Perhaps you would prefer a salary of 60,000",Offer,Salary,"60,000 USD"
53,train,9,Candidate,"I reject 60,000. I would like a salary of 120,000",Reject,Salary,"60,000 USD"
53,train,9,Candidate,"I reject 60,000. I would like a salary of 120,000",Offer,Salary,"120,000 USD"
53,train,10,Employer,"I am offering a salary of 90,000",Offer,Salary,"90,000 USD"
53,train,11,Candidate,"I reject a salary of 90,000. I want a salary of 120,000",Reject,Salary,"90,000 USD"
53,train,11,Candidate,"I reject a salary of 90,000. I want a salary of 120,000",Offer,Salary,"120,000 USD"
53,train,12,Employer,"No, we cannot offer you that much. I offer 90,000",Reject,,True
53,train,12,Employer,"No, we cannot offer you that much. I offer 90,000",Offer,Salary,"90,000 USD"
53,train,13,Candidate,"I would like a salary of 90,000",Offer,Salary,"90,000 USD"
53,train,14,Employer,"We accept 90,000",Accept,Salary,"90,000 USD"
53,train,15,Candidate,"It's great that we agreed on 90,000 usd",Other,,
53,train,16,Candidate,I demand a company car,Offer,Leased Car,With leased car
53,train,17,Employer,We cannot give you a company car,Reject,Leased Car,With leased car
53,train,18,Candidate,I demand a company car,Offer,Leased Car,With leased car
53,train,19,Candidate,I am expecting a company car,Offer,Leased Car,With leased car
53,train,20,Candidate,I would like a company car,Offer,Leased Car,With leased car
53,train,21,Employer,We cannot offer you a company car,Reject,Leased Car,With leased car
53,train,22,Candidate,I would like a company car,Offer,Leased Car,With leased car
53,train,23,Employer,There is no company car available,Reject,Leased Car,With leased car
53,train,24,Candidate,I am willing to have no agreement on leased car,Offer,Leased Car,No agreement
53,train,25,Employer,I would like to agree to no company car,Offer,Leased Car,Without leased car
53,train,26,Candidate,I disagree about no company car. I am expecting a company car,Reject,Leased Car,Without leased car
53,train,26,Candidate,I disagree about no company car. I am expecting a company car,Offer,Leased Car,With leased car
53,train,27,Employer,You cannot have a company car,Reject,Leased Car,With leased car
53,train,28,Candidate,I want no agreement on leased car,Offer,Leased Car,No agreement
53,train,29,Employer,agreed,Accept,,True
53,train,30,Candidate,It's great that you agree,Other,,
53,train,31,Candidate,I am willing to have a fast promotion track,Offer,Promotion Possibilities,Fast promotion track
53,train,32,Employer,I agree to fast track promotion track,Accept,Promotion Possibilities,Fast promotion track
53,train,33,Candidate,It's great that we agreed on fast promotion track,Other,,
53,train,34,Candidate,I am willing to have a workday of 8 hours,Offer,Working Hours,8 hours
53,train,35,Employer,We would prefer 10 hour work days,Offer,Working Hours,10 hours
53,train,36,Candidate,I disagree about a workday of 10 hours. I want a workday of 8 hours,Reject,Working Hours,10 hours
53,train,36,Candidate,I disagree about a workday of 10 hours. I want a workday of 8 hours,Offer,Working Hours,8 hours
53,train,37,Employer,We demand 10 hour work days,Offer,Working Hours,10 hours
53,train,38,Candidate,I reject a workday of 10 hours. I demand a workday of 8 hours,Reject,Working Hours,10 hours
53,train,38,Candidate,I reject a workday of 10 hours. I demand a workday of 8 hours,Offer,Working Hours,8 hours
53,train,39,Employer,We demand 10 hour work days,Offer,Working Hours,10 hours
53,train,40,Candidate,I disagree about a workday of 10 hours. I demand a workday of 8 hours,Reject,Working Hours,10 hours
53,train,40,Candidate,I disagree about a workday of 10 hours. I demand a workday of 8 hours,Offer,Working Hours,8 hours
53,train,41,Employer,"I disagree, I can offer 9 hour workdays",Reject,,True
53,train,41,Employer,"I disagree, I can offer 9 hour workdays",Offer,Working Hours,9 hours
53,train,42,Candidate,What are you willing to offer?,Query,,
53,train,43,Employer,I can offer 9 hour workdays,Offer,Working Hours,9 hours
53,train,44,Candidate,I reject 9 hours. I demand a workday of 8 hours,Reject,Working Hours,9 hours
53,train,44,Candidate,I reject 9 hours. I demand a workday of 8 hours,Offer,Working Hours,8 hours
53,train,45,Employer,I disagree. I offer 9 hour workdays,Reject,,True
53,train,45,Employer,I disagree. I offer 9 hour workdays,Offer,Working Hours,9 hours
53,train,46,Candidate,"Sorry, I changed my preferences",Other,,
53,train,47,Candidate,I want a workday of 8 hours,Offer,Working Hours,8 hours
53,train,48,Employer,I reject 8 hours. I want a workday of 9 hours,Reject,Working Hours,8 hours
53,train,48,Employer,I reject 8 hours. I want a workday of 9 hours,Offer,Working Hours,9 hours
53,train,49,Candidate,I accept 9 hours. Let's discuss another issue. I am expecting a pension of 20%,Accept,Working Hours,9 hours
53,train,49,Candidate,I accept 9 hours. Let's discuss another issue. I am expecting a pension of 20%,Offer,Pension Fund,20%
53,train,50,Employer,Best I can offer is 10%,Offer,Pension Fund,10%
53,train,51,Candidate,I disagree about a pension of 10%. I would like a pension of 20%,Reject,Pension Fund,10%
53,train,51,Candidate,I disagree about a pension of 10%. I would like a pension of 20%,Offer,Pension Fund,20%
53,train,52,Employer,I reject 20%. I offer 10%,Offer,Pension Fund,10%
53,train,52,Employer,I reject 20%. I offer 10%,Reject,Pension Fund,20%
53,train,53,Candidate,I reject 10%. I am willing to have a pension of 20%,Reject,Pension Fund,10%
53,train,53,Candidate,I reject 10%. I am willing to have a pension of 20%,Offer,Pension Fund,20%
53,train,54,Employer,I accept 20%,Accept,Pension Fund,20%
54,train,0,Candidate,Hello. I would like to discuss the issues of my contract.,Greet,,True
54,train,1,Candidate,I would like a position of project manager,Offer,Job Description,Project Manager
54,train,2,Employer,"Sure, what would yo like to discuss?",Query,,
54,train,3,Candidate,I want a position of project manager,Offer,Job Description,Project Manager
54,train,4,Employer,"Okay, we can do that. What Salary are you looking for? I'm thinking starting off at 60,000 would be good.",Accept,,True
54,train,4,Employer,"Okay, we can do that. What Salary are you looking for? I'm thinking starting off at 60,000 would be good.",Offer,Salary,"60,000 USD"
54,train,4,Employer,"Okay, we can do that. What Salary are you looking for? I'm thinking starting off at 60,000 would be good.",Query,Offer,Salary
54,train,5,Candidate,"I am willing to have a salary of 120,000",Offer,Salary,"120,000 USD"
54,train,6,Candidate,I agree. Now let's talk about how we can agree on other issues. I want a company car,Accept,,True
54,train,6,Candidate,I agree. Now let's talk about how we can agree on other issues. I want a company car,Offer,Leased Car,With leased car
54,train,7,Employer,"How about we meet in the middle, 90,000?",Offer,Salary,"90,000 USD"
54,train,8,Candidate,"I accept a salary of 90,000. Now let's talk about how we can agree on other issues. I want a company car",Accept,Salary,"90,000 USD"
54,train,8,Candidate,"I accept a salary of 90,000. Now let's talk about how we can agree on other issues. I want a company car",Offer,Leased Car,With leased car
54,train,9,Employer,"Maybe over time we can provide a car, at right now at the start I have to provide no leased car.",Reject,Leased Car,With leased car
54,train,10,Candidate,I am expecting a company car,Offer,Leased Car,With leased car
54,train,11,Employer,"Okay, I will go ahead and okay the leased car.",Accept,Leased Car,With leased car
54,train,12,Candidate,I'm happy that you accept the leased car,Other,,
54,train,13,Candidate,I am willing to have a fast promotion track,Offer,Promotion Possibilities,Fast promotion track
54,train,14,Employer,Is 0% pension fund okay?,Offer,Pension Fund,0%
54,train,15,Candidate,I reject 0%. I would like a pension of 20%,Reject,Pension Fund,0%
54,train,15,Candidate,I reject 0%. I would like a pension of 20%,Offer,Pension Fund,20%
54,train,16,Employer,"How about we meet in the middle, 10%?",Offer,Pension Fund,10%
54,train,17,Candidate,I accept a pension of 10%. Let's proceed to another issue. I want a fast promotion track,Accept,Pension Fund,10%
54,train,17,Candidate,I accept a pension of 10%. Let's proceed to another issue. I want a fast promotion track,Offer,Promotion Possibilities,Fast promotion track
54,train,18,Employer,Fast promotion track is good. I'll approve it.,Accept,Promotion Possibilities,Fast promotion track
54,train,19,Candidate,It's good to reach an agreement on fast promotion track,Other,,
54,train,20,Candidate,I am expecting a workday of 8 hours,Offer,Working Hours,8 hours
54,train,21,Employer,"How about 10 hours? I've worked with you on getting you a company car and fast promotion track, can you do 10 hours for me?",Offer,Working Hours,10 hours
54,train,22,Candidate,I reject 10 hours. I want a workday of 8 hours,Reject,Working Hours,10 hours
54,train,22,Candidate,I reject 10 hours. I want a workday of 8 hours,Offer,Working Hours,8 hours
54,train,23,Employer,"How about we meet in the middle again, 9 hours?",Offer,Working Hours,9 hours
54,train,24,Candidate,I reject 9 hours. I am expecting a workday of 8 hours,Reject,Working Hours,9 hours
54,train,24,Candidate,I reject 9 hours. I am expecting a workday of 8 hours,Offer,Working Hours,8 hours
54,train,25,Employer,Best I can do is 9 hours.,Offer,Working Hours,9 hours
54,train,26,Candidate,I accept the previous offer,Accept,,True
55,train,0,Candidate,Hello. I would like to discuss the issues of my contract.,Greet,,True
55,train,1,Candidate,I want a position of project manager,Offer,Job Description,Project Manager
55,train,2,Employer,What are you thinking in terms of salary? ,Query,Offer,Salary
55,train,3,Candidate,"I would like a salary of 120,000",Offer,Salary,"120,000 USD"
55,train,4,Employer,How many hours are you willing to work? ,Query,Offer,Working Hours
55,train,5,Candidate,I am expecting a workday of 8 hours,Offer,Working Hours,8 hours
55,train,6,Employer,"If you are wanting a salary of 120,00 you are going to have to work more than 8 hours. ",Offer,Salary,"120,000 USD"
55,train,6,Employer,"If you are wanting a salary of 120,00 you are going to have to work more than 8 hours. ",Reject,Working Hours,8 hours
55,train,7,Candidate,I agree with the offer. I would like to continue and discuss another issue. I am expecting a position of project manager,Accept,,True
55,train,7,Candidate,I agree with the offer. I would like to continue and discuss another issue. I am expecting a position of project manager,Offer,Job Description,Project Manager
55,train,8,Employer,"okay, what are you expecting in your promotion possibilities? ",Query,Offer,Promotion Possibilities
55,train,9,Candidate,I am willing to have a fast promotion track,Offer,Promotion Possibilities,Fast promotion track
55,train,10,Employer,Okay and what about your car situation? ,Query,Offer,Leased Car
55,train,11,Candidate,I am expecting a company car,Offer,Leased Car,With leased car
55,train,12,Employer,Okay and what about your pension fund? ,Query,Offer,Pension Fund
55,train,13,Candidate,I want a pension of 20%,Offer,Pension Fund,20%
55,train,14,Employer,Okay ,Accept,,True
55,train,15,Candidate,I'm happy that you accept,Other,,
55,train,16,Candidate,I am expecting a position of project manager,Offer,Job Description,Project Manager
55,train,17,Candidate,I would like a position of project manager,Offer,Job Description,Project Manager
55,train,18,Employer,I'll give you that position but the terms of your salary and work hours is my issue.,Accept,,
55,train,19,Candidate,It's great that we agreed on job description,Other,,
55,train,20,Candidate,I would like a company car,Offer,Leased Car,With leased car
55,train,21,Employer,Okay that's fine also ,Accept,,True
55,train,22,Candidate,I'm happy that you accept,Other,,
55,train,23,Candidate,I want a fast promotion track,Offer,Promotion Possibilities,Fast promotion track
55,train,24,Employer,I can do 120K for 10 hours a day.,Offer,Salary,"120,000 USD"
55,train,24,Employer,I can do 120K for 10 hours a day.,Offer,Working Hours,10 hours
55,train,25,Candidate,I disagree about a workday of 9 hours,Reject,Working Hours,9 hours
55,train,26,Employer,You can have the fast track promotion. ,Offer,Promotion Possibilities,Fast promotion track
55,train,27,Candidate,I'm happy that you accept. We can sign the agreement now. Please pick the values in the agreement draft and press Sign.,Other,,
56,train,0,Candidate,Hello. I would like to discuss the issues of my contract.,Greet,,True
56,train,1,Candidate,I demand a position of project manager,Offer,Job Description,Project Manager
56,train,2,Employer,That sounds good. ,Accept,,True
56,train,3,Candidate,I'm happy that you accept,Other,,
56,train,4,Candidate,"I am expecting a salary of 120,000",Offer,Salary,"120,000 USD"
56,train,5,Employer,"I can offer 90,000 and you work your salary up. ",Offer,Salary,"90,000 USD"
56,train,6,Candidate,"I agree with a salary of 90,000. Now let's talk about how we can agree on other issues. I would like a company car",Accept,Salary,"90,000 USD"
56,train,6,Candidate,"I agree with a salary of 90,000. Now let's talk about how we can agree on other issues. I would like a company car",Offer,Leased Car,With leased car
56,train,7,Employer,You can have a company car.,Accept,Leased Car,With leased car
56,train,8,Candidate,I'm happy that you accept the leased car,Other,,
56,train,9,Candidate,I am willing to have a fast promotion track,Offer,Promotion Possibilities,Fast promotion track
56,train,10,Employer,We can put you on the fast track.,Accept,Promotion Possibilities,Fast promotion track
56,train,11,Candidate,It's good to reach an agreement on fast promotion track,Other,,
56,train,12,Candidate,I want a workday of 8 hours,Offer,Working Hours,8 hours
56,train,13,Employer,"As a project manager, you will need to put in longer hours. You would have a 10 hour workday. ",Reject,,
56,train,13,Employer,"As a project manager, you will need to put in longer hours. You would have a 10 hour workday. ",Offer,Working Hours,10 hours
56,train,14,Candidate,I reject a workday of 10 hours. I am willing to have a workday of 8 hours,Reject,Working Hours,10 hours
56,train,14,Candidate,I reject a workday of 10 hours. I am willing to have a workday of 8 hours,Offer,Working Hours,8 hours
56,train,15,Employer,We will not allow 8 hours. We can reduce it to 9 hours.,Offer,Working Hours,9 hours
56,train,15,Employer,We will not allow 8 hours. We can reduce it to 9 hours.,Reject,Working Hours,8 hours
56,train,16,Candidate,I agree with a workday of 9 hours. Let's discuss another issue. I want a pension of 20%,Accept,Working Hours,9 hours
56,train,16,Candidate,I agree with a workday of 9 hours. Let's discuss another issue. I want a pension of 20%,Offer,Pension Fund,20%
56,train,17,Employer,You can have a 20% pension.,Accept,Pension Fund,20%
56,train,18,Candidate,I'm happy that you accept. We can sign the agreement now. Please pick the values in the agreement draft and press Sign.,Other,,
57,train,0,Candidate,Hello. I would like to discuss the issues of my contract.,Greet,,True
57,train,1,Candidate,I demand a position of project manager,Offer,Job Description,Project Manager
57,train,2,Candidate,I demand a position of project manager,Offer,Job Description,Project Manager
57,train,3,Employer,I offer you team maager with the fast promotion track,Offer,Job Description,Team Manager
57,train,3,Employer,I offer you team maager with the fast promotion track,Offer,Promotion Possibilities,Fast promotion track
57,train,4,Candidate,"I agree. Now let's talk about how we can agree on other issues. I would like a salary of 120,000",Accept,,True
57,train,4,Candidate,"I agree. Now let's talk about how we can agree on other issues. I would like a salary of 120,000",Offer,Salary,"120,000 USD"
57,train,5,Candidate,"I would like a salary of 120,000",Offer,Salary,"120,000 USD"
57,train,6,Employer,"I can offer you 60,000 but with the fast promotion  track that will raise quickly",Offer,Promotion Possibilities,Fast promotion track
57,train,6,Employer,"I can offer you 60,000 but with the fast promotion  track that will raise quickly",Offer,Salary,"60,000 USD"
57,train,7,Candidate,I refuse,Reject,,True
57,train,8,Employer,"I can give you a 20% pension fund with a 60,000 starting salary",Offer,Pension Fund,20%
57,train,8,Employer,"I can give you a 20% pension fund with a 60,000 starting salary",Offer,Salary,"60,000 USD"
57,train,9,Candidate,"I disagree. I demand a salary of 120,000 and I am willing to have a pension of 10%",Reject,,True
57,train,9,Candidate,"I disagree. I demand a salary of 120,000 and I am willing to have a pension of 10%",Offer,Salary,"120,000 USD"
57,train,9,Candidate,"I disagree. I demand a salary of 120,000 and I am willing to have a pension of 10%",Offer,Pension Fund,10%
57,train,10,Employer,"i can give you the 60,000 along with the project manager position",Offer,Job Description,Project Manager
57,train,10,Employer,"i can give you the 60,000 along with the project manager position",Offer,Salary,"60,000 USD"
57,train,11,Candidate,I agree with the offer. Now let's talk about how we can agree on other issues. I would like a company car,Accept,,True
57,train,11,Candidate,I agree with the offer. Now let's talk about how we can agree on other issues. I would like a company car,Offer,Leased Car,With leased car
57,train,12,Employer,No  leased car,Offer,Leased Car,Without leased car
57,train,13,Candidate,I refuse no company car. I would like a company car,Reject,Leased Car,Without leased car
57,train,13,Candidate,I refuse no company car. I would like a company car,Offer,Leased Car,With leased car
57,train,14,Employer,I refuse,Reject,,True
57,train,15,Candidate,I would like no agreement on leased car,Offer,Leased Car,No agreement
57,train,16,Employer,you can have the leased car with the team manager position,Offer,Job Description,Team Manager
57,train,16,Employer,you can have the leased car with the team manager position,Offer,Leased Car,With leased car
57,train,17,Candidate,I agree. I would like to move on. I would like a workday of 8 hours,Accept,,True
57,train,17,Candidate,I agree. I would like to move on. I would like a workday of 8 hours,Offer,Working Hours,8 hours
57,train,18,Employer,make it ten and we have a done deal,Offer,Working Hours,10 hours
57,train,19,Candidate,I reject 10 hours,Reject,Working Hours,10 hours
57,train,20,Employer,"i can bump your salary to 90,000 for 10 hours",Offer,Salary,"90,000 USD"
57,train,20,Employer,"i can bump your salary to 90,000 for 10 hours",Offer,Working Hours,10 hours
57,train,21,Candidate,I agree with the offer. Let's discuss another issue. I want a pension of 20%,Accept,,True
57,train,21,Candidate,I agree with the offer. Let's discuss another issue. I want a pension of 20%,Offer,Pension Fund,20%
57,train,22,Employer,you already agreed to 10%,Offer,Pension Fund,10%
57,train,23,Candidate,I reject 10%,Reject,Pension Fund,10%
57,train,24,Employer,you can have it if you give up the leased car,Offer,Leased Car,Without leased car
57,train,25,Candidate,I disagree,Reject,,True
57,train,26,Employer,i can give you the 20% with no agreement on the car,Offer,Leased Car,No agreement
57,train,26,Employer,i can give you the 20% with no agreement on the car,Offer,Pension Fund,20%
57,train,27,Candidate,I agree,Accept,,True
58,train,0,Candidate,Hello. I would like to discuss the issues of my contract.,Greet,,True
58,train,1,Candidate,I would like a position of project manager,Offer,Job Description,Project Manager
58,train,2,Employer,Good Morning!,Greet,,True
58,train,3,Employer,OK I you can have project manager.,Accept,Job Description,Project Manager
58,train,4,Candidate,I'm happy that you accept the project manager,Other,,
58,train,5,Candidate,"I want a salary of 120,000",Offer,Salary,"120,000 USD"
58,train,6,Candidate,"I would like a salary of 120,000",Offer,Salary,"120,000 USD"
58,train,7,Employer,"I can offer you 90,000 ",Offer,Salary,"90,000 USD"
58,train,8,Candidate,"I accept 90,000. Now let's talk about how we can agree on other issues. I am expecting a company car",Accept,Salary,"90,000 USD"
58,train,8,Candidate,"I accept 90,000. Now let's talk about how we can agree on other issues. I am expecting a company car",Offer,Leased Car,With leased car
58,train,9,Candidate,I am expecting a company car,Offer,Leased Car,With leased car
58,train,10,Employer,"I can do a car lease, if you can work 10hrs.",Offer,Leased Car,With leased car
58,train,10,Employer,"I can do a car lease, if you can work 10hrs.",Offer,Working Hours,10 hours
58,train,11,Candidate,I reject the previous offer. I am expecting a workday of 8 hours and I want no agreement on leased car,Reject,,True
58,train,11,Candidate,I reject the previous offer. I am expecting a workday of 8 hours and I want no agreement on leased car,Offer,Working Hours,8 hours
58,train,11,Candidate,I reject the previous offer. I am expecting a workday of 8 hours and I want no agreement on leased car,Offer,Leased Car,No agreement
58,train,12,Employer,How about a 9hr work day with the car.,Offer,Leased Car,With leased car
58,train,12,Employer,How about a 9hr work day with the car.,Offer,Working Hours,9 hours
58,train,13,Candidate,I accept the previous offer. Let's proceed to another issue. I want a fast promotion track,Accept,,True
58,train,13,Candidate,I accept the previous offer. Let's proceed to another issue. I want a fast promotion track,Offer,Promotion Possibilities,Fast promotion track
58,train,14,Candidate,I would like a fast promotion track,Offer,Promotion Possibilities,Fast promotion track
58,train,15,Candidate,I am willing to have a fast promotion track,Offer,Promotion Possibilities,Fast promotion track
58,train,16,Employer,I can do a fast track with a 10% pension fund.,Offer,Pension Fund,10%
58,train,16,Employer,I can do a fast track with a 10% pension fund.,Offer,Promotion Possibilities,Fast promotion track
58,train,17,Candidate,I disagree,Reject,,True
58,train,18,Candidate,What do you have to offer?,Query,,
58,train,19,Employer,"Ok how about a fast track, 10 hr work day and 20% pension.",Offer,Pension Fund,20%
58,train,19,Employer,"Ok how about a fast track, 10 hr work day and 20% pension.",Offer,Promotion Possibilities,Fast promotion track
58,train,19,Employer,"Ok how about a fast track, 10 hr work day and 20% pension.",Offer,Working Hours,10 hours
58,train,20,Candidate,I agree with the offer,Accept,,True
59,train,0,Candidate,Hello. I would like to discuss the issues of my contract.,Greet,,True
59,train,1,Candidate,I am expecting a position of project manager,Offer,Job Description,Project Manager
59,train,2,Employer,I agree,Accept,,True
59,train,3,Candidate,I'm happy that you accept,Other,,
59,train,4,Candidate,"I would like a salary of 120,000",Offer,Salary,"120,000 USD"
59,train,5,Employer,I agree,Accept,,True
59,train,6,Candidate,I'm happy that you accept,Other,,
59,train,7,Candidate,I want a company car,Offer,Leased Car,With leased car
59,train,8,Candidate,I demand a company car,Offer,Leased Car,With leased car
59,train,9,Employer,leased car,Offer,Leased Car,With leased car
59,train,10,Candidate,I'm happy that you accept,Other,,
59,train,11,Candidate,I am willing to have a fast promotion track,Offer,Promotion Possibilities,Fast promotion track
59,train,12,Employer,i agree,Accept,,True
59,train,13,Candidate,I'm happy that you accept,Other,,
59,train,14,Candidate,I would like a workday of 8 hours,Offer,Working Hours,8 hours
59,train,15,Employer,I agree,Accept,,True
59,train,16,Candidate,I'm happy that you accept,Other,,
59,train,17,Candidate,I demand a pension of 20%,Offer,Pension Fund,20%
59,train,18,Employer,I agree,Accept,,True
59,train,19,Candidate,I'm happy that you accept. We can sign the agreement now. Please pick the values in the agreement draft and press Sign.,Other,,
59,train,20,Employer,Maybe you can work 10hours,Offer,Working Hours,10 hours
59,train,21,Candidate,I agree with the offer,Accept,,True
59,train,22,Employer,"okay, lets sign the agreement",Other,,
6,train,0,Candidate,Hello. I would like to discuss the issues of my contract.,Greet,,True
6,train,1,Candidate,I would like a position of project manager,Offer,Job Description,Project Manager
6,train,2,Employer,I want this job,Other,,
6,train,3,Candidate,I am willing to have a position of project manager,Offer,Job Description,Project Manager
6,train,4,Employer,Ok,Accept,,True
6,train,5,Candidate,I'm happy that you accept,Other,,
6,train,6,Candidate,"I want a salary of 120,000",Offer,Salary,"120,000 USD"
6,train,7,Employer,What is the salary you are expecting,Query,Offer,Salary
6,train,8,Candidate,"I am expecting a salary of 120,000",Offer,Salary,"120,000 USD"
6,train,9,Employer,are you ok with a leased car?,Query,Offer,Leased Car
6,train,10,Candidate,I would like a company car,Offer,Leased Car,With leased car
6,train,11,Candidate,I want a company car,Offer,Leased Car,With leased car
6,train,12,Candidate,I want a company car,Offer,Leased Car,With leased car
6,train,13,Candidate,I want a company car,Offer,Leased Car,With leased car
6,train,14,Employer,ok,Accept,,True
6,train,15,Candidate,It's good to reach an agreement on this,Other,,
6,train,16,Candidate,"I would like a salary of 120,000",Offer,Salary,"120,000 USD"
6,train,17,Employer,what about promotion?,Query,Offer,Promotion Possibilities
6,train,18,Candidate,I am expecting a fast promotion track,Offer,Promotion Possibilities,Fast promotion track
6,train,19,Employer,working hours?,Query,Offer,Working Hours
6,train,20,Candidate,I would like a workday of 8 hours,Offer,Working Hours,8 hours
6,train,21,Candidate,I want a workday of 8 hours,Offer,Working Hours,8 hours
6,train,22,Employer,ok,Accept,,True
6,train,23,Candidate,I'm happy that you accept,Other,,
6,train,24,Candidate,"I would like a salary of 120,000",Offer,Salary,"120,000 USD"
6,train,25,Employer,ok,Accept,,True
6,train,26,Candidate,It's good to reach an agreement on this,Other,,
6,train,27,Candidate,I am expecting a fast promotion track,Offer,Promotion Possibilities,Fast promotion track
6,train,28,Employer,ok,Accept,,True
6,train,29,Candidate,It's good to reach an agreement on this,Other,,
6,train,30,Candidate,I am expecting a pension of 20%,Offer,Pension Fund,20%
6,train,31,Candidate,I would like a pension of 20%,Offer,Pension Fund,20%
6,train,32,Employer,done,Accept,,True
6,train,33,Candidate,I'm happy that you accept. We can sign the agreement now. Please pick the values in the agreement draft and press Sign.,Other,,
60,train,0,Candidate,Hello. I would like to discuss the issues of my contract.,Greet,,True
60,train,1,Candidate,I would like a position of project manager,Offer,Job Description,Project Manager
60,train,2,Employer,"I don't have that position open. However, there is an opening for programmer",Reject,,
60,train,2,Employer,"I don't have that position open. However, there is an opening for programmer",Offer,Job Description,Programmer
60,train,3,Candidate,"I accept programmer position. Now let's talk about how we can agree on other issues. I am willing to have a salary of 120,000",Accept,Job Description,Programmer
60,train,3,Candidate,"I accept programmer position. Now let's talk about how we can agree on other issues. I am willing to have a salary of 120,000",Offer,Salary,"120,000 USD"
60,train,4,Candidate,"I am expecting a salary of 120,000",Offer,Salary,"120,000 USD"
60,train,5,Candidate,"I am willing to have a salary of 120,000",Offer,Salary,"120,000 USD"
60,train,6,Candidate,"I would like a salary of 120,000",Offer,Salary,"120,000 USD"
60,train,7,Candidate,"I am expecting a salary of 120,000",Offer,Salary,"120,000 USD"
60,train,8,Candidate,"I would like a salary of 120,000",Offer,Salary,"120,000 USD"
60,train,9,Employer,"If you can accept 90,000, work ten hours a day I can put you on the fast track for another promotion. It comes with a 10% pension plan and a car",Offer,Salary,"90,000 USD"
60,train,9,Employer,"If you can accept 90,000, work ten hours a day I can put you on the fast track for another promotion. It comes with a 10% pension plan and a car",Offer,Working Hours,10 hours
60,train,9,Employer,"If you can accept 90,000, work ten hours a day I can put you on the fast track for another promotion. It comes with a 10% pension plan and a car",Offer,Promotion Possibilities,Fast promotion track
60,train,9,Employer,"If you can accept 90,000, work ten hours a day I can put you on the fast track for another promotion. It comes with a 10% pension plan and a car",Offer,Pension Fund,10%
60,train,9,Employer,"If you can accept 90,000, work ten hours a day I can put you on the fast track for another promotion. It comes with a 10% pension plan and a car",Offer,Leased Car,With leased car
60,train,10,Candidate,I disagree with the offer,Reject,,True
60,train,11,Employer,Company car,Offer,Leased Car,With leased car
60,train,12,Candidate,I disagree about a company car. I want no agreement on leased car,Reject,Leased Car,With leased car
60,train,12,Candidate,I disagree about a company car. I want no agreement on leased car,Offer,Leased Car,No agreement
60,train,13,Employer,That is acceptable,Accept,,True
60,train,14,Candidate,It's good to reach an agreement on this,Other,,
60,train,15,Candidate,"I am willing to have a salary of 120,000",Offer,Salary,"120,000 USD"
60,train,16,Employer,Agreed,Accept,,True
60,train,17,Candidate,It's great that you agree,Other,,
60,train,18,Candidate,I am willing to have a fast promotion track,Offer,Promotion Possibilities,Fast promotion track
60,train,19,Candidate,I am expecting a fast promotion track,Offer,Promotion Possibilities,Fast promotion track
60,train,20,Employer,"If you can work the ten hour days and accept the rest of deal I will pay 120,00 and fast track your promotion",Offer,Working Hours,10 hours
60,train,20,Employer,"If you can work the ten hour days and accept the rest of deal I will pay 120,00 and fast track your promotion",Offer,Salary,"120,000 USD"
60,train,20,Employer,"If you can work the ten hour days and accept the rest of deal I will pay 120,00 and fast track your promotion",Offer,Promotion Possibilities,Fast promotion track
60,train,21,Candidate,I disagree with the offer,Reject,,True
60,train,22,Employer,That is the offer,Other,,
60,train,23,Candidate,I am expecting a fast promotion track,Offer,Promotion Possibilities,Fast promotion track
60,train,24,Candidate,I am willing to have a fast promotion track,Offer,Promotion Possibilities,Fast promotion track
60,train,25,Candidate,I am willing to have a fast promotion track,Offer,Promotion Possibilities,Fast promotion track
60,train,26,Employer,"Okay fast track promotion, 120,000 salary, 10% pension, no car lease, ten hour days, fast track promotion. is this a deal",Offer,Promotion Possibilities,Fast promotion track
60,train,26,Employer,"Okay fast track promotion, 120,000 salary, 10% pension, no car lease, ten hour days, fast track promotion. is this a deal",Offer,Salary,"120,000 USD"
60,train,26,Employer,"Okay fast track promotion, 120,000 salary, 10% pension, no car lease, ten hour days, fast track promotion. is this a deal",Offer,Pension Fund,10%
60,train,26,Employer,"Okay fast track promotion, 120,000 salary, 10% pension, no car lease, ten hour days, fast track promotion. is this a deal",Offer,Leased Car,Without leased car
60,train,26,Employer,"Okay fast track promotion, 120,000 salary, 10% pension, no car lease, ten hour days, fast track promotion. is this a deal",Offer,Working Hours,10 hours
60,train,27,Candidate,I refuse,Reject,,True
60,train,28,Employer,Okay,Other,,
60,train,29,Employer,Thank you coming,Quit,,True
61,train,0,Candidate,Hello. I would like to discuss the issues of my contract.,Greet,,True
61,train,1,Candidate,I am willing to have a position of project manager,Offer,Job Description,Project Manager
61,train,2,Employer,Would you be willing to have the position of Programmer?,Offer,Job Description,Programmer
61,train,3,Candidate,I reject the offer about the job description. I am willing to have a position of project manager,Reject,,
61,train,3,Candidate,I reject the offer about the job description. I am willing to have a position of project manager,Offer,Job Description,Project Manager
61,train,4,Employer,I agree.,Accept,,True
61,train,5,Candidate,It's great that you agree,Other,,
61,train,6,Candidate,"I demand a salary of 120,000",Offer,Salary,"120,000 USD"
61,train,7,Employer,"I cannot agree to that salary. I am allowed to offer 60,000.",Offer,Salary,"60,000 USD"
61,train,7,Employer,"I cannot agree to that salary. I am allowed to offer 60,000.",Reject,,
61,train,8,Candidate,"I reject a salary of 60,000. I demand a salary of 120,000",Reject,Salary,"60,000 USD"
61,train,8,Candidate,"I reject a salary of 60,000. I demand a salary of 120,000",Offer,Salary,"120,000 USD"
61,train,9,Employer,"I am sorry, I cannot offer a salary of 120,000.",Reject,Salary,"120,000 USD"
61,train,10,Candidate,"I want a salary of 120,000",Offer,Salary,"120,000 USD"
61,train,11,Candidate,"I demand a salary of 120,000",Offer,Salary,"120,000 USD"
61,train,12,Employer,"Could we meet in the middle at 90,000? I could perhaps make that happen.",Offer,Salary,"90,000 USD"
61,train,13,Candidate,"I accept 90,000. I would like to move on. I want a workday of 8 hours",Accept,Salary,"90,000 USD"
61,train,13,Candidate,"I accept 90,000. I would like to move on. I want a workday of 8 hours",Offer,Working Hours,8 hours
61,train,14,Employer,"For a salary of 90,000, I need at least 9 hours.",Offer,Working Hours,9 hours
61,train,15,Candidate,I accept a workday of 9 hours. Let's discuss another issue. I want a pension of 20%,Accept,Working Hours,9 hours
61,train,15,Candidate,I accept a workday of 9 hours. Let's discuss another issue. I want a pension of 20%,Offer,Pension Fund,20%
61,train,16,Employer,I agree to 20%.,Accept,Pension Fund,20%
61,train,17,Candidate,I'm happy that you accept the 20%,Other,,
61,train,18,Candidate,I would like a fast promotion track,Offer,Promotion Possibilities,Fast promotion track
61,train,19,Employer,"Agreed, I was hoping for the same.",Accept,,True
61,train,20,Candidate,It's good to reach an agreement on this,Other,,
61,train,21,Candidate,I would like a company car,Offer,Leased Car,With leased car
61,train,22,Employer,I cannot offer a company car.,Reject,Leased Car,With leased car
61,train,23,Candidate,I demand a company car,Offer,Leased Car,With leased car
61,train,24,Employer,"And I cannot offer one, I am sorry. I have agreed to your terms. Will you refuse because I am not allowed to offer a company car?",Reject,Leased Car,With leased car
61,train,25,Candidate,I am expecting no agreement on leased car,Offer,Leased Car,No agreement
61,train,26,Employer,Understood and agreed.,Accept,,True
62,train,0,Candidate,Hello. I would like to discuss the issues of my contract.,Greet,,True
62,train,1,Candidate,I am expecting a position of project manager,Offer,Job Description,Project Manager
62,train,2,Employer,Would you consider programmer?,Offer,Job Description,Programmer
62,train,3,Candidate,I reject programmer position. I would like a position of project manager,Reject,Job Description,Programmer
62,train,3,Candidate,I reject programmer position. I would like a position of project manager,Offer,Job Description,Project Manager
62,train,4,Employer,Would you consider team manager?,Offer,Job Description,Team Manager
62,train,5,Candidate,I disagree about a position of team manager. I demand a position of project manager,Reject,Job Description,Team Manager
62,train,5,Candidate,I disagree about a position of team manager. I demand a position of project manager,Offer,Job Description,Project Manager
62,train,6,Employer,I offer 60000 salary,Offer,Salary,"60,000 USD"
62,train,7,Candidate,"I disagree about a salary of 60,000. I am willing to have a salary of 120,000",Reject,Salary,"60,000 USD"
62,train,7,Candidate,"I disagree about a salary of 60,000. I am willing to have a salary of 120,000",Offer,Salary,"120,000 USD"
62,train,8,Employer,I offer no car,Offer,Leased Car,Without leased car
62,train,9,Candidate,I agree with no company car. I would like to continue and discuss another issue. I want a position of project manager,Accept,Leased Car,Without leased car
62,train,9,Candidate,I agree with no company car. I would like to continue and discuss another issue. I want a position of project manager,Offer,Job Description,Project Manager
62,train,10,Employer,I offer 10 working hours,Offer,Working Hours,10 hours
62,train,11,Candidate,I refuse 10 hours. I want a workday of 8 hours,Reject,Working Hours,10 hours
62,train,11,Candidate,I refuse 10 hours. I want a workday of 8 hours,Offer,Working Hours,8 hours
62,train,12,Employer,I offer 10 working hours and project manager,Offer,Job Description,Project Manager
62,train,12,Employer,I offer 10 working hours and project manager,Offer,Working Hours,10 hours
62,train,13,Candidate,I disagree with the offer,Reject,,True
62,train,14,Employer,I offer 10 working hours and project manager and fast track,Offer,Job Description,Project Manager
62,train,14,Employer,I offer 10 working hours and project manager and fast track,Offer,Promotion Possibilities,Fast promotion track
62,train,14,Employer,I offer 10 working hours and project manager and fast track,Offer,Working Hours,10 hours
62,train,15,Candidate,I reject the previous offer,Reject,,True
62,train,16,Employer,I offer 10 working hours and project manager and 20% pension,Offer,Job Description,Project Manager
62,train,16,Employer,I offer 10 working hours and project manager and 20% pension,Offer,Pension Fund,20%
62,train,16,Employer,I offer 10 working hours and project manager and 20% pension,Offer,Working Hours,10 hours
62,train,17,Candidate,I disagree with the offer,Reject,,True
62,train,18,Employer,offer agreement draft,Other,,
62,train,19,Candidate,What do you have to offer?,Query,,
62,train,20,Employer,offer 90000 salary and project manager and without leased car and 20% pension fund and fast track and 9 hours,Offer,Job Description,Project Manager
62,train,20,Employer,offer 90000 salary and project manager and without leased car and 20% pension fund and fast track and 9 hours,Offer,Leased Car,Without leased car
62,train,20,Employer,offer 90000 salary and project manager and without leased car and 20% pension fund and fast track and 9 hours,Offer,Pension Fund,20%
62,train,20,Employer,offer 90000 salary and project manager and without leased car and 20% pension fund and fast track and 9 hours,Offer,Promotion Possibilities,Fast promotion track
62,train,20,Employer,offer 90000 salary and project manager and without leased car and 20% pension fund and fast track and 9 hours,Offer,Salary,"90,000 USD"
62,train,20,Employer,offer 90000 salary and project manager and without leased car and 20% pension fund and fast track and 9 hours,Offer,Working Hours,9 hours
62,train,21,Candidate,I accept the previous offer,Accept,,True
62,train,22,Employer,sign agreement,Other,,
63,train,0,Candidate,Hello. I would like to discuss the issues of my contract.,Greet,,True
63,train,1,Candidate,I would like a position of project manager,Offer,Job Description,Project Manager
63,train,2,Employer,"Hello, I would like to offer you the position of Programmer.",Greet,,True
63,train,2,Employer,"Hello, I would like to offer you the position of Programmer.",Offer,Job Description,Programmer
63,train,3,Candidate,I want a position of project manager,Offer,Job Description,Project Manager
63,train,4,Candidate,I want a position of project manager,Offer,Job Description,Project Manager
63,train,5,Candidate,I am expecting a position of project manager,Offer,Job Description,Project Manager
63,train,6,Employer,"How about programmer, 60,000, 10 hours, 10% Pension Fun and fast track to promotion.",Offer,Job Description,Programmer
63,train,6,Employer,"How about programmer, 60,000, 10 hours, 10% Pension Fun and fast track to promotion.",Offer,Pension Fund,10%
63,train,6,Employer,"How about programmer, 60,000, 10 hours, 10% Pension Fun and fast track to promotion.",Offer,Promotion Possibilities,Fast promotion track
63,train,6,Employer,"How about programmer, 60,000, 10 hours, 10% Pension Fun and fast track to promotion.",Offer,Salary,"60,000 USD"
63,train,6,Employer,"How about programmer, 60,000, 10 hours, 10% Pension Fun and fast track to promotion.",Offer,Working Hours,10 hours
63,train,7,Candidate,I refuse,Reject,,True
63,train,8,Employer,"Look, if you don't stay on track I will opt out of this negotiation. It's not worth it to me.",Quit,,True
63,train,9,Candidate,What do you have to offer?,Query,,
63,train,10,Candidate,I am expecting a position of project manager,Offer,Job Description,Project Manager
63,train,11,Employer,"I offered you the project manager position for 60,000, with 10 hours, no leased car but a fast track to promotion.",Offer,Job Description,Project Manager
63,train,11,Employer,"I offered you the project manager position for 60,000, with 10 hours, no leased car but a fast track to promotion.",Offer,Leased Car,Without leased car
63,train,11,Employer,"I offered you the project manager position for 60,000, with 10 hours, no leased car but a fast track to promotion.",Offer,Promotion Possibilities,Fast promotion track
63,train,11,Employer,"I offered you the project manager position for 60,000, with 10 hours, no leased car but a fast track to promotion.",Offer,Salary,"60,000 USD"
63,train,11,Employer,"I offered you the project manager position for 60,000, with 10 hours, no leased car but a fast track to promotion.",Offer,Working Hours,10 hours
63,train,12,Candidate,I reject the previous offer,Reject,,True
63,train,13,Employer,"OK, why don't you say what you want then? I'm about ready to walk away here.",Query,,
63,train,14,Candidate,I demand a position of project manager,Offer,Job Description,Project Manager
63,train,15,Employer,I just offered it to you!,Accept,,True
63,train,16,Candidate,It's great that you agree,Other,,
63,train,17,Candidate,"I demand a salary of 120,000",Offer,Salary,"120,000 USD"
63,train,18,Employer,"I'm giving you one more chance, and then I am walking out.",Quit,,True
63,train,19,Candidate,"I demand a salary of 90,000",Offer,Salary,"90,000 USD"
63,train,20,Employer,"I offered it for 60,000, with a fast track to promotion.",Offer,Promotion Possibilities,Fast promotion track
63,train,20,Employer,"I offered it for 60,000, with a fast track to promotion.",Offer,Salary,"60,000 USD"
63,train,21,Candidate,I agree. Now let's talk about how we can agree on other issues. I am willing to have a company car,Accept,,True
63,train,21,Candidate,I agree. Now let's talk about how we can agree on other issues. I am willing to have a company car,Offer,Leased Car,With leased car
63,train,22,Employer,"OK, I am done here. Good luck with finding your position elsewhere.",Quit,,True
63,train,23,Candidate,I want no agreement on leased car,Offer,Leased Car,No agreement
63,train,24,Employer,"Alright, so you accept the 60,000 and fast track?",Offer,Promotion Possibilities,Fast promotion track
63,train,24,Employer,"Alright, so you accept the 60,000 and fast track?",Offer,Salary,"60,000 USD"
63,train,25,Candidate,I accept the previous offer. Now let's talk about how we can agree on other issues. I am willing to have a company car,Accept,,True
63,train,25,Candidate,I accept the previous offer. Now let's talk about how we can agree on other issues. I am willing to have a company car,Offer,Leased Car,With leased car
63,train,26,Employer,"How about no car, but 10% for your Pension Fund?",Offer,Leased Car,Without leased car
63,train,26,Employer,"How about no car, but 10% for your Pension Fund?",Offer,Pension Fund,10%
63,train,27,Candidate,I reject the previous offer. I would like a pension of 20% and I am willing to have a company car,Reject,,True
63,train,27,Candidate,I reject the previous offer. I would like a pension of 20% and I am willing to have a company car,Offer,Pension Fund,20%
63,train,27,Candidate,I reject the previous offer. I would like a pension of 20% and I am willing to have a company car,Offer,Leased Car,With leased car
63,train,28,Candidate,"Sorry, I changed my preferences",Other,,
63,train,29,Candidate,I would like a company car,Offer,Leased Car,With leased car
63,train,30,Employer,"I would be willing to give you the 20% pension fund, but without leased car.",Offer,Leased Car,Without leased car
63,train,30,Employer,"I would be willing to give you the 20% pension fund, but without leased car.",Offer,Pension Fund,20%
63,train,31,Candidate,I agree. I would like to move on. I am willing to have a workday of 8 hours,Accept,,True
63,train,31,Candidate,I agree. I would like to move on. I am willing to have a workday of 8 hours,Offer,Working Hours,8 hours
63,train,32,Candidate,I am willing to have a workday of 8 hours,Offer,Working Hours,8 hours
63,train,33,Employer,How about compromising at 9 hours?,Offer,Working Hours,9 hours
63,train,34,Candidate,I agree with the offer,Accept,,True
64,train,0,Candidate,Hello. I would like to discuss the issues of my contract.,Greet,,True
64,train,1,Candidate,"I am expecting a salary of 120,000",Offer,Salary,"120,000 USD"
64,train,2,Employer,Hello. I would like to discuss the terms of your employment contract.,Greet,,True
64,train,3,Candidate,"I demand a salary of 120,000",Offer,Salary,"120,000 USD"
64,train,4,Candidate,"I demand a salary of 120,000",Offer,Salary,"120,000 USD"
64,train,5,Candidate,"I would like a salary of 120,000",Offer,Salary,"120,000 USD"
64,train,6,Employer,"The most we can offer you is 90,000.",Offer,Salary,"90,000 USD"
64,train,7,Candidate,"I agree with a salary of 90,000. I would like to continue and discuss another issue. I demand a position of project manager",Accept,Salary,"90,000 USD"
64,train,7,Candidate,"I agree with a salary of 90,000. I would like to continue and discuss another issue. I demand a position of project manager",Offer,Job Description,Project Manager
64,train,8,Candidate,I am expecting a position of project manager,Offer,Job Description,Project Manager
64,train,9,Candidate,I demand a position of project manager,Offer,Job Description,Project Manager
64,train,10,Candidate,I am willing to have a position of project manager,Offer,Job Description,Project Manager
64,train,11,Employer,"At this time, the most we will be able to offer you is 90,000. However, your salary comes with benefits.",Offer,Salary,"90,000 USD"
64,train,12,Candidate,I accept the salary. I would like to continue and discuss another issue. I want a position of project manager,Accept,,
64,train,12,Candidate,I accept the salary. I would like to continue and discuss another issue. I want a position of project manager,Offer,Job Description,Project Manager
64,train,13,Candidate,I am willing to have a position of project manager,Offer,Job Description,Project Manager
64,train,14,Employer,"At this time, we are prepared to offer you the position of team manager.",Offer,Job Description,Team Manager
64,train,15,Candidate,I agree with the offer about the job description. Let's discuss another issue. I am expecting a pension of 20%,Accept,,
64,train,15,Candidate,I agree with the offer about the job description. Let's discuss another issue. I am expecting a pension of 20%,Offer,Pension Fund,20%
64,train,16,Candidate,I would like a pension of 20%,Offer,Pension Fund,20%
64,train,17,Employer,We agree with the pension of 20%,Accept,Pension Fund,20%
64,train,18,Candidate,It's great that we agreed on 20%,Other,,
64,train,19,Candidate,I am willing to have a workday of 8 hours,Offer,Working Hours,8 hours
64,train,20,Employer,This position requires you to work at least 9 hours.,Offer,Working Hours,9 hours
64,train,21,Candidate,I accept the offer about the working hours. Now let's talk about how we can agree on other issues. I demand a company car,Accept,,
64,train,21,Candidate,I accept the offer about the working hours. Now let's talk about how we can agree on other issues. I demand a company car,Offer,Leased Car,With leased car
64,train,22,Candidate,I am expecting a company car,Offer,Leased Car,With leased car
64,train,23,Employer,"I am sorry, but we are unable to give you a company car at this time. ",Reject,Leased Car,With leased car
64,train,24,Candidate,I would like a company car,Offer,Leased Car,With leased car
64,train,25,Candidate,I demand a company car,Offer,Leased Car,With leased car
64,train,26,Employer,Giving you a company car would require you to either work 10 hours or drop your pension to 10%.,Offer,Leased Car,With leased car
64,train,26,Employer,Giving you a company car would require you to either work 10 hours or drop your pension to 10%.,Offer,Working Hours,10 hours
64,train,27,Candidate,I accept the previous offer. Let's proceed to another issue. I would like a fast promotion track,Accept,,True
64,train,27,Candidate,I accept the previous offer. Let's proceed to another issue. I would like a fast promotion track,Offer,Promotion Possibilities,Fast promotion track
64,train,28,Candidate,I would like a fast promotion track,Offer,Promotion Possibilities,Fast promotion track
64,train,29,Employer,"At this time, I cannot promise you a fast promotion. ",Reject,Promotion Possibilities,Fast promotion track
64,train,30,Candidate,I am expecting a fast promotion track,Offer,Promotion Possibilities,Fast promotion track
64,train,31,Candidate,I am willing to have a fast promotion track,Offer,Promotion Possibilities,Fast promotion track
64,train,32,Employer,"If you show the company what you're made of the first year, I am sure you will advance quickly. However, that is up to you. I cannot promise a fast promotion.",Reject,Promotion Possibilities,Fast promotion track
64,train,33,Candidate,I demand a fast promotion track,Offer,Promotion Possibilities,Fast promotion track
64,train,34,Candidate,I am expecting a fast promotion track,Offer,Promotion Possibilities,Fast promotion track
64,train,35,Candidate,I would like a fast promotion track,Offer,Promotion Possibilities,Fast promotion track
64,train,36,Employer,"After reviewing your file, we have decided to offer you a fast promotion track. ",Accept,Promotion Possibilities,Fast promotion track
64,train,37,Candidate,I'm happy that you accept. We can sign the agreement now.,Other,,
64,train,38,Employer,That is wonderful news.,Other,,
65,train,0,Candidate,Hello. I would like to discuss the issues of my contract.,Greet,,True
65,train,1,Candidate,I am expecting a position of project manager,Offer,Job Description,Project Manager
65,train,2,Employer,Were actually looking for a programmer.,Offer,Job Description,Programmer
65,train,3,Candidate,I disagree about a position of programmer. I demand a position of project manager,Reject,Job Description,Programmer
65,train,3,Candidate,I disagree about a position of programmer. I demand a position of project manager,Offer,Job Description,Project Manager
65,train,4,Candidate,I want a position of project manager,Offer,Job Description,Project Manager
65,train,5,Employer,"You can have the position if you accept a salary of 60,000 USD ",Offer,Salary,"60,000 USD"
65,train,6,Candidate,"I refuse. I demand a salary of 120,000 and I am expecting a position of team manager",Reject,,True
65,train,6,Candidate,"I refuse. I demand a salary of 120,000 and I am expecting a position of team manager",Offer,Salary,"120,000 USD"
65,train,6,Candidate,"I refuse. I demand a salary of 120,000 and I am expecting a position of team manager",Offer,Job Description,Team Manager
65,train,7,Employer,Do we agree about that?,Other,,
65,train,8,Employer,"For a team manager we can offer 90,000",Offer,Job Description,Team Manager
65,train,8,Employer,"For a team manager we can offer 90,000",Offer,Salary,"90,000 USD"
65,train,9,Candidate,"I disagree. I would like a salary of 120,000 and I want a position of project manager",Reject,,True
65,train,9,Candidate,"I disagree. I would like a salary of 120,000 and I want a position of project manager",Offer,Salary,"120,000 USD"
65,train,9,Candidate,"I disagree. I would like a salary of 120,000 and I want a position of project manager",Offer,Job Description,Project Manager
65,train,10,Employer,Not possible,Reject,,True
65,train,11,Candidate,What are you willing to offer?,Query,,
65,train,12,Employer,Team manager for 90000 and 9 working hours,Offer,Job Description,Team Manager
65,train,12,Employer,Team manager for 90000 and 9 working hours,Offer,Salary,"90,000 USD"
65,train,12,Employer,Team manager for 90000 and 9 working hours,Offer,Working Hours,9 hours
65,train,13,Candidate,"I disagree with the offer. I am expecting a workday of 8 hours, I want a position of project manager and I am expecting a salary of 120,000",Reject,,True
65,train,13,Candidate,"I disagree with the offer. I am expecting a workday of 8 hours, I want a position of project manager and I am expecting a salary of 120,000",Offer,Working Hours,8 hours
65,train,13,Candidate,"I disagree with the offer. I am expecting a workday of 8 hours, I want a position of project manager and I am expecting a salary of 120,000",Offer,Job Description,Project Manager
65,train,13,Candidate,"I disagree with the offer. I am expecting a workday of 8 hours, I want a position of project manager and I am expecting a salary of 120,000",Offer,Salary,"120,000 USD"
65,train,14,Employer,Were too far apart,Reject,,True
65,train,15,Candidate,What do you have to suggest?,Query,,
65,train,16,Employer,I'm not sure we can employ you,Other,,
65,train,17,Candidate,I am expecting a position of team manager,Offer,Job Description,Team Manager
65,train,18,Candidate,I am expecting a position of team manager,Offer,Job Description,Team Manager
65,train,19,Employer,"I suggest 90,000 team manager 9 working hours and you take your pick from the other categories",Offer,Job Description,Team Manager
65,train,19,Employer,"I suggest 90,000 team manager 9 working hours and you take your pick from the other categories",Offer,Salary,"90,000 USD"
65,train,19,Employer,"I suggest 90,000 team manager 9 working hours and you take your pick from the other categories",Offer,Working Hours,9 hours
65,train,20,Candidate,"I disagree. I am expecting a workday of 8 hours, I want a position of project manager and I want a salary of 120,000",Reject,,True
65,train,20,Candidate,"I disagree. I am expecting a workday of 8 hours, I want a position of project manager and I want a salary of 120,000",Offer,Working Hours,8 hours
65,train,20,Candidate,"I disagree. I am expecting a workday of 8 hours, I want a position of project manager and I want a salary of 120,000",Offer,Job Description,Project Manager
65,train,20,Candidate,"I disagree. I am expecting a workday of 8 hours, I want a position of project manager and I want a salary of 120,000",Offer,Salary,"120,000 USD"
65,train,21,Employer,"Not possible, I'm beginning to think we are wasting our time.",Reject,,True
65,train,22,Candidate,I want a position of project manager,Offer,Job Description,Project Manager
65,train,23,Employer,Ok,Accept,,True
65,train,24,Candidate,It's great that you agree,Other,,
65,train,25,Candidate,"I would like a salary of 120,000",Offer,Salary,"120,000 USD"
65,train,26,Employer,ok if you accept 9 hours and I my choice on all of the other categories,Offer,Working Hours,9 hours
65,train,27,Candidate,"I accept a workday of 9 hours. Now let's talk about how we can agree on other issues. I would like a salary of 120,000",Accept,Working Hours,9 hours
65,train,27,Candidate,"I accept a workday of 9 hours. Now let's talk about how we can agree on other issues. I would like a salary of 120,000",Offer,Salary,"120,000 USD"
65,train,28,Employer,Yes I agree to that but then I choose for the remaining categories,Accept,,True
65,train,29,Candidate,I'm happy that you accept,Other,,
65,train,30,Candidate,I am willing to have a company car,Offer,Leased Car,With leased car
65,train,31,Employer,salary 120000,Offer,Salary,"120,000 USD"
65,train,32,Candidate,"I agree with a salary of 120,000. Now let's talk about how we can agree on other issues. I am expecting a company car",Accept,Salary,"120,000 USD"
65,train,32,Candidate,"I agree with a salary of 120,000. Now let's talk about how we can agree on other issues. I am expecting a company car",Offer,Leased Car,With leased car
65,train,33,Employer,job project manager,Offer,Job Description,Project Manager
65,train,34,Candidate,I agree with a position of project manager. Now let's talk about how we can agree on other issues. I demand a company car,Accept,Job Description,Project Manager
65,train,34,Candidate,I agree with a position of project manager. Now let's talk about how we can agree on other issues. I demand a company car,Offer,Leased Car,With leased car
65,train,35,Employer,I can't do that,Reject,,True
65,train,36,Candidate,I would like no agreement on leased car,Offer,Leased Car,No agreement
65,train,37,Employer,ok,Accept,,True
65,train,38,Candidate,I'm happy that you accept,Other,,
65,train,39,Candidate,I demand a fast promotion track,Offer,Promotion Possibilities,Fast promotion track
65,train,40,Employer,agreed,Accept,,True
65,train,41,Candidate,I'm happy that you accept,Other,,
65,train,42,Candidate,I am expecting a pension of 20%,Offer,Pension Fund,20%
65,train,43,Employer,I think it's time for you to give me something I want no agreement on the pension,Offer,Pension Fund,No agreement
65,train,44,Candidate,I disagree about no agreement on pension,Reject,Pension Fund,No agreement
65,train,45,Candidate,What do you have to offer?,Query,,
65,train,46,Employer,for pension I want no agreement,Offer,Pension Fund,No agreement
65,train,47,Candidate,I reject no agreement on pension,Reject,Pension Fund,No agreement
65,train,48,Candidate,I demand a pension of 20%,Offer,Pension Fund,20%
65,train,49,Employer,Ok then we need to drop your salary to 90000,Offer,Salary,"90,000 USD"
65,train,50,Candidate,"I agree with a salary of 90,000. Let's discuss another issue. I demand a pension of 20%",Accept,Salary,"90,000 USD"
65,train,50,Candidate,"I agree with a salary of 90,000. Let's discuss another issue. I demand a pension of 20%",Offer,Pension Fund,20%
65,train,51,Employer,you can have your choice of pension,Accept,,
65,train,52,Candidate,I'm happy that you accept. We can sign the agreement now. Please pick the values in the agreement draft and press Sign.,Other,,
66,train,0,Candidate,Hello. I would like to discuss the issues of my contract.,Greet,,True
66,train,1,Candidate,I am expecting a position of project manager,Offer,Job Description,Project Manager
66,train,2,Employer,I am expecting a programmer,Offer,Job Description,Programmer
66,train,3,Candidate,"I agree with a position of programmer. Now let's talk about how we can agree on other issues. I am willing to have a salary of 120,000",Accept,Job Description,Programmer
66,train,3,Candidate,"I agree with a position of programmer. Now let's talk about how we can agree on other issues. I am willing to have a salary of 120,000",Offer,Salary,"120,000 USD"
66,train,4,Employer,90000 max,Offer,Salary,"90,000 USD"
66,train,5,Candidate,"I refuse 90,000. I want a salary of 120,000",Reject,Salary,"90,000 USD"
66,train,5,Candidate,"I refuse 90,000. I want a salary of 120,000",Offer,Salary,"120,000 USD"
66,train,6,Employer,10 hours okay?,Offer,Working Hours,10 hours
66,train,7,Candidate,I refuse 10 hours. I am willing to have a workday of 8 hours,Reject,Working Hours,10 hours
66,train,7,Candidate,I refuse 10 hours. I am willing to have a workday of 8 hours,Offer,Working Hours,8 hours
66,train,8,Employer,without leased car and 10% PF,Offer,Leased Car,Without leased car
66,train,8,Employer,without leased car and 10% PF,Offer,Pension Fund,10%
66,train,9,Candidate,I refuse. I am expecting a pension of 20% and I want a company car,Reject,,True
66,train,9,Candidate,I refuse. I am expecting a pension of 20% and I want a company car,Offer,Pension Fund,20%
66,train,9,Candidate,I refuse. I am expecting a pension of 20% and I want a company car,Offer,Leased Car,With leased car
66,train,10,Employer,"ok go for project manager 120,000",Offer,Job Description,Project Manager
66,train,10,Employer,"ok go for project manager 120,000",Offer,Salary,"120,000 USD"
66,train,11,Candidate,I agree with the offer. Now let's talk about how we can agree on other issues. I want a company car,Accept,,True
66,train,11,Candidate,I agree with the offer. Now let's talk about how we can agree on other issues. I want a company car,Offer,Leased Car,With leased car
66,train,12,Employer,yeah sure,Accept,,True
66,train,13,Candidate,I'm happy that you accept,Other,,
66,train,14,Candidate,I would like a fast promotion track,Offer,Promotion Possibilities,Fast promotion track
66,train,15,Employer,slow promotion track,Offer,Promotion Possibilities,Slow promotion track
66,train,16,Candidate,I disagree about a slow promotion track. I would like a fast promotion track,Reject,Promotion Possibilities,Slow promotion track
66,train,16,Candidate,I disagree about a slow promotion track. I would like a fast promotion track,Offer,Promotion Possibilities,Fast promotion track
66,train,17,Employer,10 hours,Offer,Working Hours,10 hours
66,train,18,Candidate,I reject a workday of 10 hours. I would like a workday of 9 hours,Reject,Working Hours,10 hours
66,train,18,Candidate,I reject a workday of 10 hours. I would like a workday of 9 hours,Offer,Working Hours,9 hours
66,train,19,Employer,Okay you selected,Accept,,True
67,train,0,Candidate,Hello. I would like to discuss the issues of my contract.,Greet,,True
67,train,1,Candidate,I am willing to have a position of project manager,Offer,Job Description,Project Manager
67,train,2,Employer,What salary are you looking for?,Query,Offer,Salary
67,train,3,Candidate,"I am expecting a salary of 120,000",Offer,Salary,"120,000 USD"
67,train,4,Candidate,"I am expecting a salary of 120,000",Offer,Salary,"120,000 USD"
67,train,5,Employer,"I can offer 90,000 and a leased car.",Offer,Leased Car,With leased car
67,train,5,Employer,"I can offer 90,000 and a leased car.",Offer,Salary,"90,000 USD"
67,train,6,Candidate,I agree with the offer. I would like to continue and discuss another issue. I want a position of project manager,Accept,,True
67,train,6,Candidate,I agree with the offer. I would like to continue and discuss another issue. I want a position of project manager,Offer,Job Description,Project Manager
67,train,7,Employer,"Yes, you are being offered project manager. What is your other issue?",Accept,Job Description,Project Manager
67,train,7,Employer,"Yes, you are being offered project manager. What is your other issue?",Query,,
67,train,8,Candidate,It's great that we agreed on project manager,Other,,
67,train,9,Candidate,I am expecting a fast promotion track,Offer,Promotion Possibilities,Fast promotion track
67,train,10,Candidate,I would like a fast promotion track,Offer,Promotion Possibilities,Fast promotion track
67,train,11,Employer,"You can be on fast promotion track, but you will need to work 9 or 10 hours per day.",Accept,Promotion Possibilities,Fast promotion track
67,train,11,Employer,"You can be on fast promotion track, but you will need to work 9 or 10 hours per day.",Offer,Working Hours,9 hours
67,train,12,Candidate,I disagree,Reject,,True
67,train,13,Employer,"Unfortunately that is what it takes to get to the top quickly, working 9 hours.",Offer,Working Hours,9 hours
67,train,14,Candidate,I accept 9 hours. Let's proceed to another issue. I am expecting a fast promotion track,Accept,Working Hours,9 hours
67,train,14,Candidate,I accept 9 hours. Let's proceed to another issue. I am expecting a fast promotion track,Offer,Promotion Possibilities,Fast promotion track
67,train,15,Employer,"Yes, we agree on fast promotion track.",Accept,Promotion Possibilities,Fast promotion track
67,train,16,Candidate,I'm happy that you accept the fast promotion track,Other,,
67,train,17,Candidate,I am willing to have a pension of 20%,Offer,Pension Fund,20%
67,train,18,Employer,That seems reasonable to me. I agree.,Accept,,True
67,train,19,Candidate,I'm happy that you accept. We can sign the agreement now. Please pick the values in the agreement draft and press Sign.,Other,,
68,train,0,Candidate,Hello. I would like to discuss the issues of my contract.,Greet,,True
68,train,1,Candidate,I am expecting a position of project manager,Offer,Job Description,Project Manager
68,train,2,Employer,I agree,Accept,,True
68,train,3,Candidate,It's great that you agree,Other,,
68,train,4,Candidate,"I am expecting a salary of 120,000",Offer,Salary,"120,000 USD"
68,train,5,Employer,"What about a salary of 60,000",Offer,Salary,"60,000 USD"
68,train,6,Candidate,"I disagree about a salary of 60,000. I am expecting a salary of 120,000",Reject,Salary,"60,000 USD"
68,train,6,Candidate,"I disagree about a salary of 60,000. I am expecting a salary of 120,000",Offer,Salary,"120,000 USD"
68,train,7,Employer,"How about a salary of 90,000",Offer,Salary,"90,000 USD"
68,train,8,Candidate,"I accept 90,000. Now let's talk about how we can agree on other issues. I am willing to have a company car",Accept,Salary,"90,000 USD"
68,train,8,Candidate,"I accept 90,000. Now let's talk about how we can agree on other issues. I am willing to have a company car",Offer,Leased Car,With leased car
68,train,9,Employer,What about without leased car,Offer,Leased Car,Without leased car
68,train,10,Candidate,I disagree about no company car. I want a company car,Reject,Leased Car,Without leased car
68,train,10,Candidate,I disagree about no company car. I want a company car,Offer,Leased Car,With leased car
68,train,11,Employer,Why do you want a company car?,Other,,
68,train,12,Candidate,I am expecting a company car,Offer,Leased Car,With leased car
68,train,13,Employer,Do you own a car?,Other,,
68,train,14,Candidate,I demand a company car,Offer,Leased Car,With leased car
68,train,15,Employer,Why?,Other,,
68,train,16,Candidate,I am expecting a company car,Offer,Leased Car,With leased car
68,train,17,Employer,I am expecting you not to have a company car,Offer,Leased Car,Without leased car
68,train,18,Candidate,I accept no company car. Let's proceed to another issue. I am willing to have a fast promotion track,Accept,Leased Car,Without leased car
68,train,18,Candidate,I accept no company car. Let's proceed to another issue. I am willing to have a fast promotion track,Offer,Promotion Possibilities,Fast promotion track
68,train,19,Employer,I agree,Accept,,True
68,train,20,Candidate,It's good to reach an agreement on this,Other,,
68,train,21,Candidate,I am willing to have a workday of 8 hours,Offer,Working Hours,8 hours
68,train,22,Employer,How about 10 hours?,Offer,Working Hours,10 hours
68,train,23,Candidate,I reject 10 hours. I would like a workday of 8 hours,Reject,Working Hours,10 hours
68,train,23,Candidate,I reject 10 hours. I would like a workday of 8 hours,Offer,Working Hours,8 hours
68,train,24,Employer,I need people to work 10 hours,Offer,Working Hours,10 hours
68,train,25,Candidate,I reject a workday of 10 hours. I would like a workday of 8 hours,Reject,Working Hours,10 hours
68,train,25,Candidate,I reject a workday of 10 hours. I would like a workday of 8 hours,Offer,Working Hours,8 hours
68,train,26,Employer,Why?,Other,,
68,train,27,Candidate,I would like a workday of 8 hours,Offer,Working Hours,8 hours
68,train,28,Employer,Why?,Other,,
68,train,29,Candidate,I want a workday of 8 hours,Offer,Working Hours,8 hours
68,train,30,Employer,Can you work 10 hours?,Offer,Working Hours,10 hours
68,train,31,Candidate,I reject 10 hours. I demand a workday of 8 hours,Reject,Working Hours,10 hours
68,train,31,Candidate,I reject 10 hours. I demand a workday of 8 hours,Offer,Working Hours,8 hours
68,train,32,Employer,Could you do 9 hours instead?,Offer,Working Hours,9 hours
68,train,33,Candidate,I reject 9 hours. I demand a workday of 8 hours,Reject,Working Hours,9 hours
68,train,33,Candidate,I reject 9 hours. I demand a workday of 8 hours,Offer,Working Hours,8 hours
68,train,34,Employer,We need somebody to work 10 hours,Offer,Working Hours,10 hours
68,train,35,Candidate,I refuse 10 hours. I demand a workday of 8 hours,Reject,Working Hours,10 hours
68,train,35,Candidate,I refuse 10 hours. I demand a workday of 8 hours,Offer,Working Hours,8 hours
68,train,36,Employer,How about 9 hours?,Offer,Working Hours,9 hours
68,train,37,Candidate,I disagree about a workday of 9 hours. I demand a workday of 8 hours,Reject,Working Hours,9 hours
68,train,37,Candidate,I disagree about a workday of 9 hours. I demand a workday of 8 hours,Offer,Working Hours,8 hours
68,train,38,Employer,Do you have a compromise?,Other,,
68,train,39,Candidate,I am willing to have a position of project manager,Offer,Job Description,Project Manager
68,train,40,Employer,Could you be a programmer?,Offer,Job Description,Programmer
68,train,41,Candidate,I refuse programmer position. I want a position of project manager,Reject,Job Description,Programmer
68,train,41,Candidate,I refuse programmer position. I want a position of project manager,Offer,Job Description,Project Manager
68,train,42,Employer,Are you sure? I think you would make a great programmer,Offer,Job Description,Programmer
68,train,43,Candidate,I refuse programmer position. I am willing to have a position of project manager,Reject,Job Description,Programmer
68,train,43,Candidate,I refuse programmer position. I am willing to have a position of project manager,Offer,Job Description,Project Manager
68,train,44,Employer,How about a team manager?,Offer,Job Description,Team Manager
68,train,45,Candidate,I refuse team manager position. I am expecting a position of project manager,Reject,Job Description,Team Manager
68,train,45,Candidate,I refuse team manager position. I am expecting a position of project manager,Offer,Job Description,Project Manager
68,train,46,Employer,But you could do more with yourself. I think a programmer would be a great fit,Offer,Job Description,Programmer
68,train,47,Candidate,I reject programmer position. I want a position of project manager,Reject,Job Description,Programmer
68,train,47,Candidate,I reject programmer position. I want a position of project manager,Offer,Job Description,Project Manager
68,train,48,Employer,Why?,Other,,
68,train,49,Employer,I think programmer would be great,Offer,Job Description,Programmer
69,train,0,Candidate,Hello. I would like to discuss the issues of my contract.,Greet,,True
69,train,1,Candidate,I want a position of project manager,Offer,Job Description,Project Manager
69,train,2,Employer,yes,Accept,,True
69,train,3,Candidate,It's great that you agree,Other,,
69,train,4,Candidate,"I am expecting a salary of 120,000",Offer,Salary,"120,000 USD"
69,train,5,Employer,yes,Accept,,True
69,train,6,Candidate,I'm happy that you accept,Other,,
69,train,7,Candidate,I am expecting a company car,Offer,Leased Car,With leased car
69,train,8,Employer,yes,Accept,,True
69,train,9,Candidate,It's great that you agree,Other,,
69,train,10,Candidate,I want a fast promotion track,Offer,Promotion Possibilities,Fast promotion track
69,train,11,Employer,ok,Accept,,True
69,train,12,Candidate,I'm happy that you accept,Other,,
69,train,13,Candidate,I want a workday of 8 hours,Offer,Working Hours,8 hours
69,train,14,Employer,no,Reject,,True
69,train,15,Candidate,I would like a workday of 9 hours,Offer,Working Hours,9 hours
69,train,16,Employer,yes,Accept,,True
69,train,17,Candidate,It's great that you agree,Other,,
69,train,18,Candidate,I am expecting a pension of 20%,Offer,Pension Fund,20%
69,train,19,Employer,yes,Accept,,True
69,train,20,Candidate,I'm happy that you accept. We can sign the agreement now. Please pick the values in the agreement draft and press Sign.,Other,,
7,train,0,Candidate,Hello. I would like to discuss the issues of my contract.,Greet,,True
7,train,1,Candidate,I want a position of project manager,Offer,Job Description,Project Manager
7,train,2,Employer,I agree,Accept,,True
7,train,3,Candidate,It's great that you agree,Other,,
7,train,4,Candidate,"I would like a salary of 120,000",Offer,Salary,"120,000 USD"
7,train,5,Employer,"I will offer 90,000",Offer,Salary,"90,000 USD"
7,train,6,Candidate,"I agree with a salary of 90,000. Now let's talk about how we can agree on other issues. I would like a company car",Accept,Salary,"90,000 USD"
7,train,6,Candidate,"I agree with a salary of 90,000. Now let's talk about how we can agree on other issues. I would like a company car",Offer,Leased Car,With leased car
7,train,7,Employer,I agree,Accept,,True
7,train,8,Candidate,I'm happy that you accept,Other,,
7,train,9,Candidate,I would like a fast promotion track,Offer,Promotion Possibilities,Fast promotion track
7,train,10,Employer,I agree,Accept,,True
7,train,11,Candidate,I'm happy that you accept,Other,,
7,train,12,Candidate,I would like a workday of 8 hours,Offer,Working Hours,8 hours
7,train,13,Employer,I will offer 9 hours,Offer,Working Hours,9 hours
7,train,14,Candidate,I accept a workday of 9 hours. Let's discuss another issue. I would like a pension of 20%,Accept,Working Hours,9 hours
7,train,14,Candidate,I accept a workday of 9 hours. Let's discuss another issue. I would like a pension of 20%,Offer,Pension Fund,20%
7,train,15,Employer,I agree,Accept,,True
7,train,16,Candidate,I'm happy that you accept. We can sign the agreement now. Please pick the values in the agreement draft and press Sign.,Other,,
70,test,0,Candidate,Hello. I would like to discuss the issues of my contract.,Greet,,True
70,test,1,Candidate,I want a position of project manager,Offer,Job Description,Project Manager
70,test,2,Employer,Well I think that's really something you need to work toward. I think Programmer is fair for both of us.,Offer,Job Description,Programmer
70,test,3,Candidate,"I agree with a position of programmer. Now let's talk about how we can agree on other issues. I am expecting a salary of 120,000",Accept,Job Description,Programmer
70,test,3,Candidate,"I agree with a position of programmer. Now let's talk about how we can agree on other issues. I am expecting a salary of 120,000",Offer,Salary,"120,000 USD"
70,test,4,Candidate,"I want a salary of 120,000",Offer,Salary,"120,000 USD"
70,test,5,Employer,"I'd like to give you that. But my budget only allows 60,000. In a short time I'm sure that can be raised substantially.",Offer,Salary,"60,000 USD"
70,test,6,Candidate,"I refuse 60,000. I am willing to have a salary of 120,000",Reject,Salary,"60,000 USD"
70,test,6,Candidate,"I refuse 60,000. I am willing to have a salary of 120,000",Offer,Salary,"120,000 USD"
70,test,7,Candidate,"I want a salary of 120,000",Offer,Salary,"120,000 USD"
70,test,8,Candidate,"I want a salary of 120,000",Offer,Salary,"120,000 USD"
70,test,9,Employer,Ok. Let's come back to that. I think 10% on the pension fund may make up for salary differences.,Offer,Pension Fund,10%
70,test,10,Candidate,"I accept a pension of 10%. Now let's talk about how we can agree on other issues. I would like a salary of 120,000",Accept,Pension Fund,10%
70,test,10,Candidate,"I accept a pension of 10%. Now let's talk about how we can agree on other issues. I would like a salary of 120,000",Offer,Salary,"120,000 USD"
70,test,11,Candidate,"I want a salary of 120,000",Offer,Salary,"120,000 USD"
70,test,12,Employer,Understand I can only offer so much. How does only 10 hours sound for your working hours?,Offer,Working Hours,10 hours
70,test,13,Candidate,I refuse 10 hours. I am expecting a workday of 8 hours,Reject,Working Hours,10 hours
70,test,13,Candidate,I refuse 10 hours. I am expecting a workday of 8 hours,Offer,Working Hours,8 hours
70,test,14,Candidate,"I want a salary of 120,000",Offer,Salary,"120,000 USD"
70,test,15,Employer,"Well if I gave you 8 hours would you accept $60,000 salary?",Offer,Salary,"60,000 USD"
70,test,15,Employer,"Well if I gave you 8 hours would you accept $60,000 salary?",Offer,Working Hours,8 hours
70,test,16,Candidate,I disagree,Reject,,True
70,test,17,Candidate,"I am willing to have a salary of 120,000",Offer,Salary,"120,000 USD"
70,test,18,Candidate,"I would like a salary of 120,000",Offer,Salary,"120,000 USD"
70,test,19,Employer,"Well the more you want, the less I can give you in other areas. ",Reject,,True
70,test,20,Candidate,"I am expecting a salary of 90,000",Offer,Salary,"90,000 USD"
70,test,21,Employer,I have other people I need to interview and if you're not willing to compromise I may have to consider someone else.,Reject,,True
70,test,22,Candidate,"I am willing to have a salary of 120,000",Offer,Salary,"120,000 USD"
70,test,23,Candidate,"I am willing to have a salary of 120,000",Offer,Salary,"120,000 USD"
70,test,24,Employer,"Well unless we can compromise, I think this negotiation is over. You're just too inflexible.",Quit,,True
70,test,25,Candidate,I am opting out. Please press the button Opt out.,Other,,
71,test,0,Candidate,Hello. I would like to discuss the issues of my contract.,Greet,,True
71,test,1,Candidate,I am willing to have a position of project manager,Offer,Job Description,Project Manager
71,test,2,Employer,"Hello, we're looking for programmers now.",Offer,Job Description,Programmer
71,test,3,Candidate,"I agree with a position of programmer. Now let's talk about how we can agree on other issues. I am willing to have a salary of 120,000",Accept,Job Description,Programmer
71,test,3,Candidate,"I agree with a position of programmer. Now let's talk about how we can agree on other issues. I am willing to have a salary of 120,000",Offer,Salary,"120,000 USD"
71,test,4,Employer,We can pay 60000 with other benefits for this position.,Offer,Salary,"60,000 USD"
71,test,5,Candidate,"I reject a salary of 60,000. I would like a salary of 120,000",Reject,Salary,"60,000 USD"
71,test,5,Candidate,"I reject a salary of 60,000. I would like a salary of 120,000",Offer,Salary,"120,000 USD"
71,test,6,Employer,What is the lowest salary you can afford?,Reject,,True
71,test,7,Candidate,"I am willing to have a salary of 90,000. But I must change our previous agreement. I am willing to have a position of project manager",Offer,Salary,"90,000 USD"
71,test,7,Candidate,"I am willing to have a salary of 90,000. But I must change our previous agreement. I am willing to have a position of project manager",Offer,Job Description,Project Manager
71,test,8,Candidate,"Sorry, I changed my preferences",Other,,
71,test,9,Candidate,"I am expecting a salary of 120,000",Offer,Salary,"120,000 USD"
71,test,10,Candidate,"I want a salary of 120,000",Offer,Salary,"120,000 USD"
71,test,11,Employer,Ok but not ok. We can or can not pay 120000. Depending on your skills. We can promote you. But prove yourself first. Ok? We can start from 60000 with fast promotion or from 90000 with slow promotion. Ok?,Offer,Salary,"60,000 USD"
71,test,11,Employer,Ok but not ok. We can or can not pay 120000. Depending on your skills. We can promote you. But prove yourself first. Ok? We can start from 60000 with fast promotion or from 90000 with slow promotion. Ok?,Offer,Promotion Possibilities,Fast promotion track
71,test,12,Candidate,"I refuse 60,000. I would like a salary of 120,000",Reject,Salary,"60,000 USD"
71,test,12,Candidate,"I refuse 60,000. I would like a salary of 120,000",Offer,Salary,"120,000 USD"
71,test,13,Candidate,"I am willing to have a salary of 120,000",Offer,Salary,"120,000 USD"
71,test,14,Employer,We can give 120000. But it's for 10 working hours per day. Is this ok?,Offer,Salary,"120,000 USD"
71,test,14,Employer,We can give 120000. But it's for 10 working hours per day. Is this ok?,Offer,Working Hours,10 hours
71,test,15,Candidate,"I refuse. I am expecting a workday of 8 hours and I am expecting a salary of 90,000",Reject,,True
71,test,15,Candidate,"I refuse. I am expecting a workday of 8 hours and I am expecting a salary of 90,000",Offer,Working Hours,8 hours
71,test,15,Candidate,"I refuse. I am expecting a workday of 8 hours and I am expecting a salary of 90,000",Offer,Salary,"90,000 USD"
71,test,16,Employer,9 hours and 90000.,Offer,Working Hours,9 hours
71,test,16,Employer,9 hours and 90000.,Offer,Salary,"90,000 USD"
71,test,17,Candidate,"I disagree with the offer. I am willing to have a workday of 8 hours and I want a salary of 120,000",Reject,,True
71,test,17,Candidate,"I disagree with the offer. I am willing to have a workday of 8 hours and I want a salary of 120,000",Offer,Working Hours,8 hours
71,test,17,Candidate,"I disagree with the offer. I am willing to have a workday of 8 hours and I want a salary of 120,000",Offer,Salary,"120,000 USD"
71,test,18,Employer,Let's talk about promotion. What kind of promotion do you want?,Query,Offer,Promotion Possibilities
71,test,19,Candidate,I would like a fast promotion track,Offer,Promotion Possibilities,Fast promotion track
71,test,20,Employer,Fast promotion is for 9 working hours ok?,Offer,Promotion Possibilities,Fast promotion track
71,test,20,Employer,Fast promotion is for 9 working hours ok?,Offer,Working Hours,9 hours
71,test,21,Candidate,I reject the previous offer,Reject,,True
71,test,22,Candidate,I am expecting a fast promotion track,Offer,Promotion Possibilities,Fast promotion track
71,test,23,Employer,We can give you fast promotion track without leased car for 90000 salary.,Offer,Promotion Possibilities,Fast promotion track
71,test,23,Employer,We can give you fast promotion track without leased car for 90000 salary.,Offer,Leased Car,Without leased car
71,test,23,Employer,We can give you fast promotion track without leased car for 90000 salary.,Offer,Salary,"90,000 USD"
71,test,24,Candidate,I refuse,Reject,,True
71,test,25,Candidate,I would like a pension of 20%,Offer,Pension Fund,20%
71,test,26,Candidate,I would like a pension of 20%,Offer,Pension Fund,20%
71,test,27,Employer,"We will give you 20% pension fund after one year. For the start and for the salary you need, the offer is without a pension fund.",Offer,Pension Fund,0%
71,test,28,Candidate,I disagree about a pension of 0%. I am expecting a pension of 20%,Reject,Pension Fund,0%
71,test,28,Candidate,I disagree about a pension of 0%. I am expecting a pension of 20%,Offer,Pension Fund,20%
71,test,29,Employer,We can give you 10% pension fund.,Offer,Pension Fund,10%
71,test,30,Candidate,"I accept a pension of 10%. Now let's talk about how we can agree on other issues. I am willing to have a salary of 120,000",Accept,Pension Fund,10%
71,test,30,Candidate,"I accept a pension of 10%. Now let's talk about how we can agree on other issues. I am willing to have a salary of 120,000",Offer,Salary,"120,000 USD"
71,test,31,Employer,We can give 90000 salary.,Offer,Salary,"90,000 USD"
71,test,32,Candidate,"I refuse 90,000. I am expecting a salary of 120,000",Reject,Salary,"90,000 USD"
71,test,32,Candidate,"I refuse 90,000. I am expecting a salary of 120,000",Offer,Salary,"120,000 USD"
71,test,33,Employer,Ok 120000 salary with a slow promotion track ok?,Offer,Salary,"120,000 USD"
71,test,33,Employer,Ok 120000 salary with a slow promotion track ok?,Offer,Promotion Possibilities,Slow promotion track
71,test,34,Candidate,I disagree,Reject,,True
71,test,35,Employer,Ok then 90000 with a fast promotion track.,Offer,Salary,"90,000 USD"
71,test,35,Employer,Ok then 90000 with a fast promotion track.,Offer,Promotion Possibilities,Fast promotion track
71,test,36,Candidate,I disagree,Reject,,True
71,test,37,Employer,120000 with a fast promotion but 0% pension fund ok?,Offer,Salary,"120,000 USD"
71,test,37,Employer,120000 with a fast promotion but 0% pension fund ok?,Offer,Promotion Possibilities,Fast promotion track
71,test,37,Employer,120000 with a fast promotion but 0% pension fund ok?,Offer,Pension Fund,0%
71,test,38,Candidate,I reject the previous offer,Reject,,True
71,test,39,Employer,"120000 with a fast promotion but 9 hours, ok?",Offer,Salary,"120,000 USD"
71,test,39,Employer,"120000 with a fast promotion but 9 hours, ok?",Offer,Promotion Possibilities,Fast promotion track
71,test,39,Employer,"120000 with a fast promotion but 9 hours, ok?",Offer,Working Hours,9 hours
71,test,40,Candidate,I accept the previous offer. Now let's talk about how we can agree on other issues. I want a company car,Accept,,True
71,test,40,Candidate,I accept the previous offer. Now let's talk about how we can agree on other issues. I want a company car,Offer,Leased Car,With leased car
71,test,41,Employer,We don't have a company car for your offer.,Reject,Leased Car,With leased car
71,test,42,Candidate,I would like no agreement on leased car,Offer,Leased Car,No agreement
71,test,43,Candidate,"Sorry, I changed my preferences",Other,,
71,test,44,Candidate,I would like a company car,Offer,Leased Car,With leased car
71,test,45,Employer,Do you want to opt out?,Quit,,True
71,test,46,Candidate,I am opting out. Please press the button Opt out.,Other,,
72,test,0,Candidate,Hello. I would like to discuss the issues of my contract.,Greet,,True
72,test,1,Candidate,I am willing to have a position of project manager,Offer,Job Description,Project Manager
72,test,2,Employer,Let me see what I can offer,Other,,
72,test,3,Candidate,I would like a position of project manager,Offer,Job Description,Project Manager
72,test,4,Employer,I can make you a team manager,Offer,Job Description,Team Manager
72,test,5,Candidate,I reject team manager position. I am willing to have a position of project manager,Reject,Job Description,Team Manager
72,test,5,Candidate,I reject team manager position. I am willing to have a position of project manager,Offer,Job Description,Project Manager
72,test,6,Employer,"How about a salary of $60,000",Offer,Salary,"60,000 USD"
72,test,7,Candidate,"I reject 60,000. I am willing to have a salary of 120,000",Reject,Salary,"60,000 USD"
72,test,7,Candidate,"I reject 60,000. I am willing to have a salary of 120,000",Offer,Salary,"120,000 USD"
72,test,8,Employer,"I can make you a team manager with a salary of $90,00. That's the best I can do.",Offer,Job Description,Team Manager
72,test,8,Employer,"I can make you a team manager with a salary of $90,00. That's the best I can do.",Offer,Salary,"90,000 USD"
72,test,9,Candidate,"I reject the previous offer. I would like a salary of 120,000 and I demand a position of project manager",Reject,,True
72,test,9,Candidate,"I reject the previous offer. I would like a salary of 120,000 and I demand a position of project manager",Offer,Salary,"120,000 USD"
72,test,9,Candidate,"I reject the previous offer. I would like a salary of 120,000 and I demand a position of project manager",Offer,Job Description,Project Manager
72,test,10,Employer,It does not look like we will be able to reach an agreement. Good luck to you.,Quit,,True
72,test,11,Candidate,What do you have to suggest?,Query,,
73,test,0,Candidate,Hello. I would like to discuss the issues of my contract.,Greet,,True
73,test,1,Candidate,I am expecting a position of project manager,Offer,Job Description,Project Manager
73,test,2,Employer,i can do a team manager with a bonus 10% pension Fund.,Offer,Job Description,Team Manager
73,test,2,Employer,i can do a team manager with a bonus 10% pension Fund.,Offer,Pension Fund,10%
73,test,3,Candidate,"I agree. Now let's talk about how we can agree on other issues. I am expecting a salary of 120,000",Accept,,True
73,test,3,Candidate,"I agree. Now let's talk about how we can agree on other issues. I am expecting a salary of 120,000",Offer,Salary,"120,000 USD"
73,test,4,Candidate,"I would like a salary of 120,000",Offer,Salary,"120,000 USD"
73,test,5,Employer,"the most we can possibly offer for the position is 90,000. ",Offer,Salary,"90,000 USD"
73,test,6,Candidate,"I disagree about a salary of 90,000. I would like a salary of 120,000",Reject,Salary,"90,000 USD"
73,test,6,Candidate,"I disagree about a salary of 90,000. I would like a salary of 120,000",Offer,Salary,"120,000 USD"
73,test,7,Candidate,"I am willing to have a salary of 120,000",Offer,Salary,"120,000 USD"
74,test,0,Candidate,Hello. I would like to discuss the issues of my contract.,Greet,,True
74,test,1,Candidate,I am expecting a position of project manager,Offer,Job Description,Project Manager
74,test,2,Employer,"Here is the contract, what would you like to discuss?",Query,,
74,test,3,Candidate,I am willing to have a position of project manager,Offer,Job Description,Project Manager
74,test,4,Employer,"Please look over, and sign the agreement.",Other,,
74,test,5,Candidate,I am willing to have a position of project manager,Offer,Job Description,Project Manager
74,test,6,Employer,Sign the agreement,Other,,
74,test,7,Candidate,I want a position of project manager,Offer,Job Description,Project Manager
74,test,8,Employer,That is the position I have offered.,Accept,,
74,test,9,Candidate,I'm happy that you accept,Other,,
74,test,10,Candidate,"I am willing to have a salary of 120,000",Offer,Salary,"120,000 USD"
74,test,11,Employer,"I am offering 90,000",Offer,Salary,"90,000 USD"
74,test,12,Candidate,"I agree with a salary of 90,000. Now let's talk about how we can agree on other issues. I want a company car",Accept,Salary,"90,000 USD"
74,test,12,Candidate,"I agree with a salary of 90,000. Now let's talk about how we can agree on other issues. I want a company car",Offer,Leased Car,With leased car
74,test,13,Candidate,I am expecting a company car,Offer,Leased Car,With leased car
74,test,14,Employer,This job does not come with a company car for new hires.,Reject,Leased Car,With leased car
74,test,15,Candidate,I am willing to have no agreement on leased car,Offer,Leased Car,No agreement
74,test,16,Employer,Ok,Accept,,True
74,test,17,Candidate,I'm happy that you accept,Other,,
74,test,18,Candidate,I want a fast promotion track,Offer,Promotion Possibilities,Fast promotion track
74,test,19,Employer,you got it,Accept,,True
74,test,20,Candidate,It's good to reach an agreement on this,Other,,
74,test,21,Candidate,I am willing to have a workday of 8 hours,Offer,Working Hours,8 hours
74,test,22,Employer,"The job entails 9, including a break",Offer,Working Hours,9 hours
74,test,23,Candidate,I refuse 9 hours. I am expecting a workday of 8 hours,Reject,Working Hours,9 hours
74,test,23,Candidate,I refuse 9 hours. I am expecting a workday of 8 hours,Offer,Working Hours,8 hours
74,test,24,Employer,You will be working only 8 and have an hour lunch,Offer,Working Hours,9 hours
74,test,25,Candidate,I reject a workday of 9 hours. I am expecting a workday of 8 hours,Reject,Working Hours,9 hours
74,test,25,Candidate,I reject a workday of 9 hours. I am expecting a workday of 8 hours,Offer,Working Hours,8 hours
74,test,26,Employer,"Sorry, that is the current going for this job",Reject,,True
74,test,27,Candidate,What are you willing to offer?,Query,,
74,test,28,Employer,9 hour day. That is the minimum I am willing to offer,Offer,Working Hours,9 hours
74,test,29,Candidate,I refuse 9 hours. I would like a workday of 8 hours,Reject,Working Hours,9 hours
74,test,29,Candidate,I refuse 9 hours. I would like a workday of 8 hours,Offer,Working Hours,8 hours
74,test,30,Employer,I refuse 8 hours,Reject,Working Hours,8 hours
74,test,31,Candidate,I would like a position of project manager,Offer,Job Description,Project Manager
74,test,32,Employer,"You are being offered that position with a 9 hour workday and 90,000",Accept,,
74,test,32,Employer,"You are being offered that position with a 9 hour workday and 90,000",Offer,Salary,"90,000 USD"
74,test,32,Employer,"You are being offered that position with a 9 hour workday and 90,000",Offer,Working Hours,9 hours
74,test,33,Candidate,"I reject the previous offer. I want a position of programmer, I want a workday of 8 hours and I am willing to have a salary of 120,000",Reject,,True
74,test,33,Candidate,"I reject the previous offer. I want a position of programmer, I want a workday of 8 hours and I am willing to have a salary of 120,000",Offer,Job Description,Programmer
74,test,33,Candidate,"I reject the previous offer. I want a position of programmer, I want a workday of 8 hours and I am willing to have a salary of 120,000",Offer,Working Hours,8 hours
74,test,33,Candidate,"I reject the previous offer. I want a position of programmer, I want a workday of 8 hours and I am willing to have a salary of 120,000",Offer,Salary,"120,000 USD"
74,test,34,Employer,"The position of programmer comes with 60,000",Offer,Job Description,Programmer
74,test,34,Employer,"The position of programmer comes with 60,000",Offer,Salary,"60,000 USD"
74,test,35,Candidate,"I refuse. I want a salary of 120,000 and I am willing to have a position of project manager",Reject,,True
74,test,35,Candidate,"I refuse. I want a salary of 120,000 and I am willing to have a position of project manager",Offer,Salary,"120,000 USD"
74,test,35,Candidate,"I refuse. I want a salary of 120,000 and I am willing to have a position of project manager",Offer,Job Description,Project Manager
74,test,36,Employer,but a programmer gets an 8 hour day,Offer,Job Description,Programmer
74,test,36,Employer,but a programmer gets an 8 hour day,Offer,Working Hours,8 hours
74,test,37,Candidate,I refuse. I am expecting a workday of 9 hours and I would like a position of project manager,Reject,,True
74,test,37,Candidate,I refuse. I am expecting a workday of 9 hours and I would like a position of project manager,Offer,Working Hours,9 hours
74,test,37,Candidate,I refuse. I am expecting a workday of 9 hours and I would like a position of project manager,Offer,Job Description,Project Manager
74,test,38,Employer,"the position is for 9 hours, project manager at 90,000. Final.",Offer,Job Description,Project Manager
74,test,38,Employer,"the position is for 9 hours, project manager at 90,000. Final.",Offer,Salary,"90,000 USD"
74,test,38,Employer,"the position is for 9 hours, project manager at 90,000. Final.",Offer,Working Hours,9 hours
74,test,39,Candidate,"I refuse. I am expecting a workday of 8 hours, I am willing to have a position of programmer and I want a salary of 120,000",Reject,,True
74,test,39,Candidate,"I refuse. I am expecting a workday of 8 hours, I am willing to have a position of programmer and I want a salary of 120,000",Offer,Working Hours,8 hours
74,test,39,Candidate,"I refuse. I am expecting a workday of 8 hours, I am willing to have a position of programmer and I want a salary of 120,000",Offer,Job Description,Programmer
74,test,39,Candidate,"I refuse. I am expecting a workday of 8 hours, I am willing to have a position of programmer and I want a salary of 120,000",Offer,Salary,"120,000 USD"
75,test,0,Candidate,Hello. I would like to discuss the issues of my contract.,Greet,,True
75,test,1,Candidate,I want a position of project manager,Offer,Job Description,Project Manager
75,test,2,Employer,Hello - I'm glad you stopped in to negotiate,Greet,,True
75,test,3,Employer,"I think you would make a great project manager; however, I think we should discuss as I would like to get you prepared to fill that role",Accept,Job Description,Project Manager
75,test,4,Candidate,It's good to reach an agreement on project manager,Other,,
75,test,5,Candidate,"I am willing to have a salary of 120,000",Offer,Salary,"120,000 USD"
75,test,6,Candidate,"I want a salary of 120,000",Offer,Salary,"120,000 USD"
75,test,7,Employer,Would you consider team manager.  I think that would be a great fit with your current skills.  And it would give you the chance to work into a project manager,Offer,Job Description,Team Manager
75,test,8,Candidate,"I agree with a position of team manager. Now let's talk about how we can agree on other issues. I am expecting a salary of 120,000",Accept,Job Description,Team Manager
75,test,8,Candidate,"I agree with a position of team manager. Now let's talk about how we can agree on other issues. I am expecting a salary of 120,000",Offer,Salary,"120,000 USD"
75,test,9,Employer,"You do a great job.  I think an appropriate salary for this position would be 90,000",Offer,Salary,"90,000 USD"
75,test,10,Candidate,"I accept 90,000. Now let's talk about how we can agree on other issues. I want a company car",Accept,Salary,"90,000 USD"
75,test,10,Candidate,"I accept 90,000. Now let's talk about how we can agree on other issues. I want a company car",Offer,Leased Car,With leased car
75,test,11,Candidate,I am expecting a company car,Offer,Leased Car,With leased car
75,test,12,Candidate,I am willing to have a company car,Offer,Leased Car,With leased car
75,test,13,Employer,"I would love to give you a leased car.  If I do that, I wouldn't be able to give you as high of a pension.  Are you willing to not have a leased car and I could give you 20% pension.",Offer,Leased Car,Without leased car
75,test,13,Employer,"I would love to give you a leased car.  If I do that, I wouldn't be able to give you as high of a pension.  Are you willing to not have a leased car and I could give you 20% pension.",Offer,Pension Fund,20%
75,test,14,Candidate,I disagree,Reject,,True
75,test,15,Employer,"Otherwise with expenses, I could only give you 10 % pension",Offer,Pension Fund,10%
75,test,16,Candidate,I refuse 10%. I am willing to have a pension of 20%,Reject,Pension Fund,10%
75,test,16,Candidate,I refuse 10%. I am willing to have a pension of 20%,Offer,Pension Fund,20%
75,test,17,Candidate,"Sorry, I changed my preferences",Other,,
75,test,18,Candidate,I want a company car,Offer,Leased Car,With leased car
75,test,19,Employer,"How about we do this - I know you really want to be project lead.  How about we put you on a fast promotional track. A 20% pension, and no leased car.  And we could revisit the car once you are promoted",Offer,Leased Car,Without leased car
75,test,19,Employer,"How about we do this - I know you really want to be project lead.  How about we put you on a fast promotional track. A 20% pension, and no leased car.  And we could revisit the car once you are promoted",Offer,Pension Fund,20%
75,test,19,Employer,"How about we do this - I know you really want to be project lead.  How about we put you on a fast promotional track. A 20% pension, and no leased car.  And we could revisit the car once you are promoted",Offer,Promotion Possibilities,Fast promotion track
75,test,20,Candidate,I disagree with the offer,Reject,,True
75,test,21,Employer,"In addition, typically this position is 10 hours.  I'd be willing to offer 9 hours.  That would help offset the cost not having a car.",Offer,Working Hours,9 hours
75,test,22,Candidate,I reject a workday of 9 hours. I want a workday of 8 hours,Reject,Working Hours,9 hours
75,test,22,Candidate,I reject a workday of 9 hours. I want a workday of 8 hours,Offer,Working Hours,8 hours
75,test,23,Candidate,"Sorry, I changed my preferences",Other,,
75,test,24,Candidate,I would like a company car,Offer,Leased Car,With leased car
75,test,25,Employer,I really can't go to 8 hours as everyone in this position is at 10 hours,Offer,Working Hours,9 hours
75,test,26,Candidate,I disagree about a workday of 9 hours. I am willing to have a workday of 8 hours,Reject,Working Hours,9 hours
75,test,26,Candidate,I disagree about a workday of 9 hours. I am willing to have a workday of 8 hours,Offer,Working Hours,8 hours
75,test,27,Employer,"Ok - I'm willing to compromise on the car.  I'll include a car, pension of 10%, fast promotion track, and 10 hour day",Offer,Leased Car,With leased car
75,test,27,Employer,"Ok - I'm willing to compromise on the car.  I'll include a car, pension of 10%, fast promotion track, and 10 hour day",Offer,Pension Fund,10%
75,test,27,Employer,"Ok - I'm willing to compromise on the car.  I'll include a car, pension of 10%, fast promotion track, and 10 hour day",Offer,Promotion Possibilities,Fast promotion track
75,test,27,Employer,"Ok - I'm willing to compromise on the car.  I'll include a car, pension of 10%, fast promotion track, and 10 hour day",Offer,Working Hours,10 hours
75,test,28,Candidate,I disagree,Reject,,True
75,test,29,Candidate,What do you have to offer?,Query,,
75,test,30,Employer,I can do a 9 hour workday and a company car,Offer,Leased Car,With leased car
75,test,30,Employer,I can do a 9 hour workday and a company car,Offer,Working Hours,9 hours
75,test,31,Candidate,I agree. Let's proceed to another issue. I am willing to have a fast promotion track,Accept,,True
75,test,31,Candidate,I agree. Let's proceed to another issue. I am willing to have a fast promotion track,Offer,Promotion Possibilities,Fast promotion track
75,test,32,Candidate,I am willing to have a fast promotion track,Offer,Promotion Possibilities,Fast promotion track
75,test,33,Employer,If i agree with a fast promotional track would you be willing to accept a 10% pension,Offer,Pension Fund,10%
75,test,33,Employer,If i agree with a fast promotional track would you be willing to accept a 10% pension,Offer,Promotion Possibilities,Fast promotion track
75,test,34,Candidate,I want a pension of 20%,Offer,Pension Fund,20%
75,test,35,Candidate,I want a pension of 20%,Offer,Pension Fund,20%
75,test,36,Employer,Ok - i really value you and I think you will be a great asset. I'm willing to do 20%,Offer,Pension Fund,20%
76,test,0,Candidate,Hello. I would like to discuss the issues of my contract.,Greet,,True
76,test,1,Candidate,I am expecting a position of project manager,Offer,Job Description,Project Manager
76,test,2,Employer,"I cannot offer you that position, but we do have the position of programmer open at this time",Offer,Job Description,Programmer
76,test,2,Employer,"I cannot offer you that position, but we do have the position of programmer open at this time",Reject,,
76,test,3,Candidate,"I agree with a position of programmer. Now let's talk about how we can agree on other issues. I want a salary of 120,000",Accept,Job Description,Programmer
76,test,3,Candidate,"I agree with a position of programmer. Now let's talk about how we can agree on other issues. I want a salary of 120,000",Offer,Salary,"120,000 USD"
76,test,4,Candidate,"I am willing to have a salary of 120,000",Offer,Salary,"120,000 USD"
76,test,5,Employer,"Our starting salaries for programmers is 60,000",Offer,Job Description,Programmer
76,test,5,Employer,"Our starting salaries for programmers is 60,000",Offer,Salary,"60,000 USD"
76,test,6,Candidate,"I disagree. I am willing to have a salary of 120,000 and I want a position of project manager",Reject,,True
76,test,6,Candidate,"I disagree. I am willing to have a salary of 120,000 and I want a position of project manager",Offer,Salary,"120,000 USD"
76,test,6,Candidate,"I disagree. I am willing to have a salary of 120,000 and I want a position of project manager",Offer,Job Description,Project Manager
76,test,7,Candidate,"I am willing to have a salary of 120,000",Offer,Salary,"120,000 USD"
76,test,8,Employer,"As I mentioned, we are not seeking project managers at this time. I can offer you 90,000 as a programmer on a fast promotion track",Offer,Job Description,Programmer
76,test,8,Employer,"As I mentioned, we are not seeking project managers at this time. I can offer you 90,000 as a programmer on a fast promotion track",Offer,Promotion Possibilities,Fast promotion track
76,test,8,Employer,"As I mentioned, we are not seeking project managers at this time. I can offer you 90,000 as a programmer on a fast promotion track",Offer,Salary,"90,000 USD"
76,test,8,Employer,"As I mentioned, we are not seeking project managers at this time. I can offer you 90,000 as a programmer on a fast promotion track",Reject,Job Description,Project Manager
76,test,9,Candidate,I agree with the offer. Now let's talk about how we can agree on other issues. I am expecting a company car,Accept,,True
76,test,9,Candidate,I agree with the offer. Now let's talk about how we can agree on other issues. I am expecting a company car,Offer,Leased Car,With leased car
76,test,10,Employer,I can only offer a leased car if you agree to 10 working hours,Offer,Leased Car,With leased car
76,test,10,Employer,I can only offer a leased car if you agree to 10 working hours,Offer,Working Hours,10 hours
76,test,11,Candidate,I refuse,Reject,,True
76,test,12,Candidate,I want a company car,Offer,Leased Car,With leased car
76,test,13,Candidate,I want a company car,Offer,Leased Car,With leased car
76,test,14,Employer,"In order to agree to company car, I will need a compromise regarding working hours. Will you agree to 10 hours, with 10% pension fund?",Offer,Leased Car,With leased car
76,test,14,Employer,"In order to agree to company car, I will need a compromise regarding working hours. Will you agree to 10 hours, with 10% pension fund?",Offer,Pension Fund,10%
76,test,14,Employer,"In order to agree to company car, I will need a compromise regarding working hours. Will you agree to 10 hours, with 10% pension fund?",Offer,Working Hours,10 hours
76,test,15,Candidate,"I refuse. I am expecting a workday of 8 hours, I am willing to have no agreement on leased car and I am expecting a pension of 20%",Reject,,True
76,test,15,Candidate,"I refuse. I am expecting a workday of 8 hours, I am willing to have no agreement on leased car and I am expecting a pension of 20%",Offer,Working Hours,8 hours
76,test,15,Candidate,"I refuse. I am expecting a workday of 8 hours, I am willing to have no agreement on leased car and I am expecting a pension of 20%",Offer,Leased Car,No agreement
76,test,15,Candidate,"I refuse. I am expecting a workday of 8 hours, I am willing to have no agreement on leased car and I am expecting a pension of 20%",Offer,Pension Fund,20%
76,test,16,Candidate,"Sorry, I changed my preferences",Other,,
76,test,17,Candidate,I want no agreement on leased car,Offer,Leased Car,No agreement
76,test,18,Candidate,I want no agreement on leased car,Offer,Leased Car,No agreement
76,test,19,Employer,I can only offer 20% pension with a 9 hour work day and no leased car,Offer,Leased Car,Without leased car
76,test,19,Employer,I can only offer 20% pension with a 9 hour work day and no leased car,Offer,Pension Fund,20%
76,test,19,Employer,I can only offer 20% pension with a 9 hour work day and no leased car,Offer,Working Hours,9 hours
76,test,20,Candidate,"I disagree with the offer. I am expecting a workday of 8 hours, I would like a company car and I would like a pension of 10%",Reject,,True
76,test,20,Candidate,"I disagree with the offer. I am expecting a workday of 8 hours, I would like a company car and I would like a pension of 10%",Offer,Working Hours,8 hours
76,test,20,Candidate,"I disagree with the offer. I am expecting a workday of 8 hours, I would like a company car and I would like a pension of 10%",Offer,Leased Car,With leased car
76,test,20,Candidate,"I disagree with the offer. I am expecting a workday of 8 hours, I would like a company car and I would like a pension of 10%",Offer,Pension Fund,10%
76,test,21,Candidate,"Sorry, I changed my preferences",Other,,
76,test,22,Candidate,I would like a company car,Offer,Leased Car,With leased car
76,test,23,Candidate,I am expecting a company car,Offer,Leased Car,With leased car
76,test,24,Employer,I will lease you a car if you agree to increased hours of 10 working hours,Offer,Leased Car,With leased car
76,test,24,Employer,I will lease you a car if you agree to increased hours of 10 working hours,Offer,Working Hours,10 hours
76,test,25,Candidate,I refuse. I am expecting a workday of 8 hours and I am expecting no agreement on leased car,Reject,,True
76,test,25,Candidate,I refuse. I am expecting a workday of 8 hours and I am expecting no agreement on leased car,Offer,Working Hours,8 hours
76,test,25,Candidate,I refuse. I am expecting a workday of 8 hours and I am expecting no agreement on leased car,Offer,Leased Car,No agreement
76,test,26,Candidate,I want no agreement on leased car,Offer,Leased Car,No agreement
76,test,27,Employer,"I will offer a company car, 9 hour work day, with a 10% pension",Offer,Leased Car,With leased car
76,test,27,Employer,"I will offer a company car, 9 hour work day, with a 10% pension",Offer,Pension Fund,10%
76,test,27,Employer,"I will offer a company car, 9 hour work day, with a 10% pension",Offer,Working Hours,9 hours
76,test,28,Candidate,"I disagree. I am expecting a workday of 8 hours, I am expecting no agreement on leased car and I am expecting a pension of 20%",Reject,,True
76,test,28,Candidate,"I disagree. I am expecting a workday of 8 hours, I am expecting no agreement on leased car and I am expecting a pension of 20%",Offer,Working Hours,8 hours
76,test,28,Candidate,"I disagree. I am expecting a workday of 8 hours, I am expecting no agreement on leased car and I am expecting a pension of 20%",Offer,Leased Car,No agreement
76,test,28,Candidate,"I disagree. I am expecting a workday of 8 hours, I am expecting no agreement on leased car and I am expecting a pension of 20%",Offer,Pension Fund,20%
76,test,29,Employer,"I can offer a company car, 20% pension with a 10 hour work day",Offer,Leased Car,With leased car
76,test,29,Employer,"I can offer a company car, 20% pension with a 10 hour work day",Offer,Pension Fund,20%
76,test,29,Employer,"I can offer a company car, 20% pension with a 10 hour work day",Offer,Working Hours,10 hours
76,test,30,Candidate,"I disagree. I am willing to have a workday of 8 hours, I am willing to have no agreement on leased car and I want a pension of 10%",Reject,,True
76,test,30,Candidate,"I disagree. I am willing to have a workday of 8 hours, I am willing to have no agreement on leased car and I want a pension of 10%",Offer,Working Hours,8 hours
76,test,30,Candidate,"I disagree. I am willing to have a workday of 8 hours, I am willing to have no agreement on leased car and I want a pension of 10%",Offer,Leased Car,No agreement
76,test,30,Candidate,"I disagree. I am willing to have a workday of 8 hours, I am willing to have no agreement on leased car and I want a pension of 10%",Offer,Pension Fund,10%
76,test,31,Candidate,"Sorry, I changed my preferences",Other,,
76,test,32,Candidate,I am expecting a company car,Offer,Leased Car,With leased car
76,test,33,Employer,"I will agree to a company car, 20% pension and 9 hour work day",Offer,Leased Car,With leased car
76,test,33,Employer,"I will agree to a company car, 20% pension and 9 hour work day",Offer,Pension Fund,20%
76,test,33,Employer,"I will agree to a company car, 20% pension and 9 hour work day",Offer,Working Hours,9 hours
76,test,34,Candidate,I agree with the offer,Accept,,True
76,test,35,Employer,Wonderful. Please sign the agreement,Other,,
77,test,0,Candidate,Hello. I would like to discuss the issues of my contract.,Greet,,True
77,test,1,Candidate,I am willing to have a position of project manager,Offer,Job Description,Project Manager
77,test,2,Employer,I will offer you that position,Accept,,
77,test,3,Candidate,I'm happy that you accept the job description,Other,,
77,test,4,Candidate,"I demand a salary of 120,000",Offer,Salary,"120,000 USD"
77,test,5,Candidate,"I would like a salary of 120,000",Offer,Salary,"120,000 USD"
77,test,6,Employer,I will offer you the programmer job for 60000,Offer,Job Description,Programmer
77,test,6,Employer,I will offer you the programmer job for 60000,Offer,Salary,"60,000 USD"
77,test,7,Candidate,"I reject the previous offer. I demand a salary of 120,000 and I want a position of project manager",Reject,,True
77,test,7,Candidate,"I reject the previous offer. I demand a salary of 120,000 and I want a position of project manager",Offer,Salary,"120,000 USD"
77,test,7,Candidate,"I reject the previous offer. I demand a salary of 120,000 and I want a position of project manager",Offer,Job Description,Project Manager
77,test,8,Candidate,"Sorry, I changed my preferences",Other,,
77,test,9,Candidate,"I would like a salary of 120,000",Offer,Salary,"120,000 USD"
77,test,10,Candidate,"I demand a salary of 120,000",Offer,Salary,"120,000 USD"
77,test,11,Candidate,"I would like a salary of 120,000",Offer,Salary,"120,000 USD"
77,test,12,Employer,I will offer you te position of QA with 90000 salary,Offer,Job Description,QA
77,test,12,Employer,I will offer you te position of QA with 90000 salary,Offer,Salary,"90,000 USD"
77,test,13,Candidate,"I disagree. I want a salary of 120,000 and I would like a position of project manager",Reject,,True
77,test,13,Candidate,"I disagree. I want a salary of 120,000 and I would like a position of project manager",Offer,Salary,"120,000 USD"
77,test,13,Candidate,"I disagree. I want a salary of 120,000 and I would like a position of project manager",Offer,Job Description,Project Manager
77,test,14,Employer,well I cannot offer you more than 90000,Offer,Salary,"90,000 USD"
77,test,15,Candidate,"I reject 90,000. I am willing to have a salary of 120,000",Reject,Salary,"90,000 USD"
77,test,15,Candidate,"I reject 90,000. I am willing to have a salary of 120,000",Offer,Salary,"120,000 USD"
77,test,16,Employer,sorry,Reject,,True
77,test,17,Employer,90000 take it or leave it,Offer,Salary,"90,000 USD"
77,test,18,Candidate,"I agree with a salary of 90,000. Now let's talk about how we can agree on other issues. I demand a company car",Accept,Salary,"90,000 USD"
77,test,18,Candidate,"I agree with a salary of 90,000. Now let's talk about how we can agree on other issues. I demand a company car",Offer,Leased Car,With leased car
77,test,19,Employer,change your language or we will not deal on anything else,Other,,
77,test,20,Candidate,I am expecting a company car,Offer,Leased Car,With leased car
77,test,21,Employer,there are no company cars,Reject,Leased Car,With leased car
77,test,22,Candidate,I demand a company car,Offer,Leased Car,With leased car
77,test,23,Employer,no car,Offer,Leased Car,Without leased car
77,test,24,Candidate,I accept no company car. Let's proceed to another issue. I am expecting a fast promotion track,Accept,Leased Car,Without leased car
77,test,24,Candidate,I accept no company car. Let's proceed to another issue. I am expecting a fast promotion track,Offer,Promotion Possibilities,Fast promotion track
77,test,25,Employer,ok,Accept,,True
77,test,26,Candidate,I'm happy that you accept,Other,,
77,test,27,Candidate,I demand a workday of 8 hours,Offer,Working Hours,8 hours
77,test,28,Employer,but you have to work 10 hours,Offer,Working Hours,10 hours
77,test,29,Candidate,I disagree about a workday of 10 hours. I demand a workday of 8 hours,Reject,Working Hours,10 hours
77,test,29,Candidate,I disagree about a workday of 10 hours. I demand a workday of 8 hours,Offer,Working Hours,8 hours
77,test,30,Employer,like I said take your demands elsewhere,Other,,
77,test,31,Employer,10 hours or no go,Offer,Working Hours,10 hours
77,test,32,Candidate,I reject 10 hours. I would like a workday of 8 hours,Reject,Working Hours,10 hours
77,test,32,Candidate,I reject 10 hours. I would like a workday of 8 hours,Offer,Working Hours,8 hours
77,test,33,Employer,work with me here ,Other,,
77,test,34,Employer,if you take 10 hours you get a 20% pension,Offer,Pension Fund,20%
77,test,34,Employer,if you take 10 hours you get a 20% pension,Offer,Working Hours,10 hours
77,test,35,Candidate,I reject the previous offer. I am willing to have a workday of 8 hours and I am willing to have a pension of 10%,Reject,,True
77,test,35,Candidate,I reject the previous offer. I am willing to have a workday of 8 hours and I am willing to have a pension of 10%,Offer,Working Hours,8 hours
77,test,35,Candidate,I reject the previous offer. I am willing to have a workday of 8 hours and I am willing to have a pension of 10%,Offer,Pension Fund,10%
77,test,36,Employer,well it seems we have stone walled here,Other,,
77,test,37,Candidate,I am willing to have a workday of 8 hours,Offer,Working Hours,8 hours
77,test,38,Employer,you keep saying the same thing,Other,,
77,test,39,Candidate,I am expecting a pension of 20%,Offer,Pension Fund,20%
77,test,40,Employer,say somethimg new or say nothing at all,Other,,
77,test,41,Employer,i am not interested in that,Other,,
77,test,42,Employer,Ok with 10 hours ,Offer,Working Hours,10 hours
77,test,43,Candidate,I refuse 10 hours. I am expecting a workday of 8 hours,Reject,Working Hours,10 hours
77,test,43,Candidate,I refuse 10 hours. I am expecting a workday of 8 hours,Offer,Working Hours,8 hours
77,test,44,Employer,10 workig hours,Offer,Working Hours,10 hours
77,test,45,Candidate,I disagree about a workday of 10 hours. I am willing to have a workday of 8 hours,Reject,Working Hours,10 hours
77,test,45,Candidate,I disagree about a workday of 10 hours. I am willing to have a workday of 8 hours,Offer,Working Hours,8 hours
77,test,46,Employer,I need you to do 10 hours,Offer,Working Hours,10 hours
77,test,47,Candidate,I refuse 10 hours. I want a workday of 8 hours,Reject,Working Hours,10 hours
77,test,47,Candidate,I refuse 10 hours. I want a workday of 8 hours,Offer,Working Hours,8 hours
77,test,48,Employer,if not we have no deal,Reject,,True
77,test,49,Employer,Ok no deal then,Quit,,True
77,test,50,Candidate,I am opting out. Please press the button Opt out.,Other,,
78,test,0,Candidate,Hello. I would like to discuss the issues of my contract.,Greet,,True
78,test,1,Candidate,I want a position of project manager,Offer,Job Description,Project Manager
78,test,2,Candidate,I am expecting a position of project manager,Offer,Job Description,Project Manager
78,test,3,Employer,Okay. What kind of salary were you looking for?,Accept,,True
78,test,3,Employer,Okay. What kind of salary were you looking for?,Query,Offer,Salary
78,test,4,Candidate,"I want a salary of 120,000",Offer,Salary,"120,000 USD"
78,test,5,Candidate,It's good to reach an agreement on this,Other,,
78,test,6,Candidate,"I am expecting a salary of 120,000",Offer,Salary,"120,000 USD"
78,test,7,Candidate,"I want a salary of 120,000",Offer,Salary,"120,000 USD"
78,test,8,Employer,"We could negotiate about a position of a Programmer, but our budget does not allow us to offer that much to our Project Managers.",Offer,Job Description,Programmer
78,test,9,Candidate,"I accept programmer position. Now let's talk about how we can agree on other issues. I am willing to have a salary of 120,000",Accept,Job Description,Programmer
78,test,9,Candidate,"I accept programmer position. Now let's talk about how we can agree on other issues. I am willing to have a salary of 120,000",Offer,Salary,"120,000 USD"
78,test,10,Candidate,"I am willing to have a salary of 120,000",Offer,Salary,"120,000 USD"
78,test,11,Employer,"Our base pay is 60,000 and raises with time and experience. How does that sound?",Offer,Salary,"60,000 USD"
78,test,12,Candidate,"I agree with a salary of 60,000. Now let's talk about how we can agree on other issues. I want a company car",Accept,Salary,"60,000 USD"
78,test,12,Candidate,"I agree with a salary of 60,000. Now let's talk about how we can agree on other issues. I want a company car",Offer,Leased Car,With leased car
78,test,13,Candidate,I am expecting a company car,Offer,Leased Car,With leased car
78,test,14,Candidate,I am willing to have a company car,Offer,Leased Car,With leased car
78,test,15,Employer,"A company car comes with your first raise, but you will begin with no leased car. I am sure you can understand?",Reject,Leased Car,With leased car
78,test,16,Candidate,I want a company car,Offer,Leased Car,With leased car
78,test,17,Candidate,I would like a company car,Offer,Leased Car,With leased car
78,test,18,Employer,We can offer you a company car if you accept 10 working hours?,Offer,Leased Car,With leased car
78,test,18,Employer,We can offer you a company car if you accept 10 working hours?,Offer,Working Hours,10 hours
78,test,19,Candidate,I disagree with the offer,Reject,,True
78,test,20,Employer,Then we agree upon no leased car?,Offer,Leased Car,Without leased car
78,test,21,Candidate,I disagree about no company car. I am expecting a company car,Reject,Leased Car,Without leased car
78,test,21,Candidate,I disagree about no company car. I am expecting a company car,Offer,Leased Car,With leased car
78,test,22,Employer,We can offer a company car if you accept 10 working hours.,Offer,Leased Car,With leased car
78,test,22,Employer,We can offer a company car if you accept 10 working hours.,Offer,Working Hours,10 hours
78,test,23,Candidate,I disagree with the offer,Reject,,True
78,test,24,Candidate,What are you willing to offer?,Query,,
78,test,25,Employer,Let's come back to that then. What working hours are you looking for?,Query,Offer,Working Hours
78,test,26,Candidate,I am expecting a workday of 8 hours,Offer,Working Hours,8 hours
78,test,27,Candidate,I am willing to have a workday of 8 hours,Offer,Working Hours,8 hours
78,test,28,Candidate,I would like a workday of 8 hours,Offer,Working Hours,8 hours
78,test,29,Employer,"If you are looking for 8 hours, that comes with no leased car, a 10% pension fund, and slow track promotion possibilities.",Offer,Leased Car,Without leased car
78,test,29,Employer,"If you are looking for 8 hours, that comes with no leased car, a 10% pension fund, and slow track promotion possibilities.",Offer,Pension Fund,10%
78,test,29,Employer,"If you are looking for 8 hours, that comes with no leased car, a 10% pension fund, and slow track promotion possibilities.",Offer,Promotion Possibilities,Slow promotion track
78,test,29,Employer,"If you are looking for 8 hours, that comes with no leased car, a 10% pension fund, and slow track promotion possibilities.",Offer,Working Hours,8 hours
78,test,30,Candidate,I reject the previous offer,Reject,,True
78,test,31,Candidate,What do you have to suggest?,Query,,
78,test,32,Employer,"If you are looking for 9 hours, we could include a company car but you would remain at 10% on the pension fund and slow promotion track",Offer,Leased Car,With leased car
78,test,32,Employer,"If you are looking for 9 hours, we could include a company car but you would remain at 10% on the pension fund and slow promotion track",Offer,Pension Fund,10%
78,test,32,Employer,"If you are looking for 9 hours, we could include a company car but you would remain at 10% on the pension fund and slow promotion track",Offer,Promotion Possibilities,Slow promotion track
78,test,32,Employer,"If you are looking for 9 hours, we could include a company car but you would remain at 10% on the pension fund and slow promotion track",Offer,Working Hours,9 hours
78,test,33,Candidate,"I refuse. I would like a workday of 8 hours, I am expecting a pension of 20%, I would like no agreement on leased car and I am willing to have a fast promotion track",Reject,,True
78,test,33,Candidate,"I refuse. I would like a workday of 8 hours, I am expecting a pension of 20%, I would like no agreement on leased car and I am willing to have a fast promotion track",Offer,Working Hours,8 hours
78,test,33,Candidate,"I refuse. I would like a workday of 8 hours, I am expecting a pension of 20%, I would like no agreement on leased car and I am willing to have a fast promotion track",Offer,Pension Fund,20%
78,test,33,Candidate,"I refuse. I would like a workday of 8 hours, I am expecting a pension of 20%, I would like no agreement on leased car and I am willing to have a fast promotion track",Offer,Leased Car,No agreement
78,test,33,Candidate,"I refuse. I would like a workday of 8 hours, I am expecting a pension of 20%, I would like no agreement on leased car and I am willing to have a fast promotion track",Offer,Promotion Possibilities,Fast promotion track
78,test,34,Candidate,"Sorry, I changed my preferences",Other,,
78,test,35,Candidate,I want no agreement on leased car,Offer,Leased Car,No agreement
78,test,36,Employer,"good, we agree on no agreement on a leased car?",Accept,Leased Car,No agreement
78,test,37,Candidate,It's great that we agreed on no agreement,Other,,
78,test,38,Candidate,I want a fast promotion track,Offer,Promotion Possibilities,Fast promotion track
78,test,39,Employer,9 hours for fast track promotion.,Offer,Promotion Possibilities,Fast promotion track
78,test,39,Employer,9 hours for fast track promotion.,Offer,Working Hours,9 hours
78,test,40,Candidate,I agree with the offer. Let's discuss another issue. I want a pension of 20%,Accept,,True
78,test,40,Candidate,I agree with the offer. Let's discuss another issue. I want a pension of 20%,Offer,Pension Fund,20%
78,test,41,Employer,Great! Did we agree on 10 hours and fast track?,Offer,Promotion Possibilities,Fast promotion track
78,test,41,Employer,Great! Did we agree on 10 hours and fast track?,Offer,Working Hours,10 hours
78,test,42,Candidate,I agree with the offer. Let's discuss another issue. I want a pension of 20%,Accept,,True
78,test,42,Candidate,I agree with the offer. Let's discuss another issue. I want a pension of 20%,Offer,Pension Fund,20%
78,test,43,Candidate,I am willing to have a pension of 20%,Offer,Pension Fund,20%
78,test,44,Employer,20% pension if you agree to no leased car.,Offer,Leased Car,Without leased car
78,test,44,Employer,20% pension if you agree to no leased car.,Offer,Pension Fund,20%
78,test,45,Candidate,I agree with the offer,Accept,,True
78,test,46,Employer,Wonderful!,Other,,
79,test,0,Candidate,Hello. I would like to discuss the issues of my contract.,Greet,,True
79,test,1,Candidate,"I would like a salary of 120,000",Offer,Salary,"120,000 USD"
79,test,2,Employer,I will give you 90000,Offer,Salary,"90,000 USD"
79,test,3,Candidate,"I accept 90,000. I would like to continue and discuss another issue. I would like a position of project manager",Accept,Salary,"90,000 USD"
79,test,3,Candidate,"I accept 90,000. I would like to continue and discuss another issue. I would like a position of project manager",Offer,Job Description,Project Manager
79,test,4,Employer,That is fine.  You can be project manager,Accept,Job Description,Project Manager
79,test,5,Candidate,I'm happy that you accept the project manager,Other,,
79,test,6,Candidate,I am expecting a company car,Offer,Leased Car,With leased car
79,test,7,Employer,I want you to work 9 hours,Offer,Working Hours,9 hours
79,test,8,Candidate,I disagree about a workday of 9 hours. I am expecting a workday of 8 hours,Reject,Working Hours,9 hours
79,test,8,Candidate,I disagree about a workday of 9 hours. I am expecting a workday of 8 hours,Offer,Working Hours,8 hours
79,test,9,Employer,You can have the car if you work 9 hours,Offer,Leased Car,With leased car
79,test,9,Employer,You can have the car if you work 9 hours,Offer,Working Hours,9 hours
79,test,10,Candidate,I refuse. I would like a workday of 8 hours and I demand no agreement on leased car,Reject,,True
79,test,10,Candidate,I refuse. I would like a workday of 8 hours and I demand no agreement on leased car,Offer,Working Hours,8 hours
79,test,10,Candidate,I refuse. I would like a workday of 8 hours and I demand no agreement on leased car,Offer,Leased Car,No agreement
79,test,11,Employer,I will give you a 10% pension fund,Offer,Pension Fund,10%
79,test,12,Candidate,I disagree about a pension of 10%. I am willing to have a pension of 20%,Reject,Pension Fund,10%
79,test,12,Candidate,I disagree about a pension of 10%. I am willing to have a pension of 20%,Offer,Pension Fund,20%
79,test,13,Employer,Do you want a fast promotion track,Offer,Promotion Possibilities,Fast promotion track
79,test,14,Candidate,I agree with a fast promotion track. Now let's talk about how we can agree on other issues. I would like a company car,Accept,Promotion Possibilities,Fast promotion track
79,test,14,Candidate,I agree with a fast promotion track. Now let's talk about how we can agree on other issues. I would like a company car,Offer,Leased Car,With leased car
79,test,15,Employer,I will give you car if you work 9 hours,Offer,Leased Car,With leased car
79,test,15,Employer,I will give you car if you work 9 hours,Offer,Working Hours,9 hours
79,test,16,Candidate,I agree with the offer. Let's discuss another issue. I want a pension of 20%,Accept,,True
79,test,16,Candidate,I agree with the offer. Let's discuss another issue. I want a pension of 20%,Offer,Pension Fund,20%
79,test,17,Employer,No aggreement on car,Offer,Leased Car,No agreement
79,test,18,Candidate,I reject no agreement on leased car,Reject,Leased Car,No agreement
8,train,0,Candidate,Hello. I would like to discuss the issues of my contract.,Greet,,True
8,train,1,Candidate,I would like a position of project manager,Offer,Job Description,Project Manager
8,train,2,Employer,Here is the position we are looking for with all the information that comes with the position,Other,,
8,train,3,Employer,we are looking for a programmer to start,Offer,Job Description,Programmer
8,train,4,Candidate,"I accept a position of programmer. Now let's talk about how we can agree on other issues. I want a salary of 120,000",Accept,Job Description,Programmer
8,train,4,Candidate,"I accept a position of programmer. Now let's talk about how we can agree on other issues. I want a salary of 120,000",Offer,Salary,"120,000 USD"
8,train,5,Employer,"you can eventually get to 120,000, but until we know your strengths, we need to start at 60,000",Offer,Salary,"60,000 USD"
8,train,6,Candidate,"I refuse 60,000. I am willing to have a salary of 120,000",Reject,Salary,"60,000 USD"
8,train,6,Candidate,"I refuse 60,000. I am willing to have a salary of 120,000",Offer,Salary,"120,000 USD"
8,train,7,Employer,"We are firm on the 60,000 until we can find out your strengths, then  you will quickly go up",Offer,Salary,"60,000 USD"
8,train,8,Candidate,"I disagree about a salary of 60,000. I am willing to have a salary of 120,000",Reject,Salary,"60,000 USD"
8,train,8,Candidate,"I disagree about a salary of 60,000. I am willing to have a salary of 120,000",Offer,Salary,"120,000 USD"
8,train,9,Employer,There is no option here on the salary until you have worked here just a little while,Reject,,
8,train,10,Candidate,"I want a salary of 90,000",Offer,Salary,"90,000 USD"
8,train,11,Candidate,"I would like a salary of 90,000",Offer,Salary,"90,000 USD"
8,train,12,Employer,"As I said, we are firm on 60000 until we know how you will perform in this job",Offer,Salary,"60,000 USD"
8,train,13,Candidate,"I refuse 60,000. I am willing to have a salary of 120,000",Reject,Salary,"60,000 USD"
8,train,13,Candidate,"I refuse 60,000. I am willing to have a salary of 120,000",Offer,Salary,"120,000 USD"
8,train,14,Employer,"we cannot do anything more than 60,000 to start with",Offer,Salary,"60,000 USD"
8,train,15,Candidate,"I reject a salary of 60,000. I want a salary of 120,000",Reject,Salary,"60,000 USD"
8,train,15,Candidate,"I reject a salary of 60,000. I want a salary of 120,000",Offer,Salary,"120,000 USD"
8,train,16,Employer,"ok, we don't aggree on salary, lets move on to car....there is no leased car in this position",Reject,,
8,train,16,Employer,"ok, we don't aggree on salary, lets move on to car....there is no leased car in this position",Offer,Leased Car,Without leased car
8,train,17,Candidate,"I agree with no company car. Now let's talk about how we can agree on other issues. I am expecting a salary of 120,000",Accept,Leased Car,Without leased car
8,train,17,Candidate,"I agree with no company car. Now let's talk about how we can agree on other issues. I am expecting a salary of 120,000",Offer,Salary,"120,000 USD"
8,train,18,Employer,we have a pension fund of 10%,Offer,Pension Fund,10%
8,train,19,Candidate,I refuse 10%. I would like a pension of 20%,Reject,Pension Fund,10%
8,train,19,Candidate,I refuse 10%. I would like a pension of 20%,Offer,Pension Fund,20%
8,train,20,Employer,can't do 20%,Reject,Pension Fund,20%
8,train,21,Candidate,"I am expecting a salary of 120,000",Offer,Salary,"120,000 USD"
8,train,22,Employer,let's discuss the other items before we continue with the salary discussion,Other,,
8,train,23,Candidate,I am expecting a fast promotion track,Offer,Promotion Possibilities,Fast promotion track
8,train,24,Employer,"ok, i accept the fast promotion task",Accept,Promotion Possibilities,Fast promotion track
8,train,25,Candidate,It's good to reach an agreement on fast promotion track,Other,,
8,train,26,Candidate,"I want a salary of 120,000",Offer,Salary,"120,000 USD"
8,train,27,Employer,work days are 10 hours,Offer,Working Hours,10 hours
8,train,28,Candidate,I reject 10 hours. I am expecting a workday of 8 hours,Reject,Working Hours,10 hours
8,train,28,Candidate,I reject 10 hours. I am expecting a workday of 8 hours,Offer,Working Hours,8 hours
8,train,29,Employer,"we havea lot of work, 10 hours to start",Offer,Working Hours,10 hours
8,train,30,Candidate,I reject a workday of 10 hours. I want a workday of 8 hours,Reject,Working Hours,10 hours
8,train,30,Candidate,I reject a workday of 10 hours. I want a workday of 8 hours,Offer,Working Hours,8 hours
8,train,31,Employer,"how about we start with 10 hrs and then in a month or so, revisit",Offer,Working Hours,10 hours
8,train,32,Candidate,I refuse 10 hours. I want a workday of 8 hours,Reject,Working Hours,10 hours
8,train,32,Candidate,I refuse 10 hours. I want a workday of 8 hours,Offer,Working Hours,8 hours
8,train,33,Employer,"ok, let's compromise on 9 hours",Offer,Working Hours,9 hours
8,train,34,Candidate,I reject 9 hours. I am willing to have a workday of 8 hours,Reject,Working Hours,9 hours
8,train,34,Candidate,I reject 9 hours. I am willing to have a workday of 8 hours,Offer,Working Hours,8 hours
8,train,35,Employer,we must have more than 8 hours to start,Reject,Working Hours,8 hours
8,train,36,Candidate,"I am expecting a salary of 120,000",Offer,Salary,"120,000 USD"
8,train,37,Employer,"i can agree to 90,000 for now",Offer,Salary,"90,000 USD"
8,train,38,Candidate,"I accept a salary of 90,000. I would like to move on. I want a workday of 8 hours",Accept,Salary,"90,000 USD"
8,train,38,Candidate,"I accept a salary of 90,000. I would like to move on. I want a workday of 8 hours",Offer,Working Hours,8 hours
8,train,39,Employer,9 hours,Offer,Working Hours,9 hours
8,train,40,Candidate,I reject 9 hours,Reject,Working Hours,9 hours
8,train,41,Employer,"I compromised on the salary, I increased the salary so i need more hours, 9 hours",Offer,Working Hours,9 hours
8,train,42,Candidate,I disagree about a workday of 9 hours,Reject,Working Hours,9 hours
8,train,43,Employer,"it's either 60000 with 8 hours or 90,000 with 10 hours",Offer,Salary,"90,000 USD"
8,train,43,Employer,"it's either 60000 with 8 hours or 90,000 with 10 hours",Offer,Working Hours,10 hours
8,train,44,Candidate,"I disagree with the offer. I am willing to have a workday of 8 hours and I am willing to have a salary of 120,000",Reject,,True
8,train,44,Candidate,"I disagree with the offer. I am willing to have a workday of 8 hours and I am willing to have a salary of 120,000",Offer,Working Hours,8 hours
8,train,44,Candidate,"I disagree with the offer. I am willing to have a workday of 8 hours and I am willing to have a salary of 120,000",Offer,Salary,"120,000 USD"
8,train,45,Employer,can't do that.   you already agreed to 90000,Offer,Salary,"90,000 USD"
8,train,46,Candidate,"I reject 90,000. I want a salary of 120,000",Reject,Salary,"90,000 USD"
8,train,46,Candidate,"I reject 90,000. I want a salary of 120,000",Offer,Salary,"120,000 USD"
8,train,47,Candidate,"Sorry, I changed my preferences",Other,,
8,train,48,Candidate,I want a workday of 8 hours,Offer,Working Hours,8 hours
8,train,49,Employer,"if I give you 120,000 you will have to accept the 10 hours ",Offer,Salary,"120,000 USD"
8,train,49,Employer,"if I give you 120,000 you will have to accept the 10 hours ",Offer,Working Hours,10 hours
8,train,50,Candidate,"I refuse. I want a workday of 8 hours and I want a salary of 90,000",Reject,,True
8,train,50,Candidate,"I refuse. I want a workday of 8 hours and I want a salary of 90,000",Offer,Working Hours,8 hours
8,train,50,Candidate,"I refuse. I want a workday of 8 hours and I want a salary of 90,000",Offer,Salary,"90,000 USD"
8,train,51,Employer,90000 and 9 hours,Offer,Salary,"90,000 USD"
8,train,51,Employer,90000 and 9 hours,Offer,Working Hours,9 hours
8,train,52,Candidate,"I disagree with the offer. I am expecting a workday of 8 hours and I would like a salary of 120,000",Reject,,True
8,train,52,Candidate,"I disagree with the offer. I am expecting a workday of 8 hours and I would like a salary of 120,000",Offer,Working Hours,8 hours
8,train,52,Candidate,"I disagree with the offer. I am expecting a workday of 8 hours and I would like a salary of 120,000",Offer,Salary,"120,000 USD"
8,train,53,Employer,you keep changing your mind on the salary,Reject,,True
8,train,54,Candidate,I would like a workday of 9 hours,Offer,Working Hours,9 hours
8,train,55,Employer,"ok, workday is 9 hours",Accept,Working Hours,9 hours
8,train,56,Candidate,It's great that we agreed on 9 hours,Other,,
8,train,57,Candidate,I am willing to have a pension of 20%,Offer,Pension Fund,20%
8,train,58,Employer,10%,Offer,Pension Fund,10%
8,train,59,Candidate,I agree,Accept,,True
8,train,60,Employer,then i think we agree on everything now,Query,,
80,test,0,Candidate,Hello. I would like to discuss the issues of my contract.,Greet,,True
80,test,1,Candidate,I am expecting a position of project manager,Offer,Job Description,Project Manager
80,test,2,Employer,Hello. We are currently hiring for a Programmar.,Greet,,True
80,test,2,Employer,Hello. We are currently hiring for a Programmar.,Offer,Job Description,Programmer
80,test,3,Candidate,"I accept a position of programmer. Now let's talk about how we can agree on other issues. I want a salary of 120,000",Accept,Job Description,Programmer
80,test,3,Candidate,"I accept a position of programmer. Now let's talk about how we can agree on other issues. I want a salary of 120,000",Offer,Salary,"120,000 USD"
80,test,4,Employer,"I can offer you a salary of 60,000USD. With Fast promotion track so you can earn a salary raise sooner.",Offer,Salary,"60,000 USD"
80,test,4,Employer,"I can offer you a salary of 60,000USD. With Fast promotion track so you can earn a salary raise sooner.",Offer,Promotion Possibilities,Fast promotion track
80,test,5,Candidate,I refuse,Reject,,True
80,test,6,Candidate,What do you have to offer?,Query,,
80,test,7,Employer,"Okay, I can offer you 90,000 if you work 10 hours.",Offer,Salary,"90,000 USD"
80,test,7,Employer,"Okay, I can offer you 90,000 if you work 10 hours.",Offer,Working Hours,10 hours
80,test,8,Candidate,"I refuse. I am willing to have a workday of 8 hours and I want a salary of 120,000",Reject,,True
80,test,8,Candidate,"I refuse. I am willing to have a workday of 8 hours and I want a salary of 120,000",Offer,Working Hours,8 hours
80,test,8,Candidate,"I refuse. I am willing to have a workday of 8 hours and I want a salary of 120,000",Offer,Salary,"120,000 USD"
80,test,9,Employer,"I can offer 120,000 if you work 10 hours.",Offer,Salary,"120,000 USD"
80,test,9,Employer,"I can offer 120,000 if you work 10 hours.",Offer,Working Hours,10 hours
80,test,10,Candidate,I reject the previous offer,Reject,,True
80,test,11,Employer,Okay let's move on. ,Other,,
80,test,12,Candidate,What do you have to offer?,Query,,
80,test,13,Candidate,"Sorry, I changed my preferences",Other,,
80,test,14,Candidate,"I am expecting a salary of 120,000",Offer,Salary,"120,000 USD"
80,test,15,Employer,Would you be willing to accept 10 hours of work if we hire you are as a project manager,Offer,Working Hours,10 hours
80,test,15,Employer,Would you be willing to accept 10 hours of work if we hire you are as a project manager,Offer,Job Description,Project Manager
80,test,16,Candidate,"I agree. Now let's talk about how we can agree on other issues. I would like a salary of 120,000",Accept,,True
80,test,16,Candidate,"I agree. Now let's talk about how we can agree on other issues. I would like a salary of 120,000",Offer,Salary,"120,000 USD"
80,test,17,Employer,"I can offer you 90,000 and fast promotion track.",Offer,Salary,"90,000 USD"
80,test,17,Employer,"I can offer you 90,000 and fast promotion track.",Offer,Promotion Possibilities,Fast promotion track
80,test,18,Candidate,I reject the previous offer,Reject,,True
80,test,19,Employer,"90,000 with a 10% pension fund.",Offer,Salary,"90,000 USD"
80,test,19,Employer,"90,000 with a 10% pension fund.",Offer,Pension Fund,10%
80,test,20,Candidate,"I refuse. I would like a salary of 120,000 and I am willing to have a pension of 20%",Reject,,True
80,test,20,Candidate,"I refuse. I would like a salary of 120,000 and I am willing to have a pension of 20%",Offer,Salary,"120,000 USD"
80,test,20,Candidate,"I refuse. I would like a salary of 120,000 and I am willing to have a pension of 20%",Offer,Pension Fund,20%
80,test,21,Employer,"120,000 USD, No car and no Pension fund",Offer,Salary,"120,000 USD"
80,test,21,Employer,"120,000 USD, No car and no Pension fund",Offer,Leased Car,Without leased car
80,test,21,Employer,"120,000 USD, No car and no Pension fund",Offer,Pension Fund,0%
80,test,22,Candidate,I refuse,Reject,,True
80,test,23,Candidate,"I am willing to have a salary of 120,000",Offer,Salary,"120,000 USD"
80,test,24,Employer,"90,000 USD, No car and 10% pension fund",Offer,Salary,"90,000 USD"
80,test,24,Employer,"90,000 USD, No car and 10% pension fund",Offer,Leased Car,Without leased car
80,test,24,Employer,"90,000 USD, No car and 10% pension fund",Offer,Pension Fund,10%
80,test,25,Candidate,"I refuse. I am willing to have a salary of 120,000, I would like a company car and I am expecting a pension of 20%",Reject,,True
80,test,25,Candidate,"I refuse. I am willing to have a salary of 120,000, I would like a company car and I am expecting a pension of 20%",Offer,Salary,"120,000 USD"
80,test,25,Candidate,"I refuse. I am willing to have a salary of 120,000, I would like a company car and I am expecting a pension of 20%",Offer,Leased Car,With leased car
80,test,25,Candidate,"I refuse. I am willing to have a salary of 120,000, I would like a company car and I am expecting a pension of 20%",Offer,Pension Fund,20%
80,test,26,Employer,No.,Reject,,True
80,test,27,Candidate,"I would like a salary of 120,000",Offer,Salary,"120,000 USD"
80,test,28,Candidate,"I want a salary of 120,000",Offer,Salary,"120,000 USD"
80,test,29,Employer,"120,000, Fast Track, with Car, and 10%pension",Offer,Salary,"120,000 USD"
80,test,29,Employer,"120,000, Fast Track, with Car, and 10%pension",Offer,Promotion Possibilities,Fast promotion track
80,test,29,Employer,"120,000, Fast Track, with Car, and 10%pension",Offer,Leased Car,With leased car
80,test,29,Employer,"120,000, Fast Track, with Car, and 10%pension",Offer,Pension Fund,10%
80,test,30,Candidate,I agree,Accept,,True
80,test,31,Candidate,I'm happy that you accept. We can sign the agreement now. Please pick the values in the agreement draft and press Sign.,Other,,
81,test,0,Candidate,Hello. I would like to discuss the issues of my contract.,Greet,,True
81,test,1,Candidate,"I am willing to have a salary of 120,000",Offer,Salary,"120,000 USD"
81,test,2,Employer,i cant give you a pension or a car,Other,,
81,test,3,Candidate,"I want a salary of 120,000",Offer,Salary,"120,000 USD"
81,test,4,Employer,i cant do that high a salary,Reject,,
81,test,5,Candidate,"I am willing to have a salary of 90,000",Offer,Salary,"90,000 USD"
81,test,6,Candidate,"I am willing to have a salary of 90,000",Offer,Salary,"90,000 USD"
81,test,7,Employer,"i can give you 90, but no car or pension",Offer,Leased Car,Without leased car
81,test,7,Employer,"i can give you 90, but no car or pension",Offer,Salary,"90,000 USD"
81,test,8,Candidate,I accept the previous offer. I would like to continue and discuss another issue. I demand a position of project manager,Accept,,True
81,test,8,Candidate,I accept the previous offer. I would like to continue and discuss another issue. I demand a position of project manager,Offer,Job Description,Project Manager
81,test,9,Employer,hold on a minute,Other,,
81,test,10,Candidate,I want a position of project manager,Offer,Job Description,Project Manager
81,test,11,Candidate,I demand a position of project manager,Offer,Job Description,Project Manager
81,test,12,Candidate,I demand a position of project manager,Offer,Job Description,Project Manager
81,test,13,Candidate,I would like a position of project manager,Offer,Job Description,Project Manager
81,test,14,Employer,i can give you team manager if you agree to work 10 hours,Offer,Job Description,Team Manager
81,test,14,Employer,i can give you team manager if you agree to work 10 hours,Offer,Working Hours,10 hours
81,test,15,Candidate,I accept the previous offer. Let's discuss another issue. I am expecting a pension of 20%,Accept,,True
81,test,15,Candidate,I accept the previous offer. Let's discuss another issue. I am expecting a pension of 20%,Offer,Pension Fund,20%
81,test,16,Employer,"great, give me a minute",Other,,
81,test,17,Candidate,I want a pension of 20%,Offer,Pension Fund,20%
81,test,18,Candidate,I want a pension of 20%,Offer,Pension Fund,20%
81,test,19,Candidate,I would like a pension of 20%,Offer,Pension Fund,20%
81,test,20,Employer,ill give you 10 % if you accept slow promotion track,Offer,Pension Fund,10%
81,test,20,Employer,ill give you 10 % if you accept slow promotion track,Offer,Promotion Possibilities,Slow promotion track
81,test,21,Candidate,I disagree. I am expecting a fast promotion track and I am expecting a pension of 20%,Reject,,True
81,test,21,Candidate,I disagree. I am expecting a fast promotion track and I am expecting a pension of 20%,Offer,Promotion Possibilities,Fast promotion track
81,test,21,Candidate,I disagree. I am expecting a fast promotion track and I am expecting a pension of 20%,Offer,Pension Fund,20%
81,test,22,Employer,hold on,Other,,
81,test,23,Employer,you can have3 the fast track if you take the 10% pension,Offer,Pension Fund,10%
81,test,23,Employer,you can have3 the fast track if you take the 10% pension,Offer,Promotion Possibilities,Fast promotion track
81,test,24,Candidate,I reject the previous offer,Reject,,True
81,test,25,Employer,"ok if you take the 10% pensiion, then instead of team manager, youll be q&a for job",Offer,Job Description,QA
81,test,25,Employer,"ok if you take the 10% pensiion, then instead of team manager, youll be q&a for job",Offer,Pension Fund,10%
81,test,26,Candidate,I disagree. I want a pension of 20% and I am willing to have a position of project manager,Reject,,True
81,test,26,Candidate,I disagree. I want a pension of 20% and I am willing to have a position of project manager,Offer,Pension Fund,20%
81,test,26,Candidate,I disagree. I want a pension of 20% and I am willing to have a position of project manager,Offer,Job Description,Project Manager
81,test,27,Employer,ok,Accept,,True
81,test,28,Candidate,I'm happy that you accept,Other,,
81,test,29,Candidate,I want a fast promotion track,Offer,Promotion Possibilities,Fast promotion track
81,test,30,Candidate,I am willing to have a fast promotion track,Offer,Promotion Possibilities,Fast promotion track
81,test,31,Employer,programer and fast track,Offer,Job Description,Programmer
81,test,31,Employer,programer and fast track,Offer,Promotion Possibilities,Fast promotion track
81,test,32,Candidate,I reject the previous offer,Reject,,True
81,test,33,Employer,then team manager and thats my last offer,Offer,Job Description,Team Manager
81,test,34,Candidate,I disagree,Reject,,True
81,test,35,Candidate,I want a fast promotion track,Offer,Promotion Possibilities,Fast promotion track
81,test,36,Employer,only if you take the team manager,Offer,Job Description,Team Manager
81,test,37,Candidate,"I agree with the offer. Now let's talk about how we can agree on other issues. I would like a salary of 90,000",Accept,,True
81,test,37,Candidate,"I agree with the offer. Now let's talk about how we can agree on other issues. I would like a salary of 90,000",Offer,Salary,"90,000 USD"
81,test,38,Employer,thats fine,Accept,,True
81,test,39,Candidate,I'm happy that you accept. We can sign the agreement now.,Other,,
81,test,40,Employer,ok,Other,,
82,test,0,Candidate,Hello. I would like to discuss the issues of my contract.,Greet,,True
82,test,1,Candidate,I am expecting a position of project manager,Offer,Job Description,Project Manager
82,test,2,Employer,"The salary we offer for proejct manager is 60,000 USD",Offer,Salary,"60,000 USD"
82,test,2,Employer,"The salary we offer for proejct manager is 60,000 USD",Offer,Job Description,Project Manager
82,test,3,Candidate,"I refuse. I am expecting a salary of 120,000",Reject,,True
82,test,3,Candidate,"I refuse. I am expecting a salary of 120,000",Offer,Salary,"120,000 USD"
82,test,4,Candidate,"Sorry, I changed my preferences",Other,,
82,test,5,Candidate,I want a position of project manager,Offer,Job Description,Project Manager
82,test,6,Employer,"We can offer 90,000",Offer,Salary,"90,000 USD"
82,test,7,Candidate,"I agree with a salary of 90,000. I would like to continue and discuss another issue. I want a position of project manager",Accept,Salary,"90,000 USD"
82,test,7,Candidate,"I agree with a salary of 90,000. I would like to continue and discuss another issue. I want a position of project manager",Offer,Job Description,Project Manager
82,test,8,Employer,"Okay, project manager is fine.",Accept,Job Description,Project Manager
82,test,9,Candidate,I'm happy that you accept the project manager,Other,,
82,test,10,Candidate,I want a company car,Offer,Leased Car,With leased car
82,test,11,Employer,For that salary we cannot offer a company car,Offer,Leased Car,Without leased car
82,test,12,Candidate,I agree with no company car. Let's proceed to another issue. I am willing to have a fast promotion track,Accept,Leased Car,Without leased car
82,test,12,Candidate,I agree with no company car. Let's proceed to another issue. I am willing to have a fast promotion track,Offer,Promotion Possibilities,Fast promotion track
82,test,13,Employer,Fast promotion track is fine.,Accept,Promotion Possibilities,Fast promotion track
82,test,14,Candidate,I'm happy that you accept the fast promotion track,Other,,
82,test,15,Candidate,I would like a workday of 8 hours,Offer,Working Hours,8 hours
82,test,16,Employer,10 hours is the preferred workday,Offer,Working Hours,10 hours
82,test,17,Candidate,I disagree about a workday of 10 hours,Reject,Working Hours,10 hours
82,test,18,Employer,WE can increase your pension fund to 20% with a 10 hour workday,Offer,Pension Fund,20%
82,test,18,Employer,WE can increase your pension fund to 20% with a 10 hour workday,Offer,Working Hours,10 hours
82,test,19,Candidate,I reject the previous offer,Reject,,True
82,test,20,Employer,Can we agree on a 9 hour workday,Offer,Working Hours,9 hours
82,test,21,Candidate,I refuse 9 hours,Reject,Working Hours,9 hours
82,test,22,Employer,With an 8 hour workday there would be 10% pension,Offer,Pension Fund,10%
82,test,22,Employer,With an 8 hour workday there would be 10% pension,Offer,Working Hours,8 hours
82,test,23,Candidate,I refuse,Reject,,True
82,test,24,Candidate,I demand a workday of 8 hours,Offer,Working Hours,8 hours
82,test,25,Employer,"With the salary of 90,000 USD the minimum workday would be 9 hours",Offer,Working Hours,9 hours
82,test,25,Employer,"With the salary of 90,000 USD the minimum workday would be 9 hours",Offer,Salary,"90,000 USD"
82,test,26,Candidate,I accept 9 hours. Let's discuss another issue. I am willing to have a pension of 20%,Accept,Working Hours,9 hours
82,test,26,Candidate,I accept 9 hours. Let's discuss another issue. I am willing to have a pension of 20%,Offer,Pension Fund,20%
82,test,27,Employer,I will agree to 20%,Accept,Pension Fund,20%
82,test,28,Candidate,I'm happy that you accept. We can sign the agreement now. Please pick the values in the agreement draft and press Sign.,Other,,
83,test,0,Candidate,Hello. I would like to discuss the issues of my contract.,Greet,,True
83,test,1,Candidate,I would like a position of project manager,Offer,Job Description,Project Manager
83,test,2,Employer,Hi how are you,Greet,,True
83,test,3,Employer,The project manager position is currently full. I have a position of the Programmer available.,Offer,Job Description,Programmer
83,test,3,Employer,The project manager position is currently full. I have a position of the Programmer available.,Reject,Job Description,Project Manager
83,test,4,Candidate,"I accept a position of programmer. Now let's talk about how we can agree on other issues. I am willing to have a salary of 120,000",Accept,Job Description,Programmer
83,test,4,Candidate,"I accept a position of programmer. Now let's talk about how we can agree on other issues. I am willing to have a salary of 120,000",Offer,Salary,"120,000 USD"
83,test,5,Employer,"120,000 is too high to start off with.",Reject,Salary,"120,000 USD"
83,test,6,Candidate,"I would like a salary of 120,000",Offer,Salary,"120,000 USD"
83,test,7,Employer,"Let's start with 60,000 with a fast promotion track.",Offer,Promotion Possibilities,Fast promotion track
83,test,7,Employer,"Let's start with 60,000 with a fast promotion track.",Offer,Salary,"60,000 USD"
83,test,8,Candidate,I refuse,Reject,,True
83,test,9,Employer,"You will be at 120,000 in no time.",Other,,
83,test,10,Employer,"You will be able to get to your desired goal of $120,000 easily in the future because of fast promotions",Other,,
83,test,11,Employer,"$60,000 is very reasonable ",Offer,Salary,"60,000 USD"
83,test,12,Candidate,"I refuse 60,000. I am expecting a salary of 120,000",Reject,Salary,"60,000 USD"
83,test,12,Candidate,"I refuse 60,000. I am expecting a salary of 120,000",Offer,Salary,"120,000 USD"
83,test,13,Employer,"120,000 is what our employees that have been working here for a while get.",Reject,Salary,"120,000 USD"
83,test,14,Candidate,I am expecting a position of programmer,Offer,Job Description,Programmer
83,test,15,Employer,It would be unfair to our senior employees,Other,,
83,test,16,Employer,"Yes, you are a programmer",Accept,Job Description,Programmer
83,test,17,Candidate,It's good to reach an agreement on programmer,Other,,
83,test,18,Candidate,"I am expecting a salary of 120,000",Offer,Salary,"120,000 USD"
83,test,19,Employer,"$120,000 is something that i can not do.",Reject,Salary,"120,000 USD"
83,test,20,Employer,"$60,000 is my final offer.",Offer,Salary,"60,000 USD"
83,test,21,Candidate,"I reject a salary of 60,000. I want a salary of 120,000",Reject,Salary,"60,000 USD"
83,test,21,Candidate,"I reject a salary of 60,000. I want a salary of 120,000",Offer,Salary,"120,000 USD"
83,test,22,Candidate,"I would like a salary of 120,000",Offer,Salary,"120,000 USD"
83,test,23,Employer,"Sorry, that is too high.",Reject,,True
83,test,24,Candidate,"I would like a salary of 90,000",Offer,Salary,"90,000 USD"
83,test,25,Employer,"$60,000.",Offer,Salary,"60,000 USD"
83,test,26,Candidate,"I reject 60,000. I would like a salary of 120,000",Reject,Salary,"60,000 USD"
83,test,26,Candidate,"I reject 60,000. I would like a salary of 120,000",Offer,Salary,"120,000 USD"
83,test,27,Employer,"If you want $90,000 then you have to be willing to work for 10 hours, as well as a 10% pension fund.",Offer,Pension Fund,10%
83,test,27,Employer,"If you want $90,000 then you have to be willing to work for 10 hours, as well as a 10% pension fund.",Offer,Salary,"90,000 USD"
83,test,27,Employer,"If you want $90,000 then you have to be willing to work for 10 hours, as well as a 10% pension fund.",Offer,Working Hours,10 hours
83,test,28,Candidate,"I disagree with the offer. I want a workday of 8 hours, I would like a pension of 20% and I want a salary of 120,000",Reject,,True
83,test,28,Candidate,"I disagree with the offer. I want a workday of 8 hours, I would like a pension of 20% and I want a salary of 120,000",Offer,Working Hours,8 hours
83,test,28,Candidate,"I disagree with the offer. I want a workday of 8 hours, I would like a pension of 20% and I want a salary of 120,000",Offer,Pension Fund,20%
83,test,28,Candidate,"I disagree with the offer. I want a workday of 8 hours, I would like a pension of 20% and I want a salary of 120,000",Offer,Salary,"120,000 USD"
83,test,29,Employer,"No, i have to reject that.",Reject,,True
83,test,30,Employer,That is asking for too much.,Reject,,True
83,test,31,Candidate,I would like a position of team manager,Offer,Job Description,Team Manager
83,test,32,Employer,"No, programmer is the only thing available",Offer,Job Description,Programmer
83,test,32,Employer,"No, programmer is the only thing available",Reject,,True
83,test,33,Candidate,"I agree with a position of programmer. Now let's talk about how we can agree on other issues. I am willing to have a salary of 120,000",Accept,Job Description,Programmer
83,test,33,Candidate,"I agree with a position of programmer. Now let's talk about how we can agree on other issues. I am willing to have a salary of 120,000",Offer,Salary,"120,000 USD"
83,test,34,Employer,"$120,000 is too high of a salary for someone starting out.",Reject,Salary,"120,000 USD"
83,test,35,Candidate,"I am willing to have a salary of 120,000",Offer,Salary,"120,000 USD"
83,test,36,Employer,"The starting pay of all employees is $60,000.",Offer,Salary,"60,000 USD"
83,test,37,Candidate,"I accept a salary of 60,000. Now let's talk about how we can agree on other issues. I am willing to have a company car",Accept,Salary,"60,000 USD"
83,test,37,Candidate,"I accept a salary of 60,000. Now let's talk about how we can agree on other issues. I am willing to have a company car",Offer,Leased Car,With leased car
83,test,38,Employer,We do not have any company cars available at the moment. ,Reject,Leased Car,With leased car
83,test,39,Candidate,I want a company car,Offer,Leased Car,With leased car
83,test,40,Employer,The company cars are for delivery drivers.,Other,,
83,test,41,Employer,We do not provide company cars for beginner workers.  They will be available when you are promoted.,Reject,Leased Car,With leased car
83,test,42,Candidate,I am expecting a company car,Offer,Leased Car,With leased car
83,test,43,Employer,"A company car will not be provided, i am sorry to say.",Reject,Leased Car,With leased car
83,test,44,Candidate,I am willing to have a company car,Offer,Leased Car,With leased car
83,test,45,Employer,"No company car, sorry",Reject,Leased Car,With leased car
83,test,46,Candidate,I am expecting a company car,Offer,Leased Car,With leased car
83,test,47,Employer,We do not provide company cars.,Reject,Leased Car,With leased car
83,test,48,Candidate,"I am expecting no agreement on leased car. But I must change our previous agreement. I want a position of programmer and I am expecting a salary of 120,000",Offer,Leased Car,No agreement
83,test,48,Candidate,"I am expecting no agreement on leased car. But I must change our previous agreement. I want a position of programmer and I am expecting a salary of 120,000",Offer,Job Description,Programmer
83,test,48,Candidate,"I am expecting no agreement on leased car. But I must change our previous agreement. I want a position of programmer and I am expecting a salary of 120,000",Offer,Salary,"120,000 USD"
83,test,49,Employer,"No, the salary stays at 60,000",Offer,Salary,"60,000 USD"
83,test,49,Employer,"No, the salary stays at 60,000",Reject,,True
83,test,50,Candidate,"I accept 60,000. Now let's talk about how we can agree on other issues. I want a company car",Accept,Salary,"60,000 USD"
83,test,50,Candidate,"I accept 60,000. Now let's talk about how we can agree on other issues. I want a company car",Offer,Leased Car,With leased car
83,test,51,Employer,We don't have company cars.,Reject,Leased Car,With leased car
83,test,52,Candidate,I am willing to have a company car,Offer,Leased Car,With leased car
83,test,53,Employer,"No, i can not provide that.",Reject,,True
83,test,54,Candidate,I want a company car,Offer,Leased Car,With leased car
83,test,55,Employer,We do not have any company cars.,Reject,Leased Car,With leased car
83,test,56,Candidate,I want a company car,Offer,Leased Car,With leased car
83,test,57,Employer,We do not have any company cars.,Reject,,
83,test,58,Candidate,I would like no agreement on leased car,Offer,Leased Car,No agreement
83,test,59,Employer,Ok,Accept,,True
83,test,60,Candidate,It's good to reach an agreement on this,Other,,
83,test,61,Candidate,I want a fast promotion track,Offer,Promotion Possibilities,Fast promotion track
83,test,62,Employer,That is fine as well.,Accept,,True
83,test,63,Candidate,It's good to reach an agreement on this,Other,,
83,test,64,Candidate,I am expecting a workday of 8 hours,Offer,Working Hours,8 hours
83,test,65,Employer,if you are willing to work 10 hours a day.,Offer,Working Hours,10 hours
83,test,66,Candidate,I refuse 10 hours,Reject,Working Hours,10 hours
83,test,67,Employer,"No, if you want a fast promotion, then you have to work 10 hours a day.",Offer,Promotion Possibilities,Fast promotion track
83,test,67,Employer,"No, if you want a fast promotion, then you have to work 10 hours a day.",Offer,Working Hours,10 hours
83,test,67,Employer,"No, if you want a fast promotion, then you have to work 10 hours a day.",Reject,,True
83,test,68,Candidate,I refuse,Reject,,True
83,test,69,Employer,That is the only offer i have for you.,Other,,
83,test,70,Employer,10 hours a day,Offer,Working Hours,10 hours
83,test,71,Candidate,I refuse 10 hours,Reject,Working Hours,10 hours
83,test,72,Employer,10 hours a day.,Offer,Working Hours,10 hours
83,test,73,Candidate,I reject a workday of 10 hours,Reject,Working Hours,10 hours
83,test,74,Employer,"if you want fast promotion, then it is 10 hours.",Offer,Promotion Possibilities,Fast promotion track
83,test,74,Employer,"if you want fast promotion, then it is 10 hours.",Offer,Working Hours,10 hours
83,test,75,Candidate,I disagree with the offer,Reject,,True
83,test,76,Employer,That is the only offer i have for you.,Other,,
83,test,77,Employer,10 hours.,Offer,Working Hours,10 hours
83,test,78,Candidate,I refuse 10 hours,Reject,Working Hours,10 hours
83,test,79,Candidate,What do you have to suggest?,Query,,
83,test,80,Candidate,I am expecting a workday of 8 hours,Offer,Working Hours,8 hours
83,test,81,Employer,The workday is 10 hours.,Offer,Working Hours,10 hours
83,test,82,Candidate,I disagree about a workday of 10 hours. I am expecting a workday of 8 hours,Reject,Working Hours,10 hours
83,test,82,Candidate,I disagree about a workday of 10 hours. I am expecting a workday of 8 hours,Offer,Working Hours,8 hours
83,test,83,Employer,I can't do 8 hours.,Reject,Working Hours,8 hours
83,test,84,Candidate,I would like a workday of 8 hours,Offer,Working Hours,8 hours
83,test,85,Employer,10 hours.,Offer,Working Hours,10 hours
83,test,86,Candidate,I disagree about a workday of 10 hours. I am expecting a workday of 8 hours,Reject,Working Hours,10 hours
83,test,86,Candidate,I disagree about a workday of 10 hours. I am expecting a workday of 8 hours,Offer,Working Hours,8 hours
83,test,87,Employer,The workday is 10 hours.,Offer,Working Hours,10 hours
83,test,88,Candidate,I disagree about a workday of 10 hours. I want a workday of 8 hours,Reject,Working Hours,10 hours
83,test,88,Candidate,I disagree about a workday of 10 hours. I want a workday of 8 hours,Offer,Working Hours,8 hours
83,test,89,Employer,"No, the workday is 10 hours for starters.",Offer,Working Hours,10 hours
83,test,89,Employer,"No, the workday is 10 hours for starters.",Reject,,True
83,test,90,Candidate,I reject a workday of 10 hours. I am expecting a workday of 8 hours,Reject,Working Hours,10 hours
83,test,90,Candidate,I reject a workday of 10 hours. I am expecting a workday of 8 hours,Offer,Working Hours,8 hours
83,test,91,Employer,10 hours a day is normal.,Offer,Working Hours,10 hours
83,test,92,Candidate,I refuse 10 hours. I am willing to have a workday of 8 hours,Reject,Working Hours,10 hours
83,test,92,Candidate,I refuse 10 hours. I am willing to have a workday of 8 hours,Offer,Working Hours,8 hours
83,test,93,Employer,10 hours is my last offer.,Offer,Working Hours,10 hours
83,test,94,Candidate,I disagree about a workday of 10 hours. I want a workday of 8 hours,Reject,Working Hours,10 hours
83,test,94,Candidate,I disagree about a workday of 10 hours. I want a workday of 8 hours,Offer,Working Hours,8 hours
83,test,95,Employer,10 hours is the only thing i can offer you. Take it or leave it.,Offer,Working Hours,10 hours
83,test,96,Candidate,I reject a workday of 10 hours. I would like a workday of 8 hours,Reject,Working Hours,10 hours
83,test,96,Candidate,I reject a workday of 10 hours. I would like a workday of 8 hours,Offer,Working Hours,8 hours
83,test,97,Employer,"I am sorry, 10 hours is the best i can do.",Offer,Working Hours,10 hours
83,test,98,Candidate,I want a workday of 9 hours,Offer,Working Hours,9 hours
83,test,99,Employer,"No, 10 hours is the best i can do.",Offer,Working Hours,10 hours
83,test,99,Employer,"No, 10 hours is the best i can do.",Reject,,True
83,test,100,Candidate,I agree with a workday of 10 hours. Let's discuss another issue. I am expecting a pension of 20%,Accept,Working Hours,10 hours
83,test,100,Candidate,I agree with a workday of 10 hours. Let's discuss another issue. I am expecting a pension of 20%,Offer,Pension Fund,20%
83,test,101,Employer,That is fine.,Accept,,True
83,test,102,Candidate,I'm happy that you accept. We can sign the agreement now. Please pick the values in the agreement draft and press Sign.,Other,,
84,test,0,Candidate,Hello. I would like to discuss the issues of my contract.,Greet,,True
84,test,1,Candidate,"I am willing to have a salary of 120,000",Offer,Salary,"120,000 USD"
84,test,2,Employer,"Hi 120,000 is far to high for the available position 60,000 would be far more appropriate.",Greet,,True
84,test,2,Employer,"Hi 120,000 is far to high for the available position 60,000 would be far more appropriate.",Offer,Salary,"60,000 USD"
84,test,2,Employer,"Hi 120,000 is far to high for the available position 60,000 would be far more appropriate.",Reject,Salary,"120,000 USD"
84,test,3,Candidate,I accept the previous offer. I would like to continue and discuss another issue. I am expecting a position of project manager,Accept,,True
84,test,3,Candidate,I accept the previous offer. I would like to continue and discuss another issue. I am expecting a position of project manager,Offer,Job Description,Project Manager
84,test,4,Employer,That position is not available. We are in need of a programmer.,Offer,Job Description,Programmer
84,test,4,Employer,That position is not available. We are in need of a programmer.,Reject,,
84,test,5,Candidate,I disagree with the offer. I am willing to have a position of project manager,Reject,,True
84,test,5,Candidate,I disagree with the offer. I am willing to have a position of project manager,Offer,Job Description,Project Manager
84,test,6,Candidate,I want a position of project manager,Offer,Job Description,Project Manager
84,test,7,Employer,I'm sorry but we cannot hire you for a position that is not available.,Reject,,
84,test,8,Candidate,I am willing to have a position of team manager,Offer,Job Description,Team Manager
84,test,9,Employer,We need programmers much more than we need managers.,Offer,Job Description,Programmer
84,test,9,Employer,We need programmers much more than we need managers.,Reject,,
84,test,10,Candidate,I reject a position of programmer. I want a position of project manager,Reject,Job Description,Programmer
84,test,10,Candidate,I reject a position of programmer. I want a position of project manager,Offer,Job Description,Project Manager
84,test,11,Candidate,I would like a position of project manager,Offer,Job Description,Project Manager
84,test,12,Employer,The position of project manager is just not an option at this point. We need to fill positions based on the companies needs.,Reject,Job Description,Project Manager
84,test,13,Candidate,I would like a position of project manager,Offer,Job Description,Project Manager
84,test,14,Candidate,I would like a position of project manager,Offer,Job Description,Project Manager
84,test,15,Employer,I cannot agree to that at this time though you may be promoted to that position in the future were you to accept the position of programmer now.,Offer,Job Description,Programmer
84,test,15,Employer,I cannot agree to that at this time though you may be promoted to that position in the future were you to accept the position of programmer now.,Reject,,
84,test,16,Candidate,I refuse programmer position. I am expecting a position of project manager,Reject,Job Description,Programmer
84,test,16,Candidate,I refuse programmer position. I am expecting a position of project manager,Offer,Job Description,Project Manager
84,test,17,Employer,The most I can allow for is a team manager.,Offer,Job Description,Team Manager
84,test,18,Candidate,I accept team manager position. Let's discuss another issue. I am willing to have a pension of 20%,Accept,Job Description,Team Manager
84,test,18,Candidate,I accept team manager position. Let's discuss another issue. I am willing to have a pension of 20%,Offer,Pension Fund,20%
84,test,19,Employer,10% is the standard for a team manager and is higher than you would be able to find elsewhere.,Offer,Pension Fund,10%
84,test,20,Candidate,I agree with a pension of 10%. I would like to move on. I demand a workday of 8 hours,Accept,Pension Fund,10%
84,test,20,Candidate,I agree with a pension of 10%. I would like to move on. I demand a workday of 8 hours,Offer,Working Hours,8 hours
84,test,21,Candidate,I am expecting a workday of 8 hours,Offer,Working Hours,8 hours
84,test,22,Employer,All management positions are based on a 10 hour workday. If you wish to be a manager we expect you to work the same hours as the other managers.,Offer,Working Hours,10 hours
84,test,23,Candidate,I reject a workday of 10 hours. I want a workday of 8 hours,Reject,Working Hours,10 hours
84,test,23,Candidate,I reject a workday of 10 hours. I want a workday of 8 hours,Offer,Working Hours,8 hours
84,test,24,Candidate,I would like a workday of 8 hours,Offer,Working Hours,8 hours
84,test,25,Employer,I cannot reduce the amount below 10 hours it is company policy. If you want an 8 hour workday you can take the programmer position.,Reject,,
84,test,25,Employer,I cannot reduce the amount below 10 hours it is company policy. If you want an 8 hour workday you can take the programmer position.,Offer,Job Description,Programmer
84,test,25,Employer,I cannot reduce the amount below 10 hours it is company policy. If you want an 8 hour workday you can take the programmer position.,Offer,Working Hours,8 hours
84,test,26,Candidate,I refuse. I am willing to have a workday of 9 hours and I want a position of project manager,Reject,,True
84,test,26,Candidate,I refuse. I am willing to have a workday of 9 hours and I want a position of project manager,Offer,Working Hours,9 hours
84,test,26,Candidate,I refuse. I am willing to have a workday of 9 hours and I want a position of project manager,Offer,Job Description,Project Manager
84,test,27,Candidate,"Sorry, I changed my preferences",Other,,
84,test,28,Candidate,I am expecting a workday of 8 hours,Offer,Working Hours,8 hours
84,test,29,Employer,That will not work. I can allow for a 9 hour workday as a team manager. This will reduce your chance for a future promotion though.,Reject,,True
84,test,29,Employer,That will not work. I can allow for a 9 hour workday as a team manager. This will reduce your chance for a future promotion though.,Offer,Job Description,Team Manager
84,test,29,Employer,That will not work. I can allow for a 9 hour workday as a team manager. This will reduce your chance for a future promotion though.,Offer,Working Hours,9 hours
84,test,30,Candidate,I agree with the offer. Now let's talk about how we can agree on other issues. I want a company car,Accept,,True
84,test,30,Candidate,I agree with the offer. Now let's talk about how we can agree on other issues. I want a company car,Offer,Leased Car,With leased car
84,test,31,Employer,"Your position does not require travel, we cannot lease you a car.",Reject,Leased Car,With leased car
84,test,32,Candidate,I am willing to have a company car,Offer,Leased Car,With leased car
84,test,33,Employer,"We cannot offer you a company car at this time, perhaps it will be possible in the future.",Offer,Leased Car,Without leased car
84,test,34,Candidate,I reject no company car. I would like a company car,Reject,Leased Car,Without leased car
84,test,34,Candidate,I reject no company car. I would like a company car,Offer,Leased Car,With leased car
84,test,35,Employer,No agreement on car,Offer,Leased Car,No agreement
84,test,36,Candidate,I refuse. I am expecting a company car,Reject,,True
84,test,36,Candidate,I refuse. I am expecting a company car,Offer,Leased Car,With leased car
84,test,37,Employer,I reject,Reject,,True
84,test,38,Candidate,I want no agreement on leased car,Offer,Leased Car,No agreement
84,test,39,Employer,"I agree. Last is a promotion track, how do you feel about this issue?",Accept,,True
84,test,39,Employer,"I agree. Last is a promotion track, how do you feel about this issue?",Query,Offer,Promotion Possibilities
84,test,40,Candidate,I'm happy that you accept,Offer,Promotion Possibilities,Fast promotion track
84,test,41,Candidate,I would like a fast promotion track,Offer,Promotion Possibilities,Fast promotion track
84,test,42,Candidate,I want a fast promotion track,Other,,
84,test,43,Employer,Agreed,Accept,,True
85,test,0,Candidate,Hello. I would like to discuss the issues of my contract.,Greet,,True
85,test,1,Candidate,I want a position of project manager,Offer,Job Description,Project Manager
85,test,2,Employer,What type of promotion possibilities would you like?,Query,Offer,Promotion Possibilities
85,test,3,Candidate,I am expecting a fast promotion track,Offer,Promotion Possibilities,Fast promotion track
85,test,4,Employer,Can we agree on 10 working hours?,Offer,Working Hours,10 hours
85,test,5,Candidate,I reject 10 hours. I am willing to have a workday of 8 hours,Reject,Working Hours,10 hours
85,test,5,Candidate,I reject 10 hours. I am willing to have a workday of 8 hours,Offer,Working Hours,8 hours
85,test,6,Candidate,"Sorry, I changed my preferences",Other,,
85,test,7,Candidate,I want a fast promotion track,Offer,Promotion Possibilities,Fast promotion track
85,test,8,Employer,"The job I can offer you at this point is a programmer for 60,000 for 10 working hours.",Offer,Job Description,Programmer
85,test,8,Employer,"The job I can offer you at this point is a programmer for 60,000 for 10 working hours.",Offer,Salary,"60,000 USD"
85,test,8,Employer,"The job I can offer you at this point is a programmer for 60,000 for 10 working hours.",Offer,Working Hours,10 hours
85,test,9,Candidate,"I refuse. I am expecting a workday of 8 hours, I would like a position of project manager and I want a salary of 120,000",Reject,,True
85,test,9,Candidate,"I refuse. I am expecting a workday of 8 hours, I would like a position of project manager and I want a salary of 120,000",Offer,Working Hours,8 hours
85,test,9,Candidate,"I refuse. I am expecting a workday of 8 hours, I would like a position of project manager and I want a salary of 120,000",Offer,Job Description,Project Manager
85,test,9,Candidate,"I refuse. I am expecting a workday of 8 hours, I would like a position of project manager and I want a salary of 120,000",Offer,Salary,"120,000 USD"
85,test,10,Candidate,"Sorry, I changed my preferences",Other,,
85,test,11,Candidate,I am expecting a fast promotion track,Offer,Promotion Possibilities,Fast promotion track
85,test,12,Candidate,I am expecting a fast promotion track,Offer,Promotion Possibilities,Fast promotion track
85,test,13,Employer,"I can offer you a fast track promotion with the job of a programmer for 60,000 with 10 working hours.",Offer,Job Description,Programmer
85,test,13,Employer,"I can offer you a fast track promotion with the job of a programmer for 60,000 with 10 working hours.",Offer,Promotion Possibilities,Fast promotion track
85,test,13,Employer,"I can offer you a fast track promotion with the job of a programmer for 60,000 with 10 working hours.",Offer,Salary,"60,000 USD"
85,test,13,Employer,"I can offer you a fast track promotion with the job of a programmer for 60,000 with 10 working hours.",Offer,Working Hours,10 hours
85,test,14,Candidate,I refuse.,Reject,,True
85,test,15,Candidate,What are you willing to offer?,Query,,
85,test,16,Employer,"I can offer you 10 working hours at 90,000",Offer,Salary,"90,000 USD"
85,test,16,Employer,"I can offer you 10 working hours at 90,000",Offer,Working Hours,10 hours
85,test,17,Candidate,"I disagree with the offer. I would like a workday of 8 hours and I am willing to have a salary of 120,000",Reject,,True
85,test,17,Candidate,"I disagree with the offer. I would like a workday of 8 hours and I am willing to have a salary of 120,000",Offer,Working Hours,8 hours
85,test,17,Candidate,"I disagree with the offer. I would like a workday of 8 hours and I am willing to have a salary of 120,000",Offer,Salary,"120,000 USD"
85,test,18,Employer,Sorry I cannot fulfill that request.,Reject,,True
85,test,19,Candidate,I would like a fast promotion track,Offer,Promotion Possibilities,Fast promotion track
85,test,20,Employer,Okay I can offer a fast promotion track,Accept,Promotion Possibilities,Fast promotion track
85,test,21,Candidate,I'm happy that you accept the fast promotion track,Other,,
85,test,22,Candidate,I want a position of project manager,Offer,Job Description,Project Manager
85,test,23,Employer,I have to reject the position as a project manager,Reject,Job Description,Project Manager
85,test,24,Candidate,I am expecting a position of project manager,Offer,Job Description,Project Manager
85,test,25,Candidate,I am willing to have a position of project manager,Offer,Job Description,Project Manager
85,test,26,Employer,I can offer you a position as a team manager,Offer,Job Description,Team Manager
85,test,27,Candidate,"I accept a position of team manager. Now let's talk about how we can agree on other issues. I am expecting a salary of 120,000",Accept,Job Description,Team Manager
85,test,27,Candidate,"I accept a position of team manager. Now let's talk about how we can agree on other issues. I am expecting a salary of 120,000",Offer,Salary,"120,000 USD"
85,test,28,Employer,"90,000 is the salary for team manager",Offer,Salary,"90,000 USD"
85,test,29,Candidate,"I agree with a salary of 90,000. Now let's talk about how we can agree on other issues. I am willing to have a company car",Accept,Salary,"90,000 USD"
85,test,29,Candidate,"I agree with a salary of 90,000. Now let's talk about how we can agree on other issues. I am willing to have a company car",Offer,Leased Car,With leased car
85,test,30,Candidate,I would like a company car,Offer,Leased Car,With leased car
85,test,31,Candidate,I want a company car,Offer,Leased Car,With leased car
85,test,32,Employer,I cannot offer a leased car for this position,Reject,Leased Car,With leased car
85,test,33,Candidate,I am expecting a company car,Offer,Leased Car,With leased car
85,test,34,Employer,My decision is final on no leased car,Reject,Leased Car,With leased car
85,test,35,Candidate,I am expecting no agreement on leased car,Offer,Leased Car,No agreement
85,test,36,Employer,Let's negotiate your pension fund.,Query,Offer,Pension Fund
85,test,37,Candidate,I want a pension of 20%,Offer,Pension Fund,20%
85,test,38,Employer,I can agree on a pension of 20% with 10 working hours,Offer,Pension Fund,20%
85,test,38,Employer,I can agree on a pension of 20% with 10 working hours,Offer,Working Hours,10 hours
85,test,39,Candidate,I disagree with the offer. I am expecting a pension of 10% and I am willing to have a workday of 8 hours,Reject,,True
85,test,39,Candidate,I disagree with the offer. I am expecting a pension of 10% and I am willing to have a workday of 8 hours,Offer,Pension Fund,10%
85,test,39,Candidate,I disagree with the offer. I am expecting a pension of 10% and I am willing to have a workday of 8 hours,Offer,Working Hours,8 hours
85,test,40,Employer,I can agree on a pension of 10% with 9 working hours,Offer,Pension Fund,10%
85,test,40,Employer,I can agree on a pension of 10% with 9 working hours,Offer,Working Hours,9 hours
85,test,41,Candidate,I disagree. I am willing to have a workday of 8 hours and I would like a pension of 20%,Reject,,True
85,test,41,Candidate,I disagree. I am willing to have a workday of 8 hours and I would like a pension of 20%,Offer,Working Hours,8 hours
85,test,41,Candidate,I disagree. I am willing to have a workday of 8 hours and I would like a pension of 20%,Offer,Pension Fund,20%
85,test,42,Employer,Would you like a pension of 20% or 10%,Query,Offer,Pension Fund
85,test,43,Candidate,I am willing to have a pension of 20%,Offer,Pension Fund,20%
85,test,44,Employer,I can offer you a pension of 20% with 10 working hours,Offer,Pension Fund,20%
85,test,44,Employer,I can offer you a pension of 20% with 10 working hours,Offer,Working Hours,10 hours
85,test,45,Candidate,I refuse. I would like a workday of 8 hours and I would like a pension of 10%,Reject,,True
85,test,45,Candidate,I refuse. I would like a workday of 8 hours and I would like a pension of 10%,Offer,Working Hours,8 hours
85,test,45,Candidate,I refuse. I would like a workday of 8 hours and I would like a pension of 10%,Offer,Pension Fund,10%
85,test,46,Employer,I can offer you a pension of 10% with 9 working hours.,Offer,Pension Fund,10%
85,test,46,Employer,I can offer you a pension of 10% with 9 working hours.,Offer,Working Hours,9 hours
85,test,47,Candidate,I disagree with the offer. I am expecting a workday of 8 hours and I am willing to have a pension of 20%,Reject,,True
85,test,47,Candidate,I disagree with the offer. I am expecting a workday of 8 hours and I am willing to have a pension of 20%,Offer,Working Hours,8 hours
85,test,47,Candidate,I disagree with the offer. I am expecting a workday of 8 hours and I am willing to have a pension of 20%,Offer,Pension Fund,20%
85,test,48,Employer,I cannot offer a workday of 8 hours with the position of team manager,Reject,Working Hours,8 hours
85,test,49,Candidate,I want a pension of 10%,Offer,Pension Fund,10%
85,test,50,Employer,I agree on a pension of 10%,Accept,Pension Fund,10%
85,test,51,Candidate,It's great that we agreed on 10%,Other,,
85,test,52,Candidate,I am willing to have a company car,Offer,Leased Car,With leased car
85,test,53,Employer,I can agree on 9 working hours,Offer,Working Hours,9 hours
85,test,54,Candidate,I agree with a workday of 9 hours. Now let's talk about how we can agree on other issues. I would like a company car,Accept,Working Hours,9 hours
85,test,54,Candidate,I agree with a workday of 9 hours. Now let's talk about how we can agree on other issues. I would like a company car,Offer,Leased Car,With leased car
85,test,55,Employer,Without leased car or no agreement are the only options for this issue.,Offer,Leased Car,No agreement
85,test,56,Candidate,I refuse no agreement on leased car,Reject,Leased Car,No agreement
85,test,57,Employer,"The options I can provide you regarding leased car are, without leased car or no agreement",Offer,Leased Car,No agreement
85,test,58,Candidate,I disagree about no agreement on leased car,Reject,Leased Car,No agreement
85,test,59,Employer,So we can agree on without leased car,Offer,Leased Car,Without leased car
85,test,60,Candidate,I reject no company car,Reject,Leased Car,Without leased car
85,test,61,Employer,Which option do you choose regarding leased car,Query,Offer,Leased Car
85,test,62,Candidate,I am expecting a company car,Offer,Leased Car,With leased car
85,test,63,Employer,I can offer you a leased car with a 10 working hours,Offer,Leased Car,With leased car
85,test,63,Employer,I can offer you a leased car with a 10 working hours,Offer,Working Hours,10 hours
85,test,64,Candidate,I agree,Accept,,True
86,test,0,Candidate,Hello. I would like to discuss the issues of my contract.,Greet,,True
86,test,1,Candidate,I want a position of project manager,Offer,Job Description,Project Manager
86,test,2,Employer,I agree,Accept,,True
86,test,3,Candidate,It's good to reach an agreement on this,Other,,
86,test,4,Candidate,"I am willing to have a salary of 120,000",Offer,Salary,"120,000 USD"
86,test,5,Employer,"I think the salary should be at 60,000",Offer,Salary,"60,000 USD"
86,test,6,Candidate,"I accept 60,000. Now let's talk about how we can agree on other issues. I am expecting a company car",Accept,Salary,"60,000 USD"
86,test,6,Candidate,"I accept 60,000. Now let's talk about how we can agree on other issues. I am expecting a company car",Offer,Leased Car,With leased car
86,test,7,Employer,I agree,Accept,,True
86,test,8,Candidate,It's great that you agree,Other,,
86,test,9,Candidate,I want a fast promotion track,Offer,Promotion Possibilities,Fast promotion track
86,test,10,Employer,I agree,Accept,,True
86,test,11,Candidate,It's great that you agree,Other,,
86,test,12,Candidate,I would like a workday of 8 hours,Offer,Working Hours,8 hours
86,test,13,Employer,I think it should be 10 hours a day,Offer,Working Hours,10 hours
86,test,14,Candidate,I reject 10 hours. I want a workday of 8 hours,Reject,Working Hours,10 hours
86,test,14,Candidate,I reject 10 hours. I want a workday of 8 hours,Offer,Working Hours,8 hours
86,test,15,Employer,How about 9 hours,Offer,Working Hours,9 hours
86,test,16,Candidate,I reject 9 hours. I am expecting a workday of 8 hours,Reject,Working Hours,9 hours
86,test,16,Candidate,I reject 9 hours. I am expecting a workday of 8 hours,Offer,Working Hours,8 hours
86,test,17,Employer,Lets talk about your Pension fund,Query,Offer,Pension Fund
86,test,18,Candidate,I want a pension of 20%,Offer,Pension Fund,20%
86,test,19,Employer,10%,Offer,Pension Fund,10%
86,test,20,Candidate,I accept a pension of 10%. I would like to move on. I am willing to have a workday of 8 hours,Accept,Pension Fund,10%
86,test,20,Candidate,I accept a pension of 10%. I would like to move on. I am willing to have a workday of 8 hours,Offer,Working Hours,8 hours
86,test,21,Employer,If the Job description is moved to programmer,Offer,Job Description,Programmer
86,test,22,Candidate,I disagree about a position of programmer,Reject,Job Description,Programmer
86,test,23,Employer,How about a Team Manager or QA,Offer,Job Description,Team Manager
86,test,24,Candidate,I reject a position of team manager,Reject,Job Description,Team Manager
86,test,25,Employer,"What if the salary is moved to 90,000",Offer,Salary,"90,000 USD"
86,test,26,Candidate,"I reject a salary of 90,000. I would like a salary of 120,000",Reject,Salary,"90,000 USD"
86,test,26,Candidate,"I reject a salary of 90,000. I would like a salary of 120,000",Offer,Salary,"120,000 USD"
86,test,27,Candidate,"I am expecting a salary of 120,000",Offer,Salary,"120,000 USD"
86,test,28,Candidate,"I want a salary of 120,000",Offer,Salary,"120,000 USD"
86,test,29,Employer,No I think if the Job description is a QA ,Reject,,True
86,test,29,Employer,No I think if the Job description is a QA ,Offer,Job Description,QA
86,test,30,Candidate,I refuse qa position. I am expecting a position of project manager,Reject,Job Description,QA
86,test,30,Candidate,I refuse qa position. I am expecting a position of project manager,Offer,Job Description,Project Manager
86,test,31,Employer,Then working hours will be 9 hours,Offer,Working Hours,9 hours
86,test,32,Candidate,"I agree with a workday of 9 hours. Now let's talk about how we can agree on other issues. I would like a salary of 120,000",Accept,Working Hours,9 hours
86,test,32,Candidate,"I agree with a workday of 9 hours. Now let's talk about how we can agree on other issues. I would like a salary of 120,000",Offer,Salary,"120,000 USD"
86,test,33,Candidate,"I am expecting a salary of 120,000",Offer,Salary,"120,000 USD"
86,test,34,Employer,"If you take the job description of a Team Manager or a QA I'll move the salary to 90,000",Offer,Job Description,Team Manager
86,test,34,Employer,"If you take the job description of a Team Manager or a QA I'll move the salary to 90,000",Offer,Salary,"90,000 USD"
86,test,35,Candidate,"I reject the previous offer. I want a salary of 120,000 and I would like a position of project manager",Reject,,True
86,test,35,Candidate,"I reject the previous offer. I want a salary of 120,000 and I would like a position of project manager",Offer,Salary,"120,000 USD"
86,test,35,Candidate,"I reject the previous offer. I want a salary of 120,000 and I would like a position of project manager",Offer,Job Description,Project Manager
86,test,36,Employer,Then everything stays where it is at.,Reject,,True
86,test,37,Candidate,"I want a salary of 90,000",Offer,Salary,"90,000 USD"
86,test,38,Candidate,"I would like a salary of 90,000",Offer,Salary,"90,000 USD"
86,test,39,Employer,Okay,Accept,,True
86,test,40,Candidate,I'm happy that you accept. We can sign the agreement now. Please pick the values in the agreement draft and press Sign.,Other,,
86,test,41,Employer,I will like you to consider the the QA job decription,Offer,Job Description,QA
86,test,42,Candidate,I refuse qa position. I am expecting a position of project manager,Reject,Job Description,QA
86,test,42,Candidate,I refuse qa position. I am expecting a position of project manager,Offer,Job Description,Project Manager
86,test,43,Employer,"Then salary will be 60,000",Offer,Salary,"60,000 USD"
86,test,44,Candidate,"I agree with a salary of 60,000",Accept,Salary,"60,000 USD"
87,test,0,Candidate,Hello. I would like to discuss the issues of my contract.,Greet,,True
87,test,1,Candidate,I am willing to have a position of project manager,Offer,Job Description,Project Manager
87,test,2,Employer,I agree,Accept,,True
87,test,3,Candidate,It's great that you agree,Other,,
87,test,4,Candidate,"I would like a salary of 90,000",Offer,Salary,"90,000 USD"
87,test,5,Employer, I agree,Accept,,True
87,test,6,Candidate,It's great that you agree,Other,,
87,test,7,Candidate,I am expecting a company car,Offer,Leased Car,With leased car
87,test,8,Employer,We shall see about that,Reject,,True
87,test,9,Candidate,I would like no agreement on leased car,Offer,Leased Car,No agreement
87,test,10,Employer,I agree on that.,Accept,,True
87,test,11,Candidate,It's good to reach an agreement on this,Other,,
87,test,12,Candidate,I want a fast promotion track,Offer,Promotion Possibilities,Fast promotion track
87,test,13,Employer,I agree,Accept,,True
87,test,14,Candidate,It's great that you agree,Other,,
87,test,15,Candidate,I am expecting a workday of 8 hours,Offer,Working Hours,8 hours
87,test,16,Employer,I need you for 10 hours,Offer,Working Hours,10 hours
87,test,17,Candidate,I refuse 10 hours. I want a workday of 8 hours,Reject,Working Hours,10 hours
87,test,17,Candidate,I refuse 10 hours. I want a workday of 8 hours,Offer,Working Hours,8 hours
87,test,18,Employer,Can we compromise on 9 hours?,Offer,Working Hours,9 hours
87,test,19,Candidate,I reject 9 hours. I am expecting a workday of 8 hours,Reject,Working Hours,9 hours
87,test,19,Candidate,I reject 9 hours. I am expecting a workday of 8 hours,Offer,Working Hours,8 hours
87,test,20,Employer,"10% pension fund, 9 hour workday",Offer,Pension Fund,10%
87,test,20,Employer,"10% pension fund, 9 hour workday",Offer,Working Hours,9 hours
87,test,21,Candidate,I reject the previous offer. I am willing to have a workday of 8 hours and I would like a pension of 20%,Reject,,True
87,test,21,Candidate,I reject the previous offer. I am willing to have a workday of 8 hours and I would like a pension of 20%,Offer,Working Hours,8 hours
87,test,21,Candidate,I reject the previous offer. I am willing to have a workday of 8 hours and I would like a pension of 20%,Offer,Pension Fund,20%
87,test,22,Candidate,"Sorry, I changed my preferences",Other,,
87,test,23,Candidate,I want a workday of 8 hours,Offer,Working Hours,8 hours
87,test,24,Employer,"I'll give 20% pension, with 9 hours",Offer,Pension Fund,20%
87,test,24,Employer,"I'll give 20% pension, with 9 hours",Offer,Working Hours,9 hours
87,test,25,Candidate,I refuse. I am willing to have a workday of 8 hours and I would like a pension of 10%,Reject,,True
87,test,25,Candidate,I refuse. I am willing to have a workday of 8 hours and I would like a pension of 10%,Offer,Working Hours,8 hours
87,test,25,Candidate,I refuse. I am willing to have a workday of 8 hours and I would like a pension of 10%,Offer,Pension Fund,10%
87,test,26,Candidate,"Sorry, I changed my preferences",Other,,
87,test,27,Candidate,I want a workday of 8 hours,Offer,Working Hours,8 hours
87,test,28,Candidate,I would like a workday of 8 hours,Offer,Working Hours,8 hours
87,test,29,Employer,"8 hour workday comes with no leased car, and 10% pension",Offer,Leased Car,Without leased car
87,test,29,Employer,"8 hour workday comes with no leased car, and 10% pension",Offer,Pension Fund,10%
87,test,29,Employer,"8 hour workday comes with no leased car, and 10% pension",Offer,Working Hours,8 hours
87,test,30,Candidate,I agree with the offer,Accept,,True
87,test,31,Employer,You'll need to modify your car lease,Query,Offer,Leased Car
87,test,32,Candidate,I want a company car,Offer,Leased Car,With leased car
87,test,33,Employer,"Only with 60,000 salary",Offer,Salary,"60,000 USD"
87,test,34,Candidate,"I accept 60,000. Now let's talk about how we can agree on other issues. I am expecting a company car",Accept,Salary,"60,000 USD"
87,test,34,Candidate,"I accept 60,000. Now let's talk about how we can agree on other issues. I am expecting a company car",Offer,Leased Car,With leased car
87,test,35,Employer,"We are in agreement, you have your car.",Accept,Leased Car,With leased car
88,test,0,Candidate,Hello. I would like to discuss the issues of my contract.,Greet,,True
88,test,1,Candidate,"I am expecting a salary of 120,000",Offer,Salary,"120,000 USD"
88,test,2,Employer,"I will offer you a salary of 90,000.",Offer,Salary,"90,000 USD"
88,test,3,Candidate,"I agree with a salary of 90,000. I would like to continue and discuss another issue. I want a position of project manager",Accept,Salary,"90,000 USD"
88,test,3,Candidate,"I agree with a salary of 90,000. I would like to continue and discuss another issue. I want a position of project manager",Offer,Job Description,Project Manager
88,test,4,Employer,I think you would be better suited as a programmer.,Offer,Job Description,Programmer
88,test,5,Candidate,I disagree about the job description. I demand a position of project manager,Reject,,
88,test,5,Candidate,I disagree about the job description. I demand a position of project manager,Offer,Job Description,Project Manager
88,test,6,Employer,What about team manager?,Offer,Job Description,Team Manager
88,test,7,Candidate,I accept the job description. Let's discuss another issue. I am willing to have a pension of 20%,Accept,,
88,test,7,Candidate,I accept the job description. Let's discuss another issue. I am willing to have a pension of 20%,Offer,Pension Fund,20%
88,test,8,Employer,How about 10%,Offer,Pension Fund,10%
88,test,9,Candidate,I agree with the offer about the pension fund. I would like to move on. I am willing to have a workday of 8 hours,Accept,,
88,test,9,Candidate,I agree with the offer about the pension fund. I would like to move on. I am willing to have a workday of 8 hours,Offer,Working Hours,8 hours
88,test,10,Employer,We need people that can work 10 hours.,Offer,Working Hours,10 hours
88,test,11,Candidate,I refuse 10 hours. I want a workday of 8 hours,Reject,Working Hours,10 hours
88,test,11,Candidate,I refuse 10 hours. I want a workday of 8 hours,Offer,Working Hours,8 hours
88,test,12,Employer,Is 9 hours better?,Offer,Working Hours,9 hours
88,test,13,Candidate,I refuse 9 hours. I want a workday of 8 hours,Reject,Working Hours,9 hours
88,test,13,Candidate,I refuse 9 hours. I want a workday of 8 hours,Offer,Working Hours,8 hours
88,test,14,Employer,9 hours is the lowest I can go.,Offer,Working Hours,9 hours
88,test,15,Candidate,I agree. Now let's talk about how we can agree on other issues. I am willing to have a company car,Accept,,True
88,test,15,Candidate,I agree. Now let's talk about how we can agree on other issues. I am willing to have a company car,Offer,Leased Car,With leased car
88,test,16,Candidate,I am expecting a company car,Offer,Leased Car,With leased car
88,test,17,Employer,I need you without a leased car.,Offer,Leased Car,Without leased car
88,test,18,Candidate,I refuse. I demand a company car,Reject,,True
88,test,18,Candidate,I refuse. I demand a company car,Offer,Leased Car,With leased car
88,test,19,Employer,I refuse. You can't have a company car.,Reject,Leased Car,With leased car
88,test,20,Candidate,"I would like no agreement on leased car. But I must change our previous agreement. I want a salary of 90,000, I demand a position of team manager, I want a pension of 10% and I would like a workday of 8 hours",Offer,Leased Car,No agreement
88,test,20,Candidate,"I would like no agreement on leased car. But I must change our previous agreement. I want a salary of 90,000, I demand a position of team manager, I want a pension of 10% and I would like a workday of 8 hours",Offer,Salary,"90,000 USD"
88,test,20,Candidate,"I would like no agreement on leased car. But I must change our previous agreement. I want a salary of 90,000, I demand a position of team manager, I want a pension of 10% and I would like a workday of 8 hours",Offer,Job Description,Team Manager
88,test,20,Candidate,"I would like no agreement on leased car. But I must change our previous agreement. I want a salary of 90,000, I demand a position of team manager, I want a pension of 10% and I would like a workday of 8 hours",Offer,Pension Fund,10%
88,test,20,Candidate,"I would like no agreement on leased car. But I must change our previous agreement. I want a salary of 90,000, I demand a position of team manager, I want a pension of 10% and I would like a workday of 8 hours",Offer,Working Hours,8 hours
88,test,21,Employer,"I can give you a company car, but you need to have a 9 hour workday.",Offer,Leased Car,With leased car
88,test,21,Employer,"I can give you a company car, but you need to have a 9 hour workday.",Offer,Working Hours,9 hours
88,test,22,Candidate,I agree. Let's proceed to another issue. I demand a fast promotion track,Accept,,True
88,test,22,Candidate,I agree. Let's proceed to another issue. I demand a fast promotion track,Offer,Promotion Possibilities,Fast promotion track
88,test,23,Employer,I agree.,Accept,,True
88,test,24,Candidate,I'm happy that you accept. We can sign the agreement now.,Other,,
89,test,0,Candidate,Hello. I would like to discuss the issues of my contract.,Greet,,True
89,test,1,Candidate,I want a position of project manager,Offer,Job Description,Project Manager
89,test,2,Employer,hello :),Greet,,True
89,test,3,Employer,"ok, how many working hours ?",Query,Offer,Working Hours
89,test,4,Candidate,I am willing to have a workday of 8 hours,Offer,Working Hours,8 hours
89,test,5,Employer,what kind of promotion possibilities?,Query,Offer,Promotion Possibilities
89,test,6,Candidate,I am expecting a fast promotion track,Offer,Promotion Possibilities,Fast promotion track
89,test,7,Employer,are you a real person?,Other,,
89,test,8,Employer,what kind of pension fund?,Query,Offer,Pension Fund
89,test,9,Candidate,I want a pension of 20%,Offer,Pension Fund,20%
89,test,10,Employer,what about a leased car?,Query,Offer,Leased Car
89,test,11,Candidate,I am willing to have a company car,Offer,Leased Car,With leased car
89,test,12,Employer,"Ok, what about salary",Query,Offer,Salary
89,test,13,Candidate,"I am willing to have a salary of 120,000",Offer,Salary,"120,000 USD"
89,test,14,Employer,no.,Reject,,True
89,test,15,Candidate,"I would like a salary of 90,000",Offer,Salary,"90,000 USD"
9,train,0,Candidate,Hello. I would like to discuss the issues of my contract.,Greet,,True
9,train,1,Candidate,"I demand a salary of 120,000",Offer,Salary,"120,000 USD"
9,train,2,Employer,hello,Greet,,True
9,train,3,Employer,"i offer you 60,000",Offer,Salary,"60,000 USD"
9,train,4,Candidate,I agree with the offer about the salary. I would like to continue and discuss another issue. I want a position of project manager,Accept,,
9,train,4,Candidate,I agree with the offer about the salary. I would like to continue and discuss another issue. I want a position of project manager,Offer,Job Description,Project Manager
9,train,5,Employer,how about a position of team manager,Offer,Job Description,Team Manager
9,train,6,Candidate,I disagree about a position of team manager. I am willing to have a position of project manager,Reject,Job Description,Team Manager
9,train,6,Candidate,I disagree about a position of team manager. I am willing to have a position of project manager,Offer,Job Description,Project Manager
9,train,7,Employer,"of i will offer you project manager, but with no pension fund",Offer,Job Description,Project Manager
9,train,7,Employer,"of i will offer you project manager, but with no pension fund",Offer,Pension Fund,0%
9,train,8,Candidate,I reject the previous offer,Reject,,True
9,train,9,Employer,10% then,Offer,Pension Fund,10%
9,train,10,Candidate,I refuse 10%. I am willing to have a pension of 20%,Reject,Pension Fund,10%
9,train,10,Candidate,I refuse 10%. I am willing to have a pension of 20%,Offer,Pension Fund,20%
9,train,11,Employer,that will work for me,Accept,,True
9,train,12,Candidate,I'm happy that you accept,Other,,
9,train,13,Candidate,I demand a position of project manager,Offer,Job Description,Project Manager
9,train,14,Candidate,I would like a position of project manager,Offer,Job Description,Project Manager
9,train,15,Employer,project manager and slow promotion track good for you?,Offer,Job Description,Project Manager
9,train,15,Employer,project manager and slow promotion track good for you?,Offer,Promotion Possibilities,Slow promotion track
9,train,16,Candidate,I accept the previous offer. I would like to move on. I want a workday of 8 hours,Accept,,True
9,train,16,Candidate,I accept the previous offer. I would like to move on. I want a workday of 8 hours,Offer,Working Hours,8 hours
9,train,17,Employer,8 hours works for me.,Accept,Working Hours,8 hours
9,train,18,Candidate,I'm happy that you accept,Other,,
9,train,19,Candidate,I am willing to have a company car,Offer,Leased Car,With leased car
9,train,20,Employer,ok i will incude a company car in your agreement.,Accept,Leased Car,With leased car
9,train,21,Candidate,I'm happy that you accept. We can sign the agreement now.,Other,,
9,train,22,Employer,let's do it,Other,,
90,test,0,Candidate,Hello. I would like to discuss the issues of my contract.,Greet,,True
90,test,1,Candidate,I am willing to have a position of project manager,Offer,Job Description,Project Manager
90,test,2,Employer,"Here's an offer, take a look. ",Other,,
90,test,3,Employer,I'd like you to be a programmer,Offer,Job Description,Programmer
90,test,4,Candidate,"I accept programmer position. Now let's talk about how we can agree on other issues. I would like a salary of 120,000",Accept,Job Description,Programmer
90,test,4,Candidate,"I accept programmer position. Now let's talk about how we can agree on other issues. I would like a salary of 120,000",Offer,Salary,"120,000 USD"
90,test,5,Employer,i can't pay that much,Reject,,
90,test,6,Candidate,"I am willing to have a salary of 90,000. But I must change our previous agreement. I would like a position of project manager",Offer,Salary,"90,000 USD"
90,test,6,Candidate,"I am willing to have a salary of 90,000. But I must change our previous agreement. I would like a position of project manager",Offer,Job Description,Project Manager
90,test,7,Employer,"I am offering 60,000",Offer,Salary,"60,000 USD"
90,test,8,Candidate,"I reject 60,000. I would like a salary of 120,000",Reject,Salary,"60,000 USD"
90,test,8,Candidate,"I reject 60,000. I would like a salary of 120,000",Offer,Salary,"120,000 USD"
90,test,9,Employer,i'll give you 60K,Offer,Salary,"60,000 USD"
90,test,10,Candidate,"I reject a salary of 60,000. I am expecting a salary of 120,000",Reject,Salary,"60,000 USD"
90,test,10,Candidate,"I reject a salary of 60,000. I am expecting a salary of 120,000",Offer,Salary,"120,000 USD"
90,test,11,Employer,i can do 90K and thats my final offer,Offer,Salary,"90,000 USD"
90,test,12,Candidate,"I reject 90,000. I want a salary of 120,000",Reject,Salary,"90,000 USD"
90,test,12,Candidate,"I reject 90,000. I want a salary of 120,000",Offer,Salary,"120,000 USD"
90,test,13,Employer,i'll give you 120K but you must work 10 hours and have 10% pension,Offer,Pension Fund,10%
90,test,13,Employer,i'll give you 120K but you must work 10 hours and have 10% pension,Offer,Salary,"120,000 USD"
90,test,13,Employer,i'll give you 120K but you must work 10 hours and have 10% pension,Offer,Working Hours,10 hours
90,test,14,Candidate,I disagree with the offer,Reject,,True
90,test,15,Employer,what do you offer,Query,,
90,test,16,Candidate,I am sorry I cannot come up with the offer right now?,Other,,
90,test,17,Candidate,What are you willing to offer?,Query,,
90,test,18,Employer,"90K, 10 hours",Offer,Salary,"90,000 USD"
90,test,18,Employer,"90K, 10 hours",Offer,Working Hours,10 hours
90,test,19,Candidate,"I refuse. I am expecting a workday of 8 hours and I would like a salary of 120,000",Reject,,True
90,test,19,Candidate,"I refuse. I am expecting a workday of 8 hours and I would like a salary of 120,000",Offer,Working Hours,8 hours
90,test,19,Candidate,"I refuse. I am expecting a workday of 8 hours and I would like a salary of 120,000",Offer,Salary,"120,000 USD"
90,test,20,Employer,i can do 9 hours and 90k,Offer,Salary,"90,000 USD"
90,test,20,Employer,i can do 9 hours and 90k,Offer,Working Hours,9 hours
90,test,21,Candidate,"I disagree. I would like a workday of 8 hours and I am willing to have a salary of 120,000",Reject,,True
90,test,21,Candidate,"I disagree. I would like a workday of 8 hours and I am willing to have a salary of 120,000",Offer,Working Hours,8 hours
90,test,21,Candidate,"I disagree. I would like a workday of 8 hours and I am willing to have a salary of 120,000",Offer,Salary,"120,000 USD"
90,test,22,Employer,i cant go that low,Reject,,True
90,test,23,Candidate,"I want a salary of 90,000. But I must change our previous agreement. I am expecting a position of project manager",Offer,Salary,"90,000 USD"
90,test,23,Candidate,"I want a salary of 90,000. But I must change our previous agreement. I am expecting a position of project manager",Offer,Job Description,Project Manager
90,test,24,Employer,i'll give you fast promotion if you stay with programmer and take the 90K,Offer,Job Description,Programmer
90,test,24,Employer,i'll give you fast promotion if you stay with programmer and take the 90K,Offer,Promotion Possibilities,Fast promotion track
90,test,24,Employer,i'll give you fast promotion if you stay with programmer and take the 90K,Offer,Salary,"90,000 USD"
90,test,25,Candidate,I agree with the offer. Now let's talk about how we can agree on other issues. I am expecting a company car,Accept,,True
90,test,25,Candidate,I agree with the offer. Now let's talk about how we can agree on other issues. I am expecting a company car,Offer,Leased Car,With leased car
90,test,26,Employer,i'm sure you will increase your salary soon with the fast promotion track,Other,,
90,test,27,Employer,"i am offering without leased car, 10% pension, working 10 hours",Offer,Leased Car,Without leased car
90,test,27,Employer,"i am offering without leased car, 10% pension, working 10 hours",Offer,Pension Fund,10%
90,test,27,Employer,"i am offering without leased car, 10% pension, working 10 hours",Offer,Working Hours,10 hours
90,test,28,Candidate,"I refuse. I want a workday of 8 hours, I want a company car and I want a pension of 20%",Reject,,True
90,test,28,Candidate,"I refuse. I want a workday of 8 hours, I want a company car and I want a pension of 20%",Offer,Working Hours,8 hours
90,test,28,Candidate,"I refuse. I want a workday of 8 hours, I want a company car and I want a pension of 20%",Offer,Leased Car,With leased car
90,test,28,Candidate,"I refuse. I want a workday of 8 hours, I want a company car and I want a pension of 20%",Offer,Pension Fund,20%
90,test,29,Candidate,"Sorry, I changed my preferences",Other,,
90,test,30,Candidate,I am expecting a company car,Offer,Leased Car,With leased car
90,test,31,Employer,"i will give you the car if you work 10 hours and i will also do 20% pension, final offer",Offer,Leased Car,With leased car
90,test,31,Employer,"i will give you the car if you work 10 hours and i will also do 20% pension, final offer",Offer,Pension Fund,20%
90,test,31,Employer,"i will give you the car if you work 10 hours and i will also do 20% pension, final offer",Offer,Working Hours,10 hours
90,test,32,Candidate,I reject the previous offer,Reject,,True
90,test,33,Candidate,What do you have to offer?,Query,,
90,test,34,Employer,"you can have the car, but i must have 10 hours",Offer,Leased Car,With leased car
90,test,34,Employer,"you can have the car, but i must have 10 hours",Offer,Working Hours,10 hours
90,test,35,Candidate,I reject the previous offer. I want a workday of 8 hours and I am willing to have no agreement on leased car,Reject,,True
90,test,35,Candidate,I reject the previous offer. I want a workday of 8 hours and I am willing to have no agreement on leased car,Offer,Working Hours,8 hours
90,test,35,Candidate,I reject the previous offer. I want a workday of 8 hours and I am willing to have no agreement on leased car,Offer,Leased Car,No agreement
90,test,36,Employer,"i can go down to 9 hours, 9 hours, NO car, 10% pension",Offer,Leased Car,Without leased car
90,test,36,Employer,"i can go down to 9 hours, 9 hours, NO car, 10% pension",Offer,Pension Fund,10%
90,test,36,Employer,"i can go down to 9 hours, 9 hours, NO car, 10% pension",Offer,Working Hours,9 hours
90,test,37,Candidate,"I disagree with the offer. I am willing to have a workday of 8 hours, I am willing to have a company car and I am willing to have a pension of 20%",Reject,,True
90,test,37,Candidate,"I disagree with the offer. I am willing to have a workday of 8 hours, I am willing to have a company car and I am willing to have a pension of 20%",Offer,Working Hours,8 hours
90,test,37,Candidate,"I disagree with the offer. I am willing to have a workday of 8 hours, I am willing to have a company car and I am willing to have a pension of 20%",Offer,Leased Car,With leased car
90,test,37,Candidate,"I disagree with the offer. I am willing to have a workday of 8 hours, I am willing to have a company car and I am willing to have a pension of 20%",Offer,Pension Fund,20%
90,test,38,Employer,"yes, you'd like that, but it doesn't work for me",Reject,,True
90,test,39,Candidate,I am expecting no agreement on leased car,Offer,Leased Car,No agreement
90,test,40,Employer,"10 hours, company car, 20% pension",Offer,Leased Car,With leased car
90,test,40,Employer,"10 hours, company car, 20% pension",Offer,Pension Fund,20%
90,test,40,Employer,"10 hours, company car, 20% pension",Offer,Working Hours,10 hours
90,test,41,Candidate,"I refuse. I want a workday of 8 hours, I am willing to have no agreement on leased car and I am expecting a pension of 10%",Reject,,True
90,test,41,Candidate,"I refuse. I want a workday of 8 hours, I am willing to have no agreement on leased car and I am expecting a pension of 10%",Offer,Working Hours,8 hours
90,test,41,Candidate,"I refuse. I want a workday of 8 hours, I am willing to have no agreement on leased car and I am expecting a pension of 10%",Offer,Leased Car,No agreement
90,test,41,Candidate,"I refuse. I want a workday of 8 hours, I am willing to have no agreement on leased car and I am expecting a pension of 10%",Offer,Pension Fund,10%
90,test,42,Employer,what would you agree to for 10 hours?,Other,,
90,test,43,Candidate,I would like no agreement on leased car,Offer,Leased Car,No agreement
90,test,44,Employer,deal,Accept,,True
90,test,45,Candidate,It's great that you agree,Other,,
90,test,46,Candidate,I would like a workday of 8 hours,Offer,Working Hours,8 hours
90,test,47,Employer,"10 hours, no agreement on car",Offer,Leased Car,No agreement
90,test,47,Employer,"10 hours, no agreement on car",Offer,Working Hours,10 hours
90,test,48,Candidate,I disagree with the offer. I am expecting a workday of 8 hours and I want a company car,Reject,,True
90,test,48,Candidate,I disagree with the offer. I am expecting a workday of 8 hours and I want a company car,Offer,Working Hours,8 hours
90,test,48,Candidate,I disagree with the offer. I am expecting a workday of 8 hours and I want a company car,Offer,Leased Car,With leased car
90,test,49,Employer,"9 hours, no carm 10% pension",Offer,Leased Car,Without leased car
90,test,49,Employer,"9 hours, no carm 10% pension",Offer,Pension Fund,10%
90,test,49,Employer,"9 hours, no carm 10% pension",Offer,Working Hours,9 hours
90,test,50,Candidate,"I disagree with the offer. I am expecting a workday of 8 hours, I would like a company car and I want a pension of 20%",Reject,,True
90,test,50,Candidate,"I disagree with the offer. I am expecting a workday of 8 hours, I would like a company car and I want a pension of 20%",Offer,Working Hours,8 hours
90,test,50,Candidate,"I disagree with the offer. I am expecting a workday of 8 hours, I would like a company car and I want a pension of 20%",Offer,Leased Car,With leased car
90,test,50,Candidate,"I disagree with the offer. I am expecting a workday of 8 hours, I would like a company car and I want a pension of 20%",Offer,Pension Fund,20%
90,test,51,Employer,"10 hours, Team manager position, with car, 20% pension, fast promotion, 90K",Offer,Job Description,Team Manager
90,test,51,Employer,"10 hours, Team manager position, with car, 20% pension, fast promotion, 90K",Offer,Leased Car,With leased car
90,test,51,Employer,"10 hours, Team manager position, with car, 20% pension, fast promotion, 90K",Offer,Pension Fund,20%
90,test,51,Employer,"10 hours, Team manager position, with car, 20% pension, fast promotion, 90K",Offer,Promotion Possibilities,Fast promotion track
90,test,51,Employer,"10 hours, Team manager position, with car, 20% pension, fast promotion, 90K",Offer,Salary,"90,000 USD"
90,test,51,Employer,"10 hours, Team manager position, with car, 20% pension, fast promotion, 90K",Offer,Working Hours,10 hours
90,test,52,Candidate,I disagree with the offer,Reject,,True
90,test,53,Employer,how about that?,Other,,
90,test,54,Employer,"9 hours, programmer, 90K, 20% pension, with car, fast promotion",Offer,Job Description,Programmer
90,test,54,Employer,"9 hours, programmer, 90K, 20% pension, with car, fast promotion",Offer,Pension Fund,20%
90,test,54,Employer,"9 hours, programmer, 90K, 20% pension, with car, fast promotion",Offer,Promotion Possibilities,Fast promotion track
90,test,54,Employer,"9 hours, programmer, 90K, 20% pension, with car, fast promotion",Offer,Salary,"90,000 USD"
90,test,54,Employer,"9 hours, programmer, 90K, 20% pension, with car, fast promotion",Offer,Working Hours,9 hours
90,test,55,Candidate,I accept the previous offer,Accept,,True
91,test,0,Candidate,Hello. I would like to discuss the issues of my contract.,Greet,,True
91,test,1,Candidate,I am willing to have a position of project manager,Offer,Job Description,Project Manager
91,test,2,Employer,"Hello,  would you take 60000 a year ?",Greet,,True
91,test,2,Employer,"Hello,  would you take 60000 a year ?",Offer,Salary,"60,000 USD"
91,test,3,Candidate,"I agree with a salary of 60,000. I would like to continue and discuss another issue. I want a position of project manager",Accept,Salary,"60,000 USD"
91,test,3,Candidate,"I agree with a salary of 60,000. I would like to continue and discuss another issue. I want a position of project manager",Offer,Job Description,Project Manager
91,test,4,Employer,"How about team manager, we have a project manager in place.",Offer,Job Description,Team Manager
91,test,4,Employer,"How about team manager, we have a project manager in place.",Reject,Job Description,Project Manager
91,test,5,Candidate,I disagree about a position of team manager. I am expecting a position of project manager,Reject,Job Description,Team Manager
91,test,5,Candidate,I disagree about a position of team manager. I am expecting a position of project manager,Offer,Job Description,Project Manager
91,test,6,Employer,"yeh that's all we have, you can always start off as team manager and when project manager opens you can apply then",Offer,Job Description,Team Manager
91,test,6,Employer,"yeh that's all we have, you can always start off as team manager and when project manager opens you can apply then",Reject,Job Description,Project Manager
91,test,7,Candidate,I refuse team manager position. I would like a position of project manager,Reject,Job Description,Team Manager
91,test,7,Candidate,I refuse team manager position. I would like a position of project manager,Offer,Job Description,Project Manager
91,test,8,Employer,ok if you did take that it would have to be without a leased car,Offer,Leased Car,Without leased car
91,test,9,Candidate,I disagree about no company car. I want a company car,Reject,Leased Car,Without leased car
91,test,9,Candidate,I disagree about no company car. I want a company car,Offer,Leased Car,With leased car
91,test,10,Employer,you will have to work 10 hours a day if I meet all your demands,Offer,Working Hours,10 hours
91,test,11,Candidate,I disagree about a workday of 10 hours. I am willing to have a workday of 8 hours,Reject,Working Hours,10 hours
91,test,11,Candidate,I disagree about a workday of 10 hours. I am willing to have a workday of 8 hours,Offer,Working Hours,8 hours
91,test,12,Candidate,"Sorry, I changed my preferences",Other,,
91,test,13,Candidate,I want a position of project manager,Offer,Job Description,Project Manager
91,test,14,Employer,you just have all types of demands don't you,Query,,
91,test,15,Candidate,I am expecting a position of project manager,Offer,Job Description,Project Manager
91,test,16,Employer,sign the agreement your lucky I like you !,Other,,
91,test,17,Employer,"you have ambition,  I like that  !!",Query,,
91,test,18,Candidate,I would like a position of project manager,Offer,Job Description,Project Manager
92,test,0,Candidate,Hello. I would like to discuss the issues of my contract.,Greet,,True
92,test,1,Candidate,I would like a position of project manager,Offer,Job Description,Project Manager
92,test,2,Employer,okay what salary are you looking for?,Query,Offer,Salary
92,test,3,Candidate,"I want a salary of 120,000",Offer,Salary,"120,000 USD"
92,test,4,Employer,hmm.. are you flexible?,Other,,
92,test,5,Candidate,"I am willing to have a salary of 90,000",Offer,Salary,"90,000 USD"
92,test,6,Candidate,"I am willing to have a salary of 90,000",Offer,Salary,"90,000 USD"
92,test,7,Employer,"Okay 90 is doable however, I would want you to be the Team Manager, how does that sound?",Accept,Salary,"90,000 USD"
92,test,7,Employer,"Okay 90 is doable however, I would want you to be the Team Manager, how does that sound?",Offer,Job Description,Team Manager
92,test,8,Candidate,I accept the previous offer. Now let's talk about how we can agree on other issues. I am willing to have a company car,Accept,,True
92,test,8,Candidate,I accept the previous offer. Now let's talk about how we can agree on other issues. I am willing to have a company car,Offer,Leased Car,With leased car
92,test,9,Employer,I would be willing to provide a car if you can work 10 hours a day,Offer,Leased Car,With leased car
92,test,9,Employer,I would be willing to provide a car if you can work 10 hours a day,Offer,Working Hours,10 hours
92,test,10,Candidate,I disagree with the offer,Reject,,True
92,test,11,Employer,okay how about 9 hours?,Offer,Working Hours,9 hours
92,test,12,Candidate,I refuse 9 hours,Reject,Working Hours,9 hours
92,test,13,Candidate,What are you willing to offer?,Query,,
92,test,14,Employer,You can work 8 hours but no company car. Let's move on to pension shall we?,Offer,Leased Car,Without leased car
92,test,14,Employer,You can work 8 hours but no company car. Let's move on to pension shall we?,Offer,Working Hours,8 hours
92,test,14,Employer,You can work 8 hours but no company car. Let's move on to pension shall we?,Query,Offer,Pension Fund
92,test,15,Candidate,I refuse,Reject,,True
92,test,16,Employer,okay then what is your counter offer?,Query,,
92,test,17,Candidate,I am sorry I cannot come up with the offer right now?,Other,,
92,test,18,Candidate,What are you willing to offer?,Query,,
92,test,19,Employer,My offer for the pension fund is 20% and I can place you on the fast promotion track,Offer,Pension Fund,20%
92,test,19,Employer,My offer for the pension fund is 20% and I can place you on the fast promotion track,Offer,Promotion Possibilities,Fast promotion track
92,test,20,Candidate,I agree. Now let's talk about how we can agree on other issues. I want a company car,Accept,,True
92,test,20,Candidate,I agree. Now let's talk about how we can agree on other issues. I want a company car,Offer,Leased Car,With leased car
92,test,21,Employer,I want a minimum of 9 hours for a car. If you want to work less then you can buy your own car.,Offer,Leased Car,With leased car
92,test,21,Employer,I want a minimum of 9 hours for a car. If you want to work less then you can buy your own car.,Offer,Working Hours,9 hours
92,test,22,Candidate,I agree,Accept,,True
93,test,0,Candidate,Hello. I would like to discuss the issues of my contract.,Greet,,True
93,test,1,Candidate,I am expecting a position of project manager,Offer,Job Description,Project Manager
93,test,2,Candidate,I want a position of project manager,Offer,Job Description,Project Manager
93,test,3,Candidate,I want a position of project manager,Offer,Job Description,Project Manager
93,test,4,Candidate,I would like a position of project manager,Offer,Job Description,Project Manager
93,test,5,Candidate,I want a position of project manager,Offer,Job Description,Project Manager
93,test,6,Employer,Can you work 10 hours a day? That's what we need.,Offer,Working Hours,10 hours
93,test,7,Candidate,I accept a workday of 10 hours. I would like to continue and discuss another issue. I am willing to have a position of project manager,Accept,Working Hours,10 hours
93,test,7,Candidate,I accept a workday of 10 hours. I would like to continue and discuss another issue. I am willing to have a position of project manager,Offer,Job Description,Project Manager
93,test,8,Employer,Project Manager is accepted,Accept,Job Description,Project Manager
93,test,9,Candidate,I'm happy that you accept the project manager,Other,,
93,test,10,Candidate,"I want a salary of 120,000",Offer,Salary,"120,000 USD"
93,test,11,Employer," I can do 60,000",Offer,Salary,"60,000 USD"
93,test,12,Candidate,"I accept a salary of 60,000. Let's discuss another issue. I am willing to have a pension of 20%",Accept,Salary,"60,000 USD"
93,test,12,Candidate,"I accept a salary of 60,000. Let's discuss another issue. I am willing to have a pension of 20%",Offer,Pension Fund,20%
93,test,13,Candidate,I demand a pension of 20%,Offer,Pension Fund,20%
93,test,14,Employer,Demands eh?  I don't like demands,Other,,
93,test,15,Candidate,I want a pension of 10%,Offer,Pension Fund,10%
93,test,16,Employer,10% pension is accepted,Accept,Pension Fund,10%
93,test,17,Candidate,It's good to reach an agreement on 10%,Other,,
93,test,18,Candidate,I am willing to have a fast promotion track,Offer,Promotion Possibilities,Fast promotion track
93,test,19,Employer,Fast Promotion is accepted. ,Accept,Promotion Possibilities,Fast promotion track
93,test,20,Candidate,I'm happy that you accept the fast promotion track,Other,,
93,test,21,Candidate,I am willing to have a company car,Offer,Leased Car,With leased car
93,test,22,Employer,Not many people get company cars I'm afraid.,Reject,Leased Car,With leased car
93,test,23,Candidate,I would like a company car,Offer,Leased Car,With leased car
93,test,24,Employer,Wish I could,Reject,,True
93,test,25,Candidate,I want no agreement on leased car,Offer,Leased Car,No agreement
93,test,26,Employer,Accept no agreement on leased car.,Accept,Leased Car,No agreement
93,test,27,Candidate,It's good to reach an agreement on no agreement,Other,,
94,test,0,Candidate,Hello. I would like to discuss the issues of my contract.,Greet,,True
94,test,1,Candidate,I want a position of project manager,Offer,Job Description,Project Manager
94,test,2,Candidate,I am expecting a position of project manager,Offer,Job Description,Project Manager
94,test,3,Employer,"Hello, we can discuss this. ",Greet,,True
94,test,4,Candidate,I would like a position of project manager,Offer,Job Description,Project Manager
94,test,5,Candidate,I want a position of project manager,Offer,Job Description,Project Manager
94,test,6,Employer,"The salary is 60,000",Offer,Salary,"60,000 USD"
94,test,7,Candidate,I agree with the offer. I would like to continue and discuss another issue. I am willing to have a position of project manager,Accept,,True
94,test,7,Candidate,I agree with the offer. I would like to continue and discuss another issue. I am willing to have a position of project manager,Offer,Job Description,Project Manager
94,test,8,Employer,Without a leased car.,Offer,Leased Car,Without leased car
94,test,9,Candidate,I refuse. I demand a company car,Reject,,True
94,test,9,Candidate,I refuse. I demand a company car,Offer,Leased Car,With leased car
94,test,10,Employer,you got it,Accept,,True
94,test,11,Candidate,It's great that you agree,Other,,
94,test,12,Candidate,I want a position of project manager,Offer,Job Description,Project Manager
94,test,13,Employer,10 % on the pension fund,Offer,Pension Fund,10%
94,test,14,Candidate,I reject the previous offer. I want a pension of 20%,Reject,,True
94,test,14,Candidate,I reject the previous offer. I want a pension of 20%,Offer,Pension Fund,20%
94,test,15,Employer,ok,Accept,,True
94,test,16,Candidate,It's good to reach an agreement on this,Other,,
94,test,17,Candidate,I am willing to have a position of project manager,Offer,Job Description,Project Manager
94,test,18,Employer,Fast promotion track ,Offer,Promotion Possibilities,Fast promotion track
94,test,19,Candidate,I accept a fast promotion track. I would like to continue and discuss another issue. I want a position of project manager,Accept,Promotion Possibilities,Fast promotion track
94,test,19,Candidate,I accept a fast promotion track. I would like to continue and discuss another issue. I want a position of project manager,Offer,Job Description,Project Manager
94,test,20,Employer,10  hours a day,Offer,Working Hours,10 hours
94,test,21,Candidate,I refuse. I demand a workday of 8 hours,Reject,,True
94,test,21,Candidate,I refuse. I demand a workday of 8 hours,Offer,Working Hours,8 hours
94,test,22,Employer,8 hours a day then,Accept,Working Hours,8 hours
94,test,23,Candidate,It's great that we agreed on 8 hours,Other,,
94,test,24,Candidate,I am expecting a position of project manager,Offer,Job Description,Project Manager
95,test,0,Candidate,Hello. I would like to discuss the issues of my contract.,Greet,,True
95,test,1,Candidate,"I demand a salary of 120,000",Offer,Salary,"120,000 USD"
95,test,2,Employer,Hello!,Greet,,True
95,test,3,Employer,"I am not sure I could do 120,000 right now, but I could work with you to make up for it in another area.",Reject,Salary,"120,000 USD"
95,test,4,Candidate,"I am expecting a salary of 120,000",Offer,Salary,"120,000 USD"
95,test,5,Candidate,"I am expecting a salary of 120,000",Offer,Salary,"120,000 USD"
95,test,6,Employer,"Well, I could offer you 90,000 and a 10% pension fund.",Offer,Pension Fund,10%
95,test,6,Employer,"Well, I could offer you 90,000 and a 10% pension fund.",Offer,Salary,"90,000 USD"
95,test,7,Candidate,I accept the previous offer. I would like to continue and discuss another issue. I demand a position of project manager,Accept,,True
95,test,7,Candidate,I accept the previous offer. I would like to continue and discuss another issue. I demand a position of project manager,Offer,Job Description,Project Manager
95,test,8,Candidate,I am expecting a position of project manager,Offer,Job Description,Project Manager
95,test,9,Candidate,I want a position of project manager,Offer,Job Description,Project Manager
95,test,10,Employer,I really don't have much need for a project manager at the moment.,Reject,Job Description,Project Manager
95,test,11,Candidate,I want a position of project manager,Offer,Job Description,Project Manager
95,test,12,Employer,"However, I could put you on as a Programmer and get you hooked up on the fast track to promtion.",Offer,Job Description,Programmer
95,test,12,Employer,"However, I could put you on as a Programmer and get you hooked up on the fast track to promtion.",Offer,Promotion Possibilities,Fast promotion track
95,test,13,Candidate,I disagree with the offer,Reject,,True
95,test,14,Candidate,What are you willing to offer?,Query,,
95,test,15,Employer,"With a good work ethic and a short time, I could see you working up to Project Manager and a much higher salary pretty quickly.",Other,,
95,test,16,Candidate,I want a position of project manager,Offer,Job Description,Project Manager
95,test,17,Candidate,I would like a position of project manager,Offer,Job Description,Project Manager
95,test,18,Employer,"As project manager, I would need you working 10 hour days, and you would be on the slow track to promotion.",Offer,Job Description,Project Manager
95,test,18,Employer,"As project manager, I would need you working 10 hour days, and you would be on the slow track to promotion.",Offer,Promotion Possibilities,Slow promotion track
95,test,18,Employer,"As project manager, I would need you working 10 hour days, and you would be on the slow track to promotion.",Offer,Working Hours,10 hours
95,test,19,Candidate,"I reject the previous offer. I am expecting a workday of 8 hours, I want a position of team manager and I am expecting a fast promotion track",Reject,,True
95,test,19,Candidate,"I reject the previous offer. I am expecting a workday of 8 hours, I want a position of team manager and I am expecting a fast promotion track",Offer,Working Hours,8 hours
95,test,19,Candidate,"I reject the previous offer. I am expecting a workday of 8 hours, I want a position of team manager and I am expecting a fast promotion track",Offer,Job Description,Team Manager
95,test,19,Candidate,"I reject the previous offer. I am expecting a workday of 8 hours, I want a position of team manager and I am expecting a fast promotion track",Offer,Promotion Possibilities,Fast promotion track
95,test,20,Candidate,"Sorry, I changed my preferences",Other,,
95,test,21,Candidate,I would like a position of project manager,Offer,Job Description,Project Manager
95,test,22,Employer,"I could do team manager, but that would require 9 hour days.",Offer,Job Description,Team Manager
95,test,22,Employer,"I could do team manager, but that would require 9 hour days.",Offer,Working Hours,9 hours
95,test,23,Candidate,I agree with the offer. Now let's talk about how we can agree on other issues. I want a company car,Accept,,True
95,test,23,Candidate,I agree with the offer. Now let's talk about how we can agree on other issues. I want a company car,Offer,Leased Car,With leased car
95,test,24,Candidate,I want a company car,Offer,Leased Car,With leased car
95,test,25,Candidate,I would like a company car,Offer,Leased Car,With leased car
95,test,26,Employer,"I could offer you a company car, but that would put you back on the slow track to promotion.",Offer,Leased Car,With leased car
95,test,26,Employer,"I could offer you a company car, but that would put you back on the slow track to promotion.",Offer,Promotion Possibilities,Slow promotion track
96,test,0,Candidate,Hello. I would like to discuss the issues of my contract.,Greet,,True
96,test,1,Candidate,I am willing to have a position of project manager,Offer,Job Description,Project Manager
96,test,2,Employer,hello,Greet,,True
96,test,3,Employer,lets discuss your desired salary,Query,Offer,Salary
96,test,4,Candidate,"I demand a salary of 120,000",Offer,Salary,"120,000 USD"
96,test,5,Candidate,"I want a salary of 120,000",Offer,Salary,"120,000 USD"
96,test,6,Employer,"i cant do 120,000. i was thinking more like 90,000",Reject,Salary,"120,000 USD"
96,test,6,Employer,"i cant do 120,000. i was thinking more like 90,000",Offer,Salary,"90,000 USD"
96,test,7,Candidate,"I agree with a salary of 90,000. I would like to continue and discuss another issue. I demand a position of project manager",Accept,Salary,"90,000 USD"
96,test,7,Candidate,"I agree with a salary of 90,000. I would like to continue and discuss another issue. I demand a position of project manager",Offer,Job Description,Project Manager
96,test,8,Employer,current i can not do that,Reject,,True
96,test,9,Candidate,"I am expecting a position of programmer. But I must change our previous agreement. I demand a salary of 120,000",Offer,Job Description,Programmer
96,test,9,Candidate,"I am expecting a position of programmer. But I must change our previous agreement. I demand a salary of 120,000",Offer,Salary,"120,000 USD"
96,test,10,Employer,the best i could do is programmer,Offer,Job Description,Programmer
96,test,11,Candidate,I reject programmer position. I want a position of project manager,Reject,Job Description,Programmer
96,test,11,Candidate,I reject programmer position. I want a position of project manager,Offer,Job Description,Project Manager
96,test,12,Employer,"i could offer you the team manager position at 90,000",Offer,Job Description,Team Manager
96,test,12,Employer,"i could offer you the team manager position at 90,000",Offer,Salary,"90,000 USD"
96,test,13,Candidate,I agree with the offer. Now let's talk about how we can agree on other issues. I would like a company car,Accept,,True
96,test,13,Candidate,I agree with the offer. Now let's talk about how we can agree on other issues. I would like a company car,Offer,Leased Car,With leased car
96,test,14,Employer,i can not offer a company vechile at the moment but maybe in the future,Offer,Leased Car,Without leased car
96,test,15,Candidate,I refuse no company car,Reject,Leased Car,Without leased car
96,test,16,Employer,there is nothing i could do about the matter at this moment,Other,,
96,test,17,Candidate,I am willing to have a company car,Offer,Leased Car,With leased car
96,test,18,Employer,lets go back to that later,Other,,
96,test,19,Employer,how does a 10% pension fund sound?,Offer,Pension Fund,10%
96,test,20,Candidate,I accept a pension of 10%. Now let's talk about how we can agree on other issues. I want a company car,Accept,Pension Fund,10%
96,test,20,Candidate,I accept a pension of 10%. Now let's talk about how we can agree on other issues. I want a company car,Offer,Leased Car,With leased car
96,test,21,Candidate,I am willing to have a company car,Offer,Leased Car,With leased car
96,test,22,Employer,if you agree to 10 working hours i will agree to a a leased car,Offer,Leased Car,With leased car
96,test,22,Employer,if you agree to 10 working hours i will agree to a a leased car,Offer,Working Hours,10 hours
96,test,23,Candidate,I refuse,Reject,,True
96,test,24,Employer,9 hours and a leased car,Offer,Leased Car,With leased car
96,test,24,Employer,9 hours and a leased car,Offer,Working Hours,9 hours
96,test,25,Employer,best offer,Other,,
96,test,26,Candidate,I refuse,Reject,,True
96,test,27,Employer,no agreement on the car then,Offer,Leased Car,No agreement
96,test,28,Candidate,I agree with no agreement on leased car. Let's proceed to another issue. I want a fast promotion track,Accept,Leased Car,No agreement
96,test,28,Candidate,I agree with no agreement on leased car. Let's proceed to another issue. I want a fast promotion track,Offer,Promotion Possibilities,Fast promotion track
96,test,29,Employer,how many working hours would you be willing to do,Query,Offer,Working Hours
96,test,30,Candidate,I would like a workday of 8 hours,Offer,Working Hours,8 hours
96,test,31,Employer,how about a 9 hours work day and fast promotion,Offer,Promotion Possibilities,Fast promotion track
96,test,31,Employer,how about a 9 hours work day and fast promotion,Offer,Working Hours,9 hours
96,test,32,Candidate,I refuse,Reject,,True
96,test,33,Employer,slow promotion track,Offer,Promotion Possibilities,Slow promotion track
96,test,34,Candidate,I reject a slow promotion track. I want a fast promotion track,Reject,Promotion Possibilities,Slow promotion track
96,test,34,Candidate,I reject a slow promotion track. I want a fast promotion track,Offer,Promotion Possibilities,Fast promotion track
96,test,35,Employer,i agree to the fast promotion track,Accept,Promotion Possibilities,Fast promotion track
96,test,36,Candidate,It's great that we agreed on fast promotion track,Other,,
96,test,37,Candidate,I demand a workday of 8 hours,Offer,Working Hours,8 hours
96,test,38,Employer,i agree to the 8 hours,Accept,Working Hours,8 hours
96,test,39,Candidate,I'm happy that you accept. We can sign the agreement now. Please pick the values in the agreement draft and press Sign.,Other,,
97,test,0,Candidate,Hello. I would like to discuss the issues of my contract.,Greet,,True
97,test,1,Candidate,"I would like a salary of 120,000",Offer,Salary,"120,000 USD"
97,test,2,Employer,"I propose a salary of 60,000",Offer,Salary,"60,000 USD"
97,test,3,Candidate,I agree with the offer. I would like to continue and discuss another issue. I am expecting a position of project manager,Accept,,True
97,test,3,Candidate,I agree with the offer. I would like to continue and discuss another issue. I am expecting a position of project manager,Offer,Job Description,Project Manager
97,test,4,Employer,I think Team manager would be better for us,Offer,Job Description,Team Manager
97,test,5,Candidate,I accept the previous offer. Let's discuss another issue. I am expecting a pension of 20%,Accept,,True
97,test,5,Candidate,I accept the previous offer. Let's discuss another issue. I am expecting a pension of 20%,Offer,Pension Fund,20%
97,test,6,Employer,I agree with the pension of 20%,Accept,Pension Fund,20%
97,test,7,Candidate,I'm happy that you accept,Other,,
97,test,8,Candidate,I want a workday of 8 hours,Offer,Working Hours,8 hours
97,test,9,Employer,We expect our new employees to put in 9 hours,Offer,Working Hours,9 hours
97,test,10,Candidate,I disagree. I am expecting a workday of 8 hours,Reject,,True
97,test,10,Candidate,I disagree. I am expecting a workday of 8 hours,Offer,Working Hours,8 hours
97,test,11,Employer,Agreed to 8,Accept,Working Hours,8 hours
97,test,12,Candidate,I'm happy that you accept,Other,,
97,test,13,Candidate,I demand a company car,Offer,Leased Car,With leased car
97,test,14,Employer,No company car,Reject,Leased Car,With leased car
97,test,15,Candidate,I am expecting a company car,Offer,Leased Car,With leased car
97,test,16,Employer,I'm sorry but it is not in the budget.,Reject,,True
97,test,17,Candidate,I am expecting a company car,Offer,Leased Car,With leased car
97,test,18,Employer,"The car is off the table, let's move onto promotion possibilities",Reject,Leased Car,With leased car
97,test,18,Employer,"The car is off the table, let's move onto promotion possibilities",Query,Offer,Promotion Possibilities
97,test,19,Candidate,I am willing to have a fast promotion track,Offer,Promotion Possibilities,Fast promotion track
97,test,20,Employer,Agreed,Accept,,True
97,test,21,Candidate,It's great that you agree,Other,,
97,test,22,Candidate,I am expecting a company car,Offer,Leased Car,With leased car
97,test,23,Employer,Agreed,Accept,,True
97,test,24,Candidate,I'm happy that you accept. We can sign the agreement now.,Other,,
98,test,0,Candidate,Hello. I would like to discuss the issues of my contract.,Greet,,True
98,test,1,Candidate,I would like a position of project manager,Offer,Job Description,Project Manager
98,test,2,Employer,iam looking to hire a programmer,Offer,Job Description,Programmer
98,test,3,Candidate,"I agree with a position of programmer. Now let's talk about how we can agree on other issues. I want a salary of 120,000",Accept,Job Description,Programmer
98,test,3,Candidate,"I agree with a position of programmer. Now let's talk about how we can agree on other issues. I want a salary of 120,000",Offer,Salary,"120,000 USD"
98,test,4,Employer,i can only offer 60000,Offer,Salary,"60,000 USD"
98,test,5,Candidate,"I refuse 60,000. I am expecting a salary of 120,000",Reject,Salary,"60,000 USD"
98,test,5,Candidate,"I refuse 60,000. I am expecting a salary of 120,000",Offer,Salary,"120,000 USD"
98,test,6,Employer,i cant pay that much,Reject,,
98,test,7,Candidate,"I would like a salary of 90,000. But I must change our previous agreement. I want a position of project manager",Offer,Salary,"90,000 USD"
98,test,7,Candidate,"I would like a salary of 90,000. But I must change our previous agreement. I want a position of project manager",Offer,Job Description,Project Manager
98,test,8,Employer,ill give 90000 to start,Offer,Salary,"90,000 USD"
98,test,9,Candidate,"I reject 90,000. I want a salary of 120,000",Reject,Salary,"90,000 USD"
98,test,9,Candidate,"I reject 90,000. I want a salary of 120,000",Offer,Salary,"120,000 USD"
98,test,10,Candidate,"I am willing to have a salary of 120,000",Offer,Salary,"120,000 USD"
98,test,11,Employer,ill will go as high as 90000 and that will be my final offer,Offer,Salary,"90,000 USD"
98,test,12,Candidate,"I accept 90,000. Now let's talk about how we can agree on other issues. I would like a company car",Accept,Salary,"90,000 USD"
98,test,12,Candidate,"I accept 90,000. Now let's talk about how we can agree on other issues. I would like a company car",Offer,Leased Car,With leased car
98,test,13,Candidate,I want a company car,Offer,Leased Car,With leased car
98,test,14,Candidate,I would like a company car,Offer,Leased Car,With leased car
98,test,15,Candidate,I am willing to have a company car,Offer,Leased Car,With leased car
98,test,16,Employer,ok ill give you a car,Accept,Leased Car,With leased car
98,test,17,Candidate,It's great that we agreed on with leased car,Other,,
98,test,18,Candidate,I want a fast promotion track,Offer,Promotion Possibilities,Fast promotion track
98,test,19,Employer,i agree on that ok,Accept,,True
98,test,20,Candidate,It's good to reach an agreement on this,Other,,
98,test,21,Candidate,I want a workday of 8 hours,Offer,Working Hours,8 hours
98,test,22,Employer,but i want 10 hours a day,Offer,Working Hours,10 hours
98,test,23,Candidate,I reject a workday of 10 hours. I want a workday of 8 hours,Reject,Working Hours,10 hours
98,test,23,Candidate,I reject a workday of 10 hours. I want a workday of 8 hours,Offer,Working Hours,8 hours
98,test,24,Employer,"it has to be 10 if you want it , that is what all are programmers work",Offer,Working Hours,10 hours
98,test,25,Candidate,I reject 10 hours. I want a workday of 8 hours,Reject,Working Hours,10 hours
98,test,25,Candidate,I reject 10 hours. I want a workday of 8 hours,Offer,Working Hours,8 hours
98,test,26,Employer,i can offer you a work day of 9 then,Offer,Working Hours,9 hours
98,test,27,Candidate,I reject a workday of 9 hours. I would like a workday of 8 hours,Reject,Working Hours,9 hours
98,test,27,Candidate,I reject a workday of 9 hours. I would like a workday of 8 hours,Offer,Working Hours,8 hours
98,test,28,Employer,final offer,Other,,
98,test,29,Candidate,I am willing to have a workday of 8 hours,Offer,Working Hours,8 hours
98,test,30,Employer,i cant do it it has to be 9 hours,Reject,,True
98,test,30,Employer,i cant do it it has to be 9 hours,Offer,Working Hours,9 hours
98,test,31,Candidate,I agree with a workday of 9 hours. Let's discuss another issue. I am willing to have a pension of 20%,Accept,Working Hours,9 hours
98,test,31,Candidate,I agree with a workday of 9 hours. Let's discuss another issue. I am willing to have a pension of 20%,Offer,Pension Fund,20%
98,test,32,Employer,i agree ok we can do that,Accept,,True
98,test,33,Candidate,I'm happy that you accept. We can sign the agreement now. Please pick the values in the agreement draft and press Sign.,Other,,
99,test,0,Candidate,Hello. I would like to discuss the issues of my contract.,Greet,,True
99,test,1,Candidate,I want a position of project manager,Offer,Job Description,Project Manager
99,test,2,Employer,I want a programmer,Offer,Job Description,Programmer
99,test,3,Candidate,"I accept programmer position. Now let's talk about how we can agree on other issues. I want a salary of 120,000",Accept,Job Description,Programmer
99,test,3,Candidate,"I accept programmer position. Now let's talk about how we can agree on other issues. I want a salary of 120,000",Offer,Salary,"120,000 USD"
99,test,4,Employer,no way!,Reject,,True
99,test,5,Candidate,"I am willing to have a salary of 90,000. But I must change our previous agreement. I want a position of project manager",Offer,Salary,"90,000 USD"
99,test,5,Candidate,"I am willing to have a salary of 90,000. But I must change our previous agreement. I want a position of project manager",Offer,Job Description,Project Manager
99,test,6,Candidate,"Sorry, I changed my preferences",Other,,
99,test,7,Candidate,"I am expecting a salary of 120,000",Offer,Salary,"120,000 USD"
99,test,8,Employer,"You should be happy I'm offering you anything at all! You will be a programmer, and will be paid 60,000 USD, and will be happy about it!",Offer,Job Description,Programmer
99,test,8,Employer,"You should be happy I'm offering you anything at all! You will be a programmer, and will be paid 60,000 USD, and will be happy about it!",Offer,Salary,"60,000 USD"
99,test,9,Candidate,"I reject the previous offer. I am willing to have a salary of 120,000 and I would like a position of project manager",Reject,,True
99,test,9,Candidate,"I reject the previous offer. I am willing to have a salary of 120,000 and I would like a position of project manager",Offer,Salary,"120,000 USD"
99,test,9,Candidate,"I reject the previous offer. I am willing to have a salary of 120,000 and I would like a position of project manager",Offer,Job Description,Project Manager
99,test,10,Employer,That's my last offer!!,Reject,,True
99,test,11,Candidate,"I am expecting a salary of 90,000",Offer,Salary,"90,000 USD"
99,test,12,Employer,you can live in the street if you want to,Other,,
99,test,13,Employer,you can expect whatever you want,Reject,,True
99,test,14,Candidate,What do you have to offer?,Query,,
99,test,15,Employer,I expect you to accept my offer or leave my office!,Other,,
99,test,16,Candidate,"I want a salary of 120,000",Offer,Salary,"120,000 USD"
99,test,17,Employer,"60,000$ and programmer!",Offer,Job Description,Programmer
99,test,17,Employer,"60,000$ and programmer!",Offer,Salary,"60,000 USD"
99,test,18,Candidate,"I reject the previous offer. I want a salary of 120,000 and I am expecting a position of project manager",Reject,,True
99,test,18,Candidate,"I reject the previous offer. I want a salary of 120,000 and I am expecting a position of project manager",Offer,Salary,"120,000 USD"
99,test,18,Candidate,"I reject the previous offer. I want a salary of 120,000 and I am expecting a position of project manager",Offer,Job Description,Project Manager
99,test,19,Employer,I reject your life!,Reject,,True
99,test,20,Candidate,"I am expecting a salary of 90,000",Offer,Salary,"90,000 USD"
99,test,21,Employer,You will never find a job in this town!,Other,,
99,test,22,Employer,let's talk about working hours,Query,Offer,Working Hours
99,test,23,Candidate,I am expecting a workday of 8 hours,Offer,Working Hours,8 hours
99,test,24,Employer,you will work 10 hours,Offer,Working Hours,10 hours
99,test,25,Candidate,I reject a workday of 10 hours. I would like a workday of 8 hours,Reject,Working Hours,10 hours
99,test,25,Candidate,I reject a workday of 10 hours. I would like a workday of 8 hours,Offer,Working Hours,8 hours
99,test,26,Employer,I offer you a 10% pension fund,Offer,Pension Fund,10%
99,test,27,Candidate,I accept a pension of 10%. I would like to move on. I am willing to have a workday of 8 hours,Accept,Pension Fund,10%
99,test,27,Candidate,I accept a pension of 10%. I would like to move on. I am willing to have a workday of 8 hours,Offer,Working Hours,8 hours
99,test,28,Employer,and 10 hours,Offer,Working Hours,10 hours
99,test,29,Employer,and programmer,Offer,Job Description,Programmer
99,test,30,Candidate,I agree with a position of programmer. I would like to move on. I am willing to have a workday of 8 hours,Accept,Job Description,Programmer
99,test,30,Candidate,I agree with a position of programmer. I would like to move on. I am willing to have a workday of 8 hours,Offer,Working Hours,8 hours
99,test,31,Employer,9 hours,Offer,Working Hours,9 hours
99,test,32,Candidate,I reject 9 hours. I want a workday of 8 hours,Reject,Working Hours,9 hours
99,test,32,Candidate,I reject 9 hours. I want a workday of 8 hours,Offer,Working Hours,8 hours
99,test,33,Employer,I reject,Reject,,True
99,test,34,Candidate,I would like a workday of 9 hours. But I must change our previous agreement. I would like a pension of 20%,Offer,Working Hours,9 hours
99,test,34,Candidate,I would like a workday of 9 hours. But I must change our previous agreement. I would like a pension of 20%,Offer,Pension Fund,20%
99,test,35,Employer,So no car for you,Offer,Leased Car,Without leased car
99,test,36,Candidate,I reject no company car. I am willing to have a company car,Reject,Leased Car,Without leased car
99,test,36,Candidate,I reject no company car. I am willing to have a company car,Offer,Leased Car,With leased car
99,test,37,Employer,let's sum this: you're a programmer,Offer,Job Description,Programmer
99,test,38,Employer,you work 9 hours,Offer,Working Hours,9 hours
99,test,39,Candidate,I reject 9 hours. I am expecting a workday of 8 hours,Reject,Working Hours,9 hours
99,test,39,Candidate,I reject 9 hours. I am expecting a workday of 8 hours,Offer,Working Hours,8 hours
99,test,40,Candidate,I reject a workday of 9 hours. I am willing to have a workday of 8 hours,Reject,Working Hours,9 hours
99,test,40,Candidate,I reject a workday of 9 hours. I am willing to have a workday of 8 hours,Offer,Working Hours,8 hours
99,test,41,Employer,you have a salary of 60K,Offer,Salary,"60,000 USD"
99,test,42,Candidate,"I reject 60,000. I am expecting a salary of 120,000",Reject,Salary,"60,000 USD"
99,test,42,Candidate,"I reject 60,000. I am expecting a salary of 120,000",Offer,Salary,"120,000 USD"
99,test,43,Employer,Man...,Reject,,True
99,test,44,Candidate,"I am willing to have a salary of 90,000. But I must change our previous agreement. I would like a pension of 10% and I would like a position of project manager",Offer,Salary,"90,000 USD"
99,test,44,Candidate,"I am willing to have a salary of 90,000. But I must change our previous agreement. I would like a pension of 10% and I would like a position of project manager",Offer,Pension Fund,10%
99,test,44,Candidate,"I am willing to have a salary of 90,000. But I must change our previous agreement. I would like a pension of 10% and I would like a position of project manager",Offer,Job Description,Project Manager
99,test,45,Employer,60K,Offer,Salary,"60,000 USD"
99,test,46,Candidate,"I refuse 60,000. I want a salary of 120,000",Reject,Salary,"60,000 USD"
99,test,46,Candidate,"I refuse 60,000. I want a salary of 120,000",Offer,Salary,"120,000 USD"
99,test,47,Employer,60K,Offer,Salary,"60,000 USD"
99,test,48,Candidate,"I reject a salary of 60,000. I am willing to have a salary of 120,000",Reject,Salary,"60,000 USD"
99,test,48,Candidate,"I reject a salary of 60,000. I am willing to have a salary of 120,000",Offer,Salary,"120,000 USD"
99,test,49,Employer,60K and car,Offer,Leased Car,With leased car
99,test,49,Employer,60K and car,Offer,Salary,"60,000 USD"
99,test,50,Candidate,I refuse,Reject,,True
99,test,51,Employer,90k and no car,Offer,Leased Car,Without leased car
99,test,51,Employer,90k and no car,Offer,Salary,"90,000 USD"
99,test,52,Candidate,"I disagree. I am willing to have a salary of 120,000 and I am willing to have a company car",Reject,,True
99,test,52,Candidate,"I disagree. I am willing to have a salary of 120,000 and I am willing to have a company car",Offer,Salary,"120,000 USD"
99,test,52,Candidate,"I disagree. I am willing to have a salary of 120,000 and I am willing to have a company car",Offer,Leased Car,With leased car
99,test,53,Employer,I disagree,Reject,,True
99,test,54,Candidate,I am expecting a pension of 10%,Offer,Pension Fund,10%
99,test,55,Employer,ok!,Accept,,True
99,test,56,Candidate,It's great that you agree,Other,,
99,test,57,Candidate,"I would like a salary of 120,000",Offer,Salary,"120,000 USD"
99,test,58,Employer,90k,Offer,Salary,"90,000 USD"
99,test,59,Candidate,"I disagree about a salary of 90,000. I am expecting a salary of 120,000",Reject,Salary,"90,000 USD"
99,test,59,Candidate,"I disagree about a salary of 90,000. I am expecting a salary of 120,000",Offer,Salary,"120,000 USD"
99,test,60,Employer,90k,Offer,Salary,"90,000 USD"
99,test,61,Candidate,"I reject 90,000. I am willing to have a salary of 120,000",Reject,Salary,"90,000 USD"
99,test,61,Candidate,"I reject 90,000. I am willing to have a salary of 120,000",Offer,Salary,"120,000 USD"
99,test,62,Employer,90k,Offer,Salary,"90,000 USD"
99,test,63,Candidate,"I accept a salary of 90,000. Now let's talk about how we can agree on other issues. I want a company car",Accept,Salary,"90,000 USD"
99,test,63,Candidate,"I accept a salary of 90,000. Now let's talk about how we can agree on other issues. I want a company car",Offer,Leased Car,With leased car
99,test,64,Employer,no company car,Offer,Leased Car,Without leased car
99,test,65,Candidate,I agree with no company car. Let's proceed to another issue. I am willing to have a fast promotion track,Accept,Leased Car,Without leased car
99,test,65,Candidate,I agree with no company car. Let's proceed to another issue. I am willing to have a fast promotion track,Offer,Promotion Possibilities,Fast promotion track
99,test,66,Employer,"ok, but only if you work 10 hours",Accept,,True
99,test,66,Employer,"ok, but only if you work 10 hours",Offer,Working Hours,10 hours
99,test,67,Candidate,I disagree about a workday of 10 hours,Reject,Working Hours,10 hours
99,test,68,Employer,10 hours,Offer,Working Hours,10 hours
99,test,69,Candidate,I reject a workday of 10 hours,Reject,Working Hours,10 hours
99,test,70,Employer,or no fast track for you,Offer,Promotion Possibilities,Slow promotion track
99,test,71,Candidate,I refuse a slow promotion track,Reject,Promotion Possibilities,Slow promotion track
99,test,72,Employer,9!,Offer,Working Hours,9 hours
99,test,73,Candidate,I disagree about a workday of 9 hours,Reject,Working Hours,9 hours
99,test,74,Employer,9,Offer,Working Hours,9 hours
99,test,75,Candidate,I refuse 9 hours,Reject,Working Hours,9 hours
99,test,76,Employer,10,Offer,Working Hours,10 hours
99,test,77,Candidate,I disagree about a workday of 10 hours,Reject,Working Hours,10 hours
99,test,78,Employer,8,Offer,Working Hours,8 hours
99,test,79,Candidate,I reject 8 hours,Reject,Working Hours,8 hours
99,test,80,Employer,10 hours,Offer,Working Hours,10 hours
99,test,81,Candidate,I reject 10 hours. I would like a workday of 8 hours,Reject,Working Hours,10 hours
99,test,81,Candidate,I reject 10 hours. I would like a workday of 8 hours,Offer,Working Hours,8 hours
99,test,82,Employer,ok,Accept,,True
99,test,83,Candidate,I'm happy that you accept,Other,,
99,test,84,Candidate,I would like a fast promotion track,Offer,Promotion Possibilities,Fast promotion track
99,test,85,Employer,ok,Accept,,True
99,test,86,Candidate,I'm happy that you accept. We can sign the agreement now. Please pick the values in the agreement draft and press Sign.,Other,,
