dialogue_id,turn,speaker,text,act,issue,value,decision,is_seed
78,0,Candidate,I want a position of project manager,Offer,Job Description,Project Manager,seed,True
78,1,Employer,"MESSAGE: We currently don't have any open positions for a project manager, but we do have a role available as an operations manager that could be a good fit. It comes with similar responsibilities and a slightly lower salary.
ACT: Offer
ISSUE: Job Description
VALUE: Operations Manager
DECISION: continue",Offer,Job Description,Operations Manager,continue,False
78,2,Candidate,"MESSAGE: While I appreciate the consideration, I'm not sure the operations manager role aligns with my career goals. I'd like to discuss other possibilities that might better fit what I bring to the table.
ACT: Query
ISSUE: Job Description
VALUE: None
DECISION: continue",Query,Job Description,,continue,False
78,3,Employer,"MESSAGE: We understand your concerns, and we're willing to explore other options. However, we do have a role in our development team that might be of interest. It's not exactly a project manager position, but it does involve some leadership responsibilities and could be a good stepping stone for your career.
ACT: Offer
ISSUE: Job Description
VALUE: Development Team Lead
DECISION: continue",Offer,Job Description,Development Team Lead,continue,False
78,4,Candidate,"MESSAGE: I'm intrigued by the development team lead role. Can you tell me more about it? What specific responsibilities would I have, and what's the expected impact on the team?
ACT: Query
ISSUE: Job Description
VALUE: None
DECISION: continue",Query,Job Description,,continue,False
78,5,Employer,"MESSAGE: As the development team lead, you would be responsible for overseeing the development process, ensuring timely delivery of projects, and mentoring junior developers. You would also collaborate with our product management team to identify and prioritize project tasks.
ACT: Offer
ISSUE: Job Description
VALUE: Development Team Lead
DECISION: continue",Offer,Job Description,Development Team Lead,continue,False
78,6,Candidate,"MESSAGE: While I appreciate the details on the development team lead role, I'm concerned about the lack of a traditional project management focus. Can we explore any adjustments to the job description or responsibilities that would make it more appealing to me?
ACT: Query
ISSUE: Job Description
VALUE: None
DECISION: continue",Query,Job Description,,continue,False
78,7,Employer,"MESSAGE: We're willing to revisit the job description and see if there's a way to incorporate some project management elements into the role. However, we can't compromise on the salary level.
ACT: Offer
ISSUE: Job Description
VALUE: Development Team Lead (with adjustments)
DECISION: continue",Offer,Job Description,Development Team Lead (with adjustments),continue,False
78,8,Candidate,"MESSAGE: I appreciate your willingness to revisit the job description and incorporate some project management elements. If you're willing to make some adjustments, I'd be open to discussing a revised salary level that takes into account my skills and experience in this area.
ACT: Offer
ISSUE: Salary
VALUE: None (open to negotiation)
DECISION: continue",Offer,Salary,None (open to negotiation),continue,False
78,9,Employer,"MESSAGE: We're happy to revisit the salary discussion if we can find common ground. Based on our previous conversations, I'd propose a starting salary of $110,000.
ACT: Offer
ISSUE: Salary
VALUE: $110,000
DECISION: continue",Offer,Salary,"$110,000",continue,False
78,10,Candidate,"MESSAGE: That's an attractive offer, but I think my experience and skills in project management warrant a higher salary. Considering the adjustments to the job description, I'd propose a starting salary of $120,000.
ACT: Offer
ISSUE: Salary
VALUE: $120,000
DECISION: continue",Offer,Salary,"$120,000",continue,False
78,11,Employer,"MESSAGE: We understand your value in project management and are willing to consider a higher salary. However, we're limited by our budget constraints. Would you be open to discussing a performance-based bonus structure that would provide an opportunity for additional compensation based on your achievements?
ACT: Offer
ISSUE: Salary
VALUE: Performance-Based Bonus Structure
DECISION: continue",Offer,Salary,Performance-Based Bonus Structure,continue,False
78,12,Candidate,"MESSAGE: I'm intrigued by the idea of a performance-based bonus structure. It's a unique approach, and I think it could be a good way to align our goals and incentives. However, I'd like to know more about how this would work in practice. What kind of targets or metrics would we use to determine the bonus?
ACT: Query
ISSUE: Bonus Structure
VALUE: None
DECISION: continue",Query,Bonus Structure,,continue,False
78,13,Employer,"MESSAGE: We're glad you're open to the idea of a performance-based bonus structure. To answer your question, we'd propose setting specific key performance indicators (KPIs) that align with the company's goals and objectives. These could include metrics such as project completion rates, team productivity, and customer satisfaction ratings.
ACT: Offer
ISSUE: Bonus Structure
VALUE: Key Performance Indicators (KPIs)
DECISION: continue",Offer,Bonus Structure,Key Performance Indicators (KPIs),continue,False
78,14,Candidate,"MESSAGE: That sounds like a fair approach. I'd like to know more about what specific targets or metrics would be used to determine the bonus, and how it would impact my overall compensation package.
ACT: Query
ISSUE: Bonus Structure
VALUE: None
DECISION: continue",Query,Bonus Structure,,continue,False
78,15,Employer,"MESSAGE: Given your enthusiasm for the performance-based bonus structure, I'd propose a 5% bonus based on meeting or exceeding the KPIs we've discussed. This would be in addition to the starting salary of $110,000.
ACT: Offer
ISSUE: Bonus Structure
VALUE: 5% Performance-Based Bonus
DECISION: continue",Offer,Bonus Structure,5% Performance-Based Bonus,continue,False
78,16,Candidate,"MESSAGE: I'm pleased with the direction this conversation is taking. However, I'm still concerned about the overall compensation package. Considering my experience and qualifications, I think a 5% bonus is a good start, but I'd like to see a more substantial adjustment to the starting salary. Would it be possible to revisit the starting salary figure of $120,000 or consider a salary range that reflects my value to the organization?
ACT: Offer
ISSUE: Salary
VALUE: Salary Range
DECISION: continue",Offer,Salary,Salary Range,continue,False
78,17,Employer,"MESSAGE: We understand your concerns about the overall compensation package. While we're still within our budget constraints, we're willing to revisit the starting salary figure. However, we can't go all the way back to $120,000. Instead, we'd propose a midpoint of $115,000.
ACT: Offer
ISSUE: Salary
VALUE: $115,000 Starting Salary
DECISION: continue",Offer,Salary,"$115,000 Starting Salary",continue,False
78,18,Candidate,"MESSAGE: While I appreciate your willingness to revisit the starting salary figure, I'm still not convinced that $115,000 is sufficient considering my experience and qualifications. Would it be possible to consider a midpoint closer to $117,500, which would bring us more in line with industry standards?
ACT: Offer
ISSUE: Salary
VALUE: $117,500 Starting Salary
DECISION: continue",Offer,Salary,"$117,500 Starting Salary",continue,False
78,19,Employer,"MESSAGE: We're open to revisiting the starting salary figure again. After considering your concerns and our budget constraints, we'd propose a midpoint of $116,000.
ACT: Offer
ISSUE: Salary
VALUE: $116,000 Starting Salary
DECISION: continue",Offer,Salary,"$116,000 Starting Salary",continue,False
78,20,Candidate,"MESSAGE: That's a more reasonable offer. I'm willing to compromise on the starting salary figure if we can come to a mutually agreeable solution.
ACT: Accept
ISSUE: Salary
VALUE: $116,000 Starting Salary
DECISION: accept",Accept,Salary,"$116,000 Starting Salary",accept,False
17,0,Candidate,"I demand a salary of 120,000",Offer,Salary,"120,000 USD",seed,True
17,1,Employer,"MESSAGE: That's higher than our typical starting salary for this position. However, considering your skills and experience, we can offer you 90,000.
ACT: Offer
ISSUE: Salary
VALUE: 90,000 USD
DECISION: continue",Offer,Salary,"90,000 USD",continue,False
17,2,Candidate,"MESSAGE: I understand that's a competitive offer, but I was really hoping for a salary closer to my market value. Would it be possible to meet in the middle at 105,000?
ACT: Offer
ISSUE: Salary
VALUE: 105,000 USD
DECISION: continue",Offer,Salary,"105,000 USD",continue,False
17,3,Employer,"MESSAGE: We appreciate your enthusiasm and flexibility, but unfortunately, we can't quite match that. Our budget for this role is more restricted than you might think. How about we compromise at 95,000?
ACT: Offer
ISSUE: Salary
VALUE: 95,000 USD
DECISION: continue",Offer,Salary,"95,000 USD",continue,False
17,4,Candidate,"MESSAGE: I appreciate your honesty and willingness to negotiate. However, considering my skills and the value I can bring to the company, I'm still hoping for a salary closer to market rate. Would it be possible to revisit the offer at 100,000?
ACT: Offer
ISSUE: Salary
VALUE: 100,000 USD
DECISION: continue",Offer,Salary,"100,000 USD",continue,False
17,5,Employer,"MESSAGE: We appreciate your persistence and willingness to find common ground. After re-evaluating our budget, we're willing to meet you halfway at 97,500.
ACT: Offer
ISSUE: Salary
VALUE: 97,500 USD
DECISION: continue",Offer,Salary,"97,500 USD",continue,False
17,6,Candidate,"MESSAGE: I appreciate your willingness to meet me halfway, but after careful consideration, I'm still hoping for a salary closer to market rate. Would it be possible to revisit the offer at 102,000?
ACT: Offer
ISSUE: Salary
VALUE: 102,000 USD
DECISION: continue",Offer,Salary,"102,000 USD",continue,False
17,7,Employer,"MESSAGE: We understand your desire to align with market rate, but we're still hesitant to go above our original offer. How about we add a performance-based bonus structure to the package to sweeten the deal?
ACT: Offer
ISSUE: Salary
VALUE: NONE
DECISION: continue",Offer,Salary,,continue,False
17,8,Candidate,"MESSAGE: I'm intrigued by the idea of a performance-based bonus structure, and I'd like to hear more about how it would work. Can you provide some details on what that would entail?
ACT: Query
ISSUE: Salary
VALUE: NONE
DECISION: continue",Query,Salary,,continue,False
17,9,Employer,"MESSAGE: We're glad you're interested in the bonus structure. Essentially, we'd tie a percentage of your annual salary to specific performance metrics, such as meeting project deadlines and exceeding targets. This would give you an opportunity to earn up to 5% more on top of your base salary.
ACT: Offer
ISSUE: Salary
VALUE: NONE
DECISION: continue",Offer,Salary,,continue,False
17,10,Candidate,"MESSAGE: I like the idea of a performance-based bonus structure, and it sounds like a great way to align our goals. However, I'd like to discuss the specifics further to ensure it's achievable and fair. Can you provide more details on what these metrics would be and how they would be measured?
ACT: Query
ISSUE: Salary
VALUE: NONE
DECISION: continue",Query,Salary,,continue,False
17,11,Employer,"MESSAGE: We're happy to provide more details on the performance-based bonus structure. For example, we'd tie 2% of your annual salary to meeting project deadlines, and another 3% to exceeding targets by a certain margin. We believe this would incentivize you to strive for excellence while also providing a sense of security.
ACT: Offer
ISSUE: Salary
VALUE: NONE
DECISION: continue",Offer,Salary,,continue,False
17,12,Candidate,"MESSAGE: While I appreciate the effort to make the offer more attractive, I'm still concerned that the total compensation package is below market rate. Considering the performance-based bonus structure you've outlined, would it be possible to revisit the base salary and consider a higher figure, perhaps 105,000?
ACT: Offer
ISSUE: Salary
VALUE: 105,000 USD
DECISION: continue",Offer,Salary,"105,000 USD",continue,False
17,13,Employer,"MESSAGE: While we appreciate your enthusiasm for the bonus structure, we're still hesitant to go above our original offer. However, considering your willingness to work with us on this proposal, we're willing to revisit the base salary. We can offer a compromise at 102,000 USD.
ACT: Offer
ISSUE: Salary
VALUE: 102,000 USD
DECISION: continue",Offer,Salary,"102,000 USD",continue,False
17,14,Candidate,"MESSAGE: I appreciate your willingness to revisit the base salary, but I'm still a bit short of my desired range. Would it be possible to meet me in the middle at 103,000 USD?
ACT: Offer
ISSUE: Salary
VALUE: 103,000 USD
DECISION: continue",Offer,Salary,"103,000 USD",continue,False
17,15,Employer,"MESSAGE: We've listened to your concerns and are willing to make a compromise. Considering your request, we're prepared to meet you halfway between our original offer and your desired range. We can propose a base salary of 101,500 USD, which is closer to your target.
ACT: Offer
ISSUE: Salary
VALUE: 101,500 USD
DECISION: continue",Offer,Salary,"101,500 USD",continue,False
17,16,Candidate,"MESSAGE: I'm glad we've been able to narrow down the gap. While 101,500 USD is still below my desired range, I appreciate your willingness to meet me halfway. However, considering the performance-based bonus structure and the value it brings, I'd like to make a counteroffer of 102,000 USD.
ACT: Offer
ISSUE: Salary
VALUE: 102,000 USD
DECISION: continue",Offer,Salary,"102,000 USD",continue,False
17,17,Employer,"MESSAGE: We're willing to meet you at 101,500 USD and believe the performance-based bonus structure will still provide a significant incentive for you to excel in your role. Considering our original offer was already competitive, we feel that this compromise is fair and reasonable.
ACT: Offer
ISSUE: Salary
VALUE: 101,500 USD
DECISION: continue",Offer,Salary,"101,500 USD",continue,False
17,18,Candidate,"MESSAGE: I understand where you're coming from, but after considering the total compensation package, I still think 102,000 USD would be a more accurate reflection of my value to the organization. The performance-based bonus structure is attractive, but it's not enough to make up for the base salary being below market rate.
ACT: Offer
ISSUE: Salary
VALUE: 102,000 USD
DECISION: continue",Offer,Salary,"102,000 USD",continue,False
17,19,Employer,"MESSAGE: We appreciate your willingness to consider the total compensation package. However, we're still hesitant to exceed our original offer. Considering the bonus structure and the value it brings, we're willing to revisit the base salary once more. We can propose a compromise at 101,000 USD.
ACT: Offer
ISSUE: Salary
VALUE: 101,000 USD
DECISION: continue",Offer,Salary,"101,000 USD",continue,False
17,20,Candidate,"MESSAGE: I'm glad you're open to revisiting the base salary one more time. Considering your revised offer of 101,000 USD, I'm willing to meet you halfway again and propose a compromise at 100,500 USD.
ACT: Offer
ISSUE: Salary
VALUE: 100,500 USD
DECISION: continue",Offer,Salary,"100,500 USD",continue,False
100,0,Candidate,I would like a position of project manager,Offer,Job Description,Project Manager,seed,True
100,1,Employer,"MESSAGE: Our standard project management role does not include direct supervisory responsibilities, but it comes with a higher salary to compensate for the added complexity and scope.
ACT: Other
ISSUE: Job Description
VALUE: NONE
DECISION: continue",Other,Job Description,,continue,False
100,2,Candidate,"MESSAGE: While I understand the value of having a project manager without supervisory responsibilities, I'm concerned that this role might not offer enough opportunities for growth or professional development.
ACT: Query
ISSUE: Job Development
VALUE: NONE
DECISION: continue",Query,Job Development,,continue,False
100,3,Employer,"MESSAGE: We do recognize the importance of career advancement and provide various training programs and mentorship opportunities to support our employees' growth.
ACT: Offer
ISSUE: Job Development
VALUE: NONE
DECISION: continue",Offer,Job Development,,continue,False
100,4,Candidate,"MESSAGE: I appreciate your commitment to employee development, but I'd like to know more about the specifics of these training programs and mentorship opportunities.
ACT: Query
ISSUE: Job Development
VALUE: NONE
DECISION: continue",Query,Job Development,,continue,False
100,5,Employer,"MESSAGE: We have a variety of training programs in place, including project management certifications, leadership development courses, and soft skill training. Additionally, our employees are encouraged to take ownership of their professional growth by setting goals and seeking out mentors from various departments.
ACT: Offer
ISSUE: Job Development
VALUE: NONE
DECISION: continue",Offer,Job Development,,continue,False
100,6,Candidate,"MESSAGE: I'm glad to hear about the variety of training programs available. However, I'd like to discuss the possibility of a project manager position with direct supervisory responsibilities, as it aligns more closely with my career goals and aspirations.
ACT: Offer
ISSUE: Job Description
VALUE: NONE
DECISION: continue",Offer,Job Description,,continue,False
100,7,Employer,"MESSAGE: We are open to discussing a project management role with direct supervisory responsibilities, but we need to consider the added complexity and scope that comes with it. Are you willing to take on additional responsibilities and manage a team?
ACT: Offer
ISSUE: Job Description
VALUE: NONE
DECISION: continue",Offer,Job Description,,continue,False
100,8,Candidate,"MESSAGE: I understand your concerns about added complexity, but I believe my strong organizational skills and experience would enable me to effectively manage a team. However, I would need to see a clear outline of the responsibilities involved in this role, including the number of direct reports and the level of autonomy.
ACT: Query
ISSUE: Job Description
VALUE: NONE
DECISION: continue",Query,Job Description,,continue,False
100,9,Employer,"MESSAGE: In terms of the project management role with direct supervisory responsibilities, we are looking at a team size of 3-5 members, with a moderate level of autonomy. The manager will be responsible for setting goals and objectives, conducting performance reviews, and ensuring the team meets its targets.
ACT: Offer
ISSUE: Job Description
VALUE: NONE
DECISION: continue",Offer,Job Description,,continue,False
100,10,Candidate,"MESSAGE: I appreciate the clarity on the project management role with direct supervisory responsibilities. However, I'm concerned about the moderate level of autonomy and the responsibility to conduct performance reviews. Could we discuss possible adjustments or flexibility in this aspect?
ACT: Query
ISSUE: Job Description
VALUE: NONE
DECISION: continue",Query,Job Description,,continue,False
100,11,Employer,"MESSAGE: We understand your concerns about autonomy, but we believe our moderate level of autonomy allows for a good balance between guidance and independence. However, we are willing to consider some flexibility in terms of delegating tasks and empowering team members to take ownership of their work.
ACT: Offer
ISSUE: Job Description
VALUE: NONE
DECISION: continue",Offer,Job Description,,continue,False
100,12,Candidate,"MESSAGE: I'm glad to hear that there's willingness to consider flexibility in delegation and empowerment. However, I'd like to discuss the possibility of a flexible performance review process, potentially tied to specific project goals and metrics, rather than traditional annual reviews.
ACT: Offer
ISSUE: Job Description
VALUE: NONE
DECISION: continue",Offer,Job Description,,continue,False
100,13,Employer,"MESSAGE: We're willing to explore alternative performance review processes that align with the project's objectives. Perhaps we can have more frequent check-ins and a flexible evaluation schedule, tied to specific milestones rather than traditional dates.
ACT: Offer
ISSUE: Job Description
VALUE: NONE
DECISION: continue",Offer,Job Description,,continue,False
100,14,Candidate,"MESSAGE: I appreciate your willingness to explore alternative performance review processes. Having a flexible evaluation schedule tied to project milestones sounds like a great approach. However, could we also discuss the possibility of having a mentorship program in place for my professional development and growth within the team?
ACT: Query
ISSUE: Professional Development
VALUE: NONE
DECISION: continue",Query,Professional Development,,continue,False
100,15,Employer,"MESSAGE: We value our employees' growth and development. A mentorship program can be a great way to provide support and guidance. Let's discuss what that would look like in this role. Perhaps we could pair you with an experienced team member or manager who can offer guidance on project management best practices, as well as share their own experiences and insights.
ACT: Offer
ISSUE: Professional Development
VALUE: NONE
DECISION: continue",Offer,Professional Development,,continue,False
100,16,Candidate,"MESSAGE: I'm excited to hear about the possibility of a mentorship program. Having someone experienced in project management to offer guidance and support would be incredibly valuable for my growth and development in this role.
ACT: Accept
ISSUE: Professional Development
VALUE: NONE
DECISION: continue",Accept,Professional Development,,continue,False
9,0,Candidate,"I demand a salary of 120,000",Offer,Salary,"120,000 USD",seed,True
9,1,Employer,"MESSAGE: Our standard starting salary for this position is around 90,000. We're open to negotiations, but we have to consider our company's budget and industry standards.
ACT: Reject
ISSUE: Salary
VALUE: NONE
DECISION: continue",Reject,Salary,,continue,False
9,2,Candidate,"MESSAGE: That's a bit low than what I was expecting. Considering my skills and experience, I think 105,000 would be a more reasonable starting point.
ACT: Offer
ISSUE: Salary
VALUE: 105,000
DECISION: continue",Offer,Salary,"105,000",continue,False
9,3,Employer,"MESSAGE: We understand your concerns, but 105,000 is still above our budget and industry standards. Our previous offer of 90,000 is more in line with what we can realistically provide for this role.
ACT: Reject
ISSUE: Salary
VALUE: 90,000
DECISION: continue",Reject,Salary,"90,000",continue,False
9,4,Candidate,"MESSAGE: I'm willing to compromise on the salary, but I think 100,000 would be a more fair starting point considering my qualifications and industry standards.
ACT: Offer
ISSUE: Salary
VALUE: 100,000
DECISION: continue",Offer,Salary,"100,000",continue,False
9,5,Employer,"MESSAGE: We're willing to meet you halfway on the salary. Our previous offer of 90,000 is still a bit firmer than what we'd like to commit to, but we can consider 95,000.
ACT: Offer
ISSUE: Salary
VALUE: 95,000
DECISION: continue",Offer,Salary,"95,000",continue,False
9,6,Candidate,"MESSAGE: I'm glad you're willing to meet me halfway. Considering your offer of 95,000 and my previous proposal of 100,000, I think we're getting closer. Would it be possible to revisit the benefits package and see if there's any room for flexibility there as well?
ACT: Query
ISSUE: Benefits
VALUE: NONE
DECISION: continue",Query,Benefits,,continue,False
9,7,Employer,"MESSAGE: We've been open to negotiations on salary, and we're willing to revisit the benefits package. Let me check with our HR department to see what options are available.
ACT: Other
ISSUE: Benefits
VALUE: NONE
DECISION: continue",Other,Benefits,,continue,False
9,8,Candidate,"MESSAGE: I appreciate your willingness to revisit the benefits package. Considering the salary is closer, I'd like to focus on the benefits. What kind of flexibility can we expect in terms of additional time off, flexible work arrangements, or other perks?
ACT: Query
ISSUE: Benefits
VALUE: NONE
DECISION: continue",Query,Benefits,,continue,False
9,9,Employer,"MESSAGE: We're looking into it, and our HR department is willing to offer an extra week of vacation time per year for the first two years of employment. Additionally, we can provide a flexible work arrangement that allows you to work from home one day a week.
ACT: Offer
ISSUE: Benefits
VALUE: 1 week of vacation + 1 day/week remote work
DECISION: continue",Offer,Benefits,1 week of vacation + 1 day/week remote work,continue,False
9,10,Candidate,"MESSAGE: That sounds like a good starting point, but I'd like to know if there's any flexibility on the performance-based bonuses you mentioned earlier. Could we discuss those further?
ACT: Query
ISSUE: Performance-based bonuses
VALUE: NONE
DECISION: continue",Query,Performance-based bonuses,,continue,False
9,11,Employer,"MESSAGE: We're willing to revisit the performance-based bonus structure and provide a more transparent formula for how they are calculated. However, we do need to ensure that our overall budget is not compromised.
ACT: Offer
ISSUE: Performance-based bonuses
VALUE: Transparent calculation + budget constraints
DECISION: continue",Offer,Performance-based bonuses,Transparent calculation + budget constraints,continue,False
9,12,Candidate,"MESSAGE: I appreciate your willingness to revisit the performance-based bonus structure and provide a more transparent formula. Considering the benefits package and salary, I'm willing to make one final concession on the performance-based bonuses. Would it be possible to offer a minimum guaranteed bonus of 5% of my annual salary, with the potential for additional bonuses based on company performance?
ACT: Offer
ISSUE: Performance-based bonuses
VALUE: Minimum guaranteed bonus of 5%
DECISION: continue",Offer,Performance-based bonuses,Minimum guaranteed bonus of 5%,continue,False
9,13,Employer,"MESSAGE: We're willing to consider a minimum guaranteed bonus of 5%, but we'd need to ensure that it doesn't create an undue financial burden on the company. Can you work with our finance team to find a mutually beneficial solution?
ACT: Query
ISSUE: Performance-based bonuses
VALUE: NONE
DECISION: continue",Query,Performance-based bonuses,,continue,False
9,14,Candidate,"MESSAGE: I understand your concerns about the guaranteed minimum bonus, and I'm willing to work with your finance team to find a solution that meets both our needs. Can we discuss a possible cap on the guaranteed bonus, so it doesn't exceed a certain percentage of the company's overall budget?
ACT: Offer
ISSUE: Performance-based bonuses
VALUE: Cap on guaranteed minimum bonus
DECISION: continue",Offer,Performance-based bonuses,Cap on guaranteed minimum bonus,continue,False
9,15,Employer,"MESSAGE: After consulting with our finance team, we're willing to cap the guaranteed minimum bonus at 3% of your annual salary. We believe this is a reasonable compromise that meets both our needs.
ACT: Offer
ISSUE: Performance-based bonuses
VALUE: Cap on guaranteed minimum bonus (3%)
DECISION: continue",Offer,Performance-based bonuses,Cap on guaranteed minimum bonus (3%),continue,False
9,16,Candidate,"MESSAGE: I'm pleased to see some progress made on the performance-based bonuses. Considering the cap at 3% of my annual salary, I'm willing to accept this compromise if you're willing to provide a more comprehensive benefits package that includes additional perks like flexible work hours and professional development opportunities.
ACT: Offer
ISSUE: Benefits package
VALUE: Comprehensive benefits package with additional perks
DECISION: continue",Offer,Benefits package,Comprehensive benefits package with additional perks,continue,False
9,17,Employer,"MESSAGE: We're pleased to hear that you're willing to accept the compromise on performance-based bonuses. As for the comprehensive benefits package, we're happy to discuss and provide some additional perks, but we need to ensure that it doesn't impact our overall budget.
ACT: Offer
ISSUE: Benefits package
VALUE: Additional perks without impacting budget
DECISION: continue",Offer,Benefits package,Additional perks without impacting budget,continue,False
9,18,Candidate,"MESSAGE: I'm glad we've made progress on the performance-based bonuses. Considering your willingness to provide additional perks, I'd like to suggest a compromise on the comprehensive benefits package. Would it be possible to offer a hybrid model that includes flexible work hours and professional development opportunities, but with a clear cap on the total value of these perks?
ACT: Offer
ISSUE: Benefits package
VALUE: Hybrid model with capped total value of perks
DECISION: continue",Offer,Benefits package,Hybrid model with capped total value of perks,continue,False
9,19,Employer,"MESSAGE: We're open to exploring your hybrid model idea for the comprehensive benefits package. Can you provide more details on how this would work and what specific perks we could include within the cap?
ACT: Query
ISSUE: Benefits package
VALUE: Hybrid model with capped total value of perks
DECISION: continue",Query,Benefits package,Hybrid model with capped total value of perks,continue,False
9,20,Candidate,"MESSAGE: I'd be happy to provide more details on the hybrid model. We could include flexible work hours, professional development opportunities, and even a wellness program with a budget cap at $5,000 per year. This would allow employees like me to have more control over their work-life balance while also promoting personal growth.
ACT: Offer
ISSUE: Benefits package
VALUE: Hybrid model with capped total value of perks ($5,000)
DECISION: continue",Offer,Benefits package,"Hybrid model with capped total value of perks ($5,000)",continue,False
36,0,Candidate,I want a position of project manager,Offer,Job Description,Project Manager,seed,True
36,1,Employer,"MESSAGE: We have a similar role available, but it's more focused on operations management rather than pure project management. Would you be open to considering that option?
ACT: Query
ISSUE: Job Description
VALUE: Operations Manager
DECISION: continue",Query,Job Description,Operations Manager,continue,False
36,2,Candidate,"MESSAGE: I'd like to understand the key responsibilities and differences between this operations manager role and a traditional project manager position. Can you walk me through that?
ACT: Query
ISSUE: Job Description
VALUE: None
DECISION: continue",Query,Job Description,,continue,False
36,3,Employer,"MESSAGE: Let's start by looking at the core responsibilities of our operations manager role. This individual would be overseeing the day-to-day activities of a specific department, ensuring processes are efficient and streamlined. They would also work closely with other teams to identify areas for improvement and implement changes to maximize productivity.
ACT: Offer
ISSUE: Job Description
VALUE: Operations Manager
DECISION: continue",Offer,Job Description,Operations Manager,continue,False
36,4,Candidate,"MESSAGE: I appreciate the clarity on the operations manager role. It seems like it's more focused on process optimization rather than managing projects from start to finish. Would there be opportunities for me to take on project management responsibilities within this department or would my focus be solely on operations?
ACT: Query
ISSUE: Job Description
VALUE: None
DECISION: continue",Query,Job Description,,continue,False
36,5,Employer,"MESSAGE: That's a great question! While the primary focus of the operations manager role is process optimization, there are opportunities to take on project management responsibilities within that department. In fact, we've seen previous operations managers successfully lead small-scale projects and initiatives, leveraging their knowledge of the department's processes to drive positive change.
ACT: Offer
ISSUE: Job Description
VALUE: Operations Manager with Project Management Opportunities
DECISION: continue",Offer,Job Description,Operations Manager with Project Management Opportunities,continue,False
36,6,Candidate,"MESSAGE: Would I have a dedicated project management budget and resources within this operations manager role, or would those be limited to specific projects and initiatives?
ACT: Query
ISSUE: Job Description
VALUE: None
DECISION: continue",Query,Job Description,,continue,False
36,7,Employer,"MESSAGE: As the operations manager, you would have access to a dedicated project management budget and resources for specific projects and initiatives within your department. However, it's not a blank check; you'd need to justify the costs and demonstrate how they align with the department's goals.
ACT: Offer
ISSUE: Job Description
VALUE: Operations Manager with Project Management Opportunities and Budget
DECISION: continue",Offer,Job Description,Operations Manager with Project Management Opportunities and Budget,continue,False
36,8,Candidate,"MESSAGE: I appreciate the clarification on the project management budget and resources. Considering my background in traditional project management, I'm concerned about the potential impact on my salary given the added responsibilities of operations management.
ACT: Query
ISSUE: Salary
VALUE: None
DECISION: continue",Query,Salary,,continue,False
36,9,Employer,"MESSAGE: Given your background in traditional project management, we're willing to consider a slightly higher salary range for this role. However, we'd need to discuss the specifics and see how they align with our overall compensation package.
ACT: Offer
ISSUE: Salary
VALUE: Slightly Higher Salary Range
DECISION: continue",Offer,Salary,Slightly Higher Salary Range,continue,False
36,10,Candidate,"MESSAGE: I'm glad to hear that you're willing to consider a slightly higher salary range. Could you give me a more specific idea of what that range would look like, and how it compares to the current market rate for an operations manager with project management experience?
ACT: Query
ISSUE: Salary
VALUE: None
DECISION: continue",Query,Salary,,continue,False
36,11,Employer,"MESSAGE: Given your background in traditional project management, we're looking at a salary range of $80,000 to $90,000. This is slightly higher than our typical operations manager salary, but still within the industry norms for someone with your expertise.
ACT: Offer
ISSUE: Salary
VALUE: Slightly Higher Salary Range ($80,000 - $90,000)
DECISION: continue",Offer,Salary,"Slightly Higher Salary Range ($80,000 - $90,000)",continue,False
36,12,Candidate,"MESSAGE: While I appreciate the consideration of a slightly higher salary range, I'm still concerned that it may not fully reflect my value to the organization given my unique blend of project management and operations management skills. Would there be any flexibility to adjust the upper end of the range or consider additional benefits such as a performance-based bonus structure?
ACT: Query
ISSUE: Salary
VALUE: None
DECISION: continue",Query,Salary,,continue,False
36,13,Employer,"MESSAGE: We're open to discussing a possible performance-based bonus structure, but we'd need to establish clear goals and metrics to ensure it's tied to specific achievements. As for the upper end of the salary range, we can revisit that, but I'd like to know more about what you have in mind.
ACT: Offer
ISSUE: Salary
VALUE: Performance-Based Bonus Structure
DECISION: continue",Offer,Salary,Performance-Based Bonus Structure,continue,False
36,14,Candidate,"MESSAGE: Considering your openness to a performance-based bonus structure and the flexibility on the upper end of the salary range, I'd like to propose an alternative that bridges the gap between my expectations and the company's budget. What if we establish a base salary within the current range, and then add a performance-based bonus component with a target value of $5,000 to $10,000?
ACT: Offer
ISSUE: Salary
VALUE: Base Salary + Performance-Based Bonus Component ($5,000 - $10,000)
DECISION: continue",Offer,Salary,"Base Salary + Performance-Based Bonus Component ($5,000 - $10,000)",continue,False
36,15,Employer,"MESSAGE: We're intrigued by your proposal and willing to consider a base salary within our current range of $80,000 to $90,000, along with a performance-based bonus component. However, we'd need to establish clear metrics for the bonus, ensuring it's tied to specific achievements.
ACT: Offer
ISSUE: Salary
VALUE: Base Salary + Performance-Based Bonus Component (Metrics TBA)
DECISION: continue",Offer,Salary,Base Salary + Performance-Based Bonus Component (Metrics TBA),continue,False
36,16,Candidate,"MESSAGE: I'm glad that my proposal has sparked interest. To establish clear metrics for the performance-based bonus, I'd suggest focusing on key performance indicators such as project timelines, budget adherence, and team satisfaction ratings. These metrics would not only incentivize me to deliver results but also align with the company's overall goals.
ACT: Offer
ISSUE: Salary
VALUE: Performance-Based Bonus Metrics (Project Timelines, Budget Adherence, Team Satisfaction Ratings)
DECISION: continue",Offer,Salary,"Performance-Based Bonus Metrics (Project Timelines, Budget Adherence, Team Satisfaction Ratings)",continue,False
36,17,Employer,"MESSAGE: We like your suggestion on metrics for the performance-based bonus. To further refine it, we'd like to add a few more KPIs, such as customer satisfaction ratings and revenue growth. This would provide a comprehensive view of your performance.
ACT: Offer
ISSUE: Salary
VALUE: Performance-Based Bonus Metrics (Project Timelines, Budget Adherence, Team Satisfaction Ratings, Customer Satisfaction Ratings, Revenue Growth)
DECISION: continue",Offer,Salary,"Performance-Based Bonus Metrics (Project Timelines, Budget Adherence, Team Satisfaction Ratings, Customer Satisfaction Ratings, Revenue Growth)",continue,False
36,18,Candidate,"MESSAGE: I appreciate the willingness to add more KPIs to the performance-based bonus metrics. However, I'm concerned that this might make it overly complex and difficult to track. Would it be possible to prioritize the most critical indicators and focus on a smaller set of key metrics?
ACT: Query
ISSUE: Salary
VALUE: None
DECISION: continue",Query,Salary,,continue,False
32,0,Candidate,I am expecting a position of project manager,Offer,Job Description,Project Manager,seed,True
32,1,Employer,"MESSAGE: We can discuss that, but our budget is tight. I can offer a senior analyst role with a strong possibility to move into a project management position in 12 months.
ACT: Offer
ISSUE: Job Description
VALUE: Senior Analyst
DECISION: continue",Offer,Job Description,Senior Analyst,continue,False
32,2,Candidate,"MESSAGE: While the senior analyst role sounds like an interesting opportunity, I am concerned about the timeline. Can we discuss potential responsibilities and expectations within the senior analyst role to ensure it's a good fit?
ACT: Query
ISSUE: Job Description
VALUE: NONE
DECISION: continue",Query,Job Description,,continue,False
32,3,Employer,"MESSAGE: Absolutely! As a senior analyst, you would be responsible for leading small projects and contributing to larger initiatives. You would work closely with our project management team and have the opportunity to develop your skills in a supportive environment.
ACT: Offer
ISSUE: Job Description
VALUE: NONE
DECISION: continue",Offer,Job Description,,continue,False
32,4,Candidate,"MESSAGE: I appreciate that clarification, but I'm still concerned about the lack of direct project management responsibilities. Can we discuss potential opportunities for me to take on more leadership roles within a shorter timeframe?
ACT: Query
ISSUE: Job Description
VALUE: NONE
DECISION: continue",Query,Job Description,,continue,False
32,5,Employer,"MESSAGE: We're open to creative solutions. One option could be a part-time project management role, focusing on specific aspects of our projects. This would allow you to develop your skills while still contributing to the team's success.
ACT: Offer
ISSUE: Job Description
VALUE: Part-Time Project Management
DECISION: continue",Offer,Job Description,Part-Time Project Management,continue,False
32,6,Candidate,"MESSAGE: I'm intrigued by the part-time project management role, but I'd like to discuss compensation and benefits for taking on this additional responsibility. What kind of adjustments can we make to my overall package?
ACT: Query
ISSUE: Compensation and Benefits
VALUE: NONE
DECISION: continue",Query,Compensation and Benefits,,continue,False
32,7,Employer,"MESSAGE: We've been flexible with our compensation packages before, and I think we can find a sweet spot here. How about an additional $10,000 to your annual salary for taking on the part-time project management role?
ACT: Offer
ISSUE: Compensation and Benefits
VALUE: $10,000
DECISION: continue",Offer,Compensation and Benefits,"$10,000",continue,False
32,8,Candidate,"MESSAGE: I appreciate the employer's willingness to consider adjustments to my compensation package. However, I was thinking more along the lines of a 5-7% increase in annual salary rather than an additional $10,000. Would that be something we could discuss?
ACT: Query
ISSUE: Compensation and Benefits
VALUE: 5-7%
DECISION: continue",Query,Compensation and Benefits,5-7%,continue,False
32,9,Employer,"MESSAGE: I understand your concern about the additional compensation. A 5-7% increase in annual salary is a significant consideration. However, we've already offered an additional $10,000 to account for the increased responsibilities of the part-time project management role. Would you be willing to meet us halfway at a 6% increase?
ACT: Offer
ISSUE: Compensation and Benefits
VALUE: 6%
DECISION: continue",Offer,Compensation and Benefits,6%,continue,False
32,10,Candidate,"MESSAGE: I understand your point about the additional $10,000, but I still think a 5-7% increase in annual salary would be more in line with my expectations. Considering we're already discussing a significant adjustment to my role, I'd like to explore alternative compensation options that meet you halfway.
ACT: Query
ISSUE: Compensation and Benefits
VALUE: NONE
DECISION: continue",Query,Compensation and Benefits,,continue,False
32,11,Employer,"MESSAGE: Let's consider the idea of additional stock options or a performance-based bonus structure. We've had success with these types of incentives in the past, and they could be tied to specific goals and objectives for your part-time project management role.
ACT: Offer
ISSUE: Compensation and Benefits
VALUE: Stock Options / Performance-Based Bonus
DECISION: continue",Offer,Compensation and Benefits,Stock Options / Performance-Based Bonus,continue,False
32,12,Candidate,"MESSAGE: I'm interested in exploring the idea of additional stock options or a performance-based bonus structure. Can you elaborate on what this would look like, and how it would be tied to specific goals and objectives for my part-time project management role?
ACT: Query
ISSUE: Compensation and Benefits
VALUE: NONE
DECISION: continue",Query,Compensation and Benefits,,continue,False
32,13,Employer,"MESSAGE: We can offer 500 additional stock options that vest over the next 12 months, tied to specific performance metrics for your part-time project management role. Additionally, we could implement a bonus structure of up to $5,000 per year, based on meeting certain milestones and objectives.
ACT: Offer
ISSUE: Compensation and Benefits
VALUE: 500 Stock Options / Up to $5,000 Bonus
DECISION: continue",Offer,Compensation and Benefits,"500 Stock Options / Up to $5,000 Bonus",continue,False
32,14,Candidate,"MESSAGE: I appreciate the employer's willingness to consider alternative compensation options. The idea of additional stock options and a performance-based bonus structure is intriguing, but I would like to see more concrete details on how these incentives would be tied to specific goals and objectives for my part-time project management role.
ACT: Query
ISSUE: Compensation and Benefits
VALUE: NONE
DECISION: continue",Query,Compensation and Benefits,,continue,False
32,15,Employer,"MESSAGE: Let's provide a clear outline of the performance metrics and milestones that will determine the vesting of the additional stock options. We can also elaborate on the specific objectives for your part-time project management role, which would impact the bonus structure.
ACT: Offer
ISSUE: Compensation and Benefits
VALUE: Performance Metrics / Milestones
DECISION: continue",Offer,Compensation and Benefits,Performance Metrics / Milestones,continue,False
32,16,Candidate,"MESSAGE: I'm glad we're able to drill down into the specifics of the performance metrics and milestones. Can you provide a more detailed outline of what these objectives would look like, so I can better understand how my part-time project management role will impact the bonus structure?
ACT: Query
ISSUE: Compensation and Benefits
VALUE: NONE
DECISION: continue",Query,Compensation and Benefits,,continue,False
32,17,Employer,"MESSAGE: We're proposing specific key performance indicators (KPIs) for your part-time project management role, such as timely completion of projects, effective communication with stakeholders, and successful collaboration with team members. For the bonus structure, we'd like to tie it to metrics like budget variance, project scope, and overall satisfaction surveys.
ACT: Offer
ISSUE: Compensation and Benefits
VALUE: KPIs / Bonus Metrics
DECISION: continue",Offer,Compensation and Benefits,KPIs / Bonus Metrics,continue,False
32,18,Candidate,"MESSAGE: While I appreciate the details provided on the performance metrics and bonus structure, I'm concerned that the proposed KPIs may be too general. Can we discuss more concrete targets for my part-time project management role, such as specific project completion dates or team member satisfaction ratings?
ACT: Query
ISSUE: Compensation and Benefits
VALUE: NONE
DECISION: continue",Query,Compensation and Benefits,,continue,False
32,19,Employer,"MESSAGE: We understand your concerns about the KPIs being too general. Let's revisit the proposal and provide more concrete targets for your part-time project management role. We can tie the bonus structure to specific metrics such as completing 3 projects within a certain timeframe, achieving a team member satisfaction rating of 85% or higher, or receiving positive feedback from stakeholders.
ACT: Offer
ISSUE: Compensation and Benefits
VALUE: Concrete Targets / Bonus Metrics
DECISION: continue",Offer,Compensation and Benefits,Concrete Targets / Bonus Metrics,continue,False
32,20,Candidate,"MESSAGE: I'm glad to see that you're willing to revisit the proposal and provide more concrete targets for my part-time project management role. The specific metrics you've mentioned, such as completing 3 projects within a certain timeframe, achieving a team member satisfaction rating of 85% or higher, or receiving positive feedback from stakeholders, seem more actionable and achievable.
ACT: Accept
ISSUE: Compensation and Benefits
VALUE: Concrete Targets / Bonus Metrics
DECISION: accept",Accept,Compensation and Benefits,Concrete Targets / Bonus Metrics,accept,False
3,0,Candidate,"I want a salary of 120,000",Offer,Salary,"120,000 USD",seed,True
3,1,Employer,"MESSAGE: Our standard starting salary for this position is around 90,000. However, we can consider offering you a higher salary if you're willing to start on the lower end and adjust your expectations accordingly.
ACT: Offer
ISSUE: Salary
VALUE: 90,000 USD
DECISION: continue",Offer,Salary,"90,000 USD",continue,False
3,2,Candidate,"MESSAGE: I understand your perspective, but I'm still looking at this as a long-term opportunity. Considering my skills and experience, I think 110,000 is a more reasonable starting point.
ACT: Offer
ISSUE: Salary
VALUE: 110,000 USD
DECISION: continue",Offer,Salary,"110,000 USD",continue,False
3,3,Employer,"MESSAGE: While we appreciate your enthusiasm, we're still concerned about the company's budget for this role. Let's consider a compromise - what if we offer you 100,000 and provide a performance-based bonus structure that could potentially bring your total compensation to 105,000?
ACT: Offer
ISSUE: Salary
VALUE: 100,000 USD
DECISION: continue",Offer,Salary,"100,000 USD",continue,False
3,4,Candidate,"MESSAGE: I'm willing to consider the bonus structure, but I need to think about how it would work in practice. Can you provide more details on what the performance-based bonuses would entail?
ACT: Query
ISSUE: Bonus Structure
VALUE: NONE
DECISION: continue",Query,Bonus Structure,,continue,False
3,5,Employer,"MESSAGE: Our performance-based bonus structure is designed to incentivize employees to meet specific targets and exceed expectations. For this role, we'd offer a 5% bonus for meeting the first-year goals, with an additional 2.5% for exceeding those goals. We'd also consider quarterly bonuses for outstanding work.
ACT: Other
ISSUE: Bonus Structure
VALUE: NONE
DECISION: continue",Other,Bonus Structure,,continue,False
3,6,Candidate,"MESSAGE: I appreciate your willingness to provide more details on the bonus structure. However, I'm still concerned that the total compensation would be lower than my initial request. Would it be possible to revisit the base salary and consider a higher starting point?
ACT: Offer
ISSUE: Salary
VALUE: 105,000 USD (thinking about 100,000 + potential bonuses)
DECISION: continue",Offer,Salary,"105,000 USD (thinking about 100,000 + potential bonuses)",continue,False
3,7,Employer,"MESSAGE: We understand your concerns and appreciate your willingness to work with us on the bonus structure. However, we're still hesitant to move above our initial offer of 100,000. Considering your skills and experience, would you be willing to compromise at 102,500?
ACT: Offer
ISSUE: Salary
VALUE: 102,500 USD
DECISION: continue",Offer,Salary,"102,500 USD",continue,False
3,8,Candidate,"MESSAGE: I appreciate the flexibility on the bonus structure, but I'm still not convinced that the total compensation would be sufficient. Given your willingness to consider a higher starting point for me, I'd like to propose an alternative - what if we meet in the middle at 101,500?
ACT: Offer
ISSUE: Salary
VALUE: 101,500 USD
DECISION: continue",Offer,Salary,"101,500 USD",continue,False
3,9,Employer,"MESSAGE: We're willing to consider your proposal of meeting in the middle. However, I want to reiterate that our initial offer of 100,000 was already a stretch for us. Can you tell me what specific responsibilities and expectations you have for this role that would warrant a higher salary?
ACT: Query
ISSUE: Salary
VALUE: NONE
DECISION: continue",Query,Salary,,continue,False
3,10,Candidate,"MESSAGE: I understand your concerns about the initial offer, but from my perspective, I believe the value I can bring to the organization justifies a slightly higher starting point. In terms of responsibilities and expectations, I'm thinking about taking on more leadership roles within the team, developing new processes and improving efficiency, as well as maintaining excellent relationships with clients.
ACT: Offer
ISSUE: Salary
VALUE: 102,000 USD (thinking about 100,500 + potential bonuses)
DECISION: continue",Offer,Salary,"102,000 USD (thinking about 100,500 + potential bonuses)",continue,False
3,11,Employer,"MESSAGE: We appreciate your willingness to take on more responsibilities and expectations. However, we're still hesitant to move above our initial offer of 100,000. Considering the market rate for this role, we're willing to meet you halfway again at 101,250.
ACT: Offer
ISSUE: Salary
VALUE: 101,250 USD
DECISION: continue",Offer,Salary,"101,250 USD",continue,False
3,12,Candidate,"MESSAGE: I appreciate your willingness to meet me halfway again. However, considering my previous proposal of meeting in the middle at 101,500, I'm not sure if 101,250 is still a compromise worth considering for me.
ACT: Query
ISSUE: Salary
VALUE: NONE
DECISION: continue",Query,Salary,,continue,False
3,13,Employer,"MESSAGE: We understand your concerns and are willing to revisit our previous proposal. Considering your strong points about taking on more responsibilities, we're willing to make a final adjustment to 101,375. This is our best and final offer.
ACT: Offer
ISSUE: Salary
VALUE: 101,375 USD
DECISION: continue",Offer,Salary,"101,375 USD",continue,False
3,14,Candidate,"MESSAGE: I appreciate the flexibility you've shown so far, and I'm glad we're able to revisit the previous proposal. However, considering my initial suggestion of meeting in the middle at 101,500, I think a 10-dollar difference between our current offers is still worth discussing. Would it be possible for us to meet somewhere closer to that midpoint?
ACT: Offer
ISSUE: Salary
VALUE: 101,325 USD (thinking about 101,500 - 175 USD)
DECISION: continue",Offer,Salary,"101,325 USD (thinking about 101,500 - 175 USD)",continue,False
3,15,Employer,"MESSAGE: We've already met you halfway twice, and we're concerned that any further adjustments could put us out of our comfort zone. However, considering your strong points about taking on more responsibilities, I'm willing to make one final adjustment to 101,400. This is our best offer.
ACT: Offer
ISSUE: Salary
VALUE: 101,400 USD
DECISION: continue",Offer,Salary,"101,400 USD",continue,False
3,16,Candidate,"MESSAGE: I understand that you're trying to find a balance between your comfort zone and my concerns about the salary. However, considering the value I can bring to the organization, I'm still willing to make some sacrifices to reach an agreement. Given that 101,400 is a significant increase from our initial discussions, I'm willing to accept this offer.
ACT: Accept
ISSUE: Salary
VALUE: 101,400 USD
DECISION: accept",Accept,Salary,"101,400 USD",accept,False
2,0,Candidate,"I would like a salary of 120,000",Offer,Salary,"120,000 USD",seed,True
2,1,Employer,"MESSAGE: Our standard offer for this position is 90,000 per year. We can consider a slightly higher offer based on your experience.
ACT: Offer
ISSUE: Salary
VALUE: 95,000 USD
DECISION: continue",Offer,Salary,"95,000 USD",continue,False
2,2,Candidate,"MESSAGE: That's still below my expectations, considering the industry standard for someone with my background is around 110,000.
ACT: Reject
ISSUE: Salary
VALUE: NONE
DECISION: continue",Reject,Salary,,continue,False
2,3,Employer,"MESSAGE: We understand your concerns and appreciate your candor. However, we're a small company looking to grow, and our budget for this position is limited. Let's see if we can find a middle ground.
ACT: Offer
ISSUE: Salary
VALUE: 100,000 USD
DECISION: continue",Offer,Salary,"100,000 USD",continue,False
2,4,Candidate,"MESSAGE: I'm willing to consider the offer of $100,000, but I still think it's a bit low. How about we meet in the middle at $105,000?
ACT: Offer
ISSUE: Salary
VALUE: 105,000 USD
DECISION: continue",Offer,Salary,"105,000 USD",continue,False
2,5,Employer,"MESSAGE: We're willing to consider your counteroffer, but we're still not comfortable going above 102,000.
ACT: Offer
ISSUE: Salary
VALUE: 102,000 USD
DECISION: continue",Offer,Salary,"102,000 USD",continue,False
2,6,Candidate,"MESSAGE: I appreciate your willingness to meet me in the middle, but I'm having a hard time getting to $102,000. Would you be open to discussing some additional benefits or perks that could offset the difference?
ACT: Query
ISSUE: Salary and Benefits
VALUE: NONE
DECISION: continue",Query,Salary and Benefits,,continue,False
2,7,Employer,"MESSAGE: We're willing to consider offering a more comprehensive benefits package, including additional vacation time and flexible work arrangements. However, we can't go above 102,000 in terms of salary.
ACT: Offer
ISSUE: Salary and Benefits
VALUE: NONE
DECISION: continue",Offer,Salary and Benefits,,continue,False
2,8,Candidate,"MESSAGE: That sounds like a great compromise! I'm excited about the benefits package, but I still need to think about how the salary compares to my original target. Can we table this discussion for now and revisit it after I've had some time to consider everything?
ACT: Query
ISSUE: Salary and Benefits
VALUE: NONE
DECISION: continue",Query,Salary and Benefits,,continue,False
2,9,Employer,"MESSAGE: We understand your need for some time to think, but we'd like to move forward with the offer. If you're willing to accept the salary and benefits package at 102,000 USD, we can finalize the details today. However, if not, we may have to reconsider the position.
ACT: Offer
ISSUE: Salary and Benefits
VALUE: 102,000 USD
DECISION: continue",Offer,Salary and Benefits,"102,000 USD",continue,False
2,10,Candidate,"MESSAGE: I've had some time to think about it, and I'm willing to accept the salary of $102,000 if you're willing to add one more benefit that would make up for the slightly lower salary. How about an additional week's worth of vacation time every year?
ACT: Offer
ISSUE: Salary and Benefits
VALUE: 7 extra vacation days per year
DECISION: continue",Offer,Salary and Benefits,7 extra vacation days per year,continue,False
2,11,Employer,"MESSAGE: We're willing to consider your request, but we think one more week of vacation time might be stretching it. However, we could offer an additional day off every quarter, which would amount to about three extra weeks of vacation time per year.
ACT: Offer
ISSUE: Salary and Benefits
VALUE: 3 extra days of vacation per year
DECISION: continue",Offer,Salary and Benefits,3 extra days of vacation per year,continue,False
2,12,Candidate,"MESSAGE: That sounds like a more reasonable compromise. I think the additional day off every quarter could be a great benefit for me.
ACT: Accept
ISSUE: Salary and Benefits
VALUE: 3 extra days of vacation per year
DECISION: accept",Accept,Salary and Benefits,3 extra days of vacation per year,accept,False
16,0,Candidate,I would like a position of project manager,Offer,Job Description,Project Manager,seed,True
16,1,Employer,"MESSAGE: Unfortunately, we don't have an opening for a project manager at this time. However, we do have opportunities for senior consultants who can take on project management responsibilities.
ACT: Reject
ISSUE: Job Description
VALUE: Senior Consultant
DECISION: continue",Reject,Job Description,Senior Consultant,continue,False
16,2,Candidate,"MESSAGE: I understand your concerns about the job opening, but I'm intrigued by the idea of taking on project management responsibilities as a senior consultant. Can you tell me more about what that would entail and how it would impact my day-to-day work?
ACT: Query
ISSUE: Job Responsibilities
VALUE: NONE
DECISION: continue",Query,Job Responsibilities,,continue,False
16,3,Employer,"MESSAGE: As a senior consultant, you would be responsible for leading smaller projects and mentoring junior consultants. You would also have the opportunity to take on more strategic responsibilities such as developing business cases and presenting to clients.
ACT: Offer
ISSUE: Job Responsibilities
VALUE: Senior Consultant
DECISION: continue",Offer,Job Responsibilities,Senior Consultant,continue,False
16,4,Candidate,"MESSAGE: I like what I'm hearing, but can you tell me how this role would impact my career progression? Would there be opportunities for growth into a full-fledged project manager position in the future?
ACT: Query
ISSUE: Career Progression
VALUE: NONE
DECISION: continue",Query,Career Progression,,continue,False
16,5,Employer,"MESSAGE: As your skills and experience grow, we certainly wouldn't rule out the possibility of creating an opening for a dedicated project manager role. In fact, some of our senior consultants have gone on to take on project management responsibilities and have done very well in that capacity.
ACT: Offer
ISSUE: Career Progression
VALUE: NONE
DECISION: continue",Offer,Career Progression,,continue,False
16,6,Candidate,"MESSAGE: I'm glad to hear that there is potential for career growth into a full-fledged project manager position. However, I would like to discuss the compensation package for this role. As a senior consultant taking on project management responsibilities, I believe my value to the company would increase and I would expect a corresponding salary adjustment.
ACT: Offer
ISSUE: Compensation
VALUE: Senior Consultant with Project Management Responsibilities
DECISION: continue",Offer,Compensation,Senior Consultant with Project Management Responsibilities,continue,False
16,7,Employer,"MESSAGE: We understand your concerns about compensation and are willing to consider a salary adjustment. However, we need to ensure that the value you bring to the company is reflected in the compensation package. Are you open to discussing specific numbers?
ACT: Offer
ISSUE: Compensation
VALUE: Salary Adjustment for Senior Consultant with Project Management Responsibilities
DECISION: continue",Offer,Compensation,Salary Adjustment for Senior Consultant with Project Management Responsibilities,continue,False
16,8,Candidate,"MESSAGE: I'm happy to discuss specific numbers, but before we get into that, can you tell me what kind of salary range are we looking at for this role?
ACT: Query
ISSUE: Compensation
VALUE: Salary Range
DECISION: continue",Query,Compensation,Salary Range,continue,False
16,9,Employer,"MESSAGE: Based on your experience and the additional responsibilities you'll take on in this role, I would say our target salary range is between $120,000 to $140,000 per year. However, we're open to negotiating within that range to find a mutually agreeable number.
ACT: Offer
ISSUE: Compensation
VALUE: Salary Range
DECISION: continue",Offer,Compensation,Salary Range,continue,False
16,10,Candidate,"MESSAGE: Given the salary range you provided, I'm thinking more along the lines of $130,000 to $135,000 per year. This takes into account my experience and the additional responsibilities I'll be taking on in this role. However, I'm willing to consider your target salary range if there's a clear explanation for why we can't meet at a higher number.
ACT: Offer
ISSUE: Compensation
VALUE: Salary Range ($130,000 to $135,000 per year)
DECISION: continue",Offer,Compensation,"Salary Range ($130,000 to $135,000 per year)",continue,False
16,11,Employer,"MESSAGE: We appreciate your willingness to consider our target salary range. After careful consideration, we're prepared to offer you a salary of $132,000 per year, which is within the range we discussed earlier. This compensation package reflects your value to the company and takes into account your additional responsibilities as a project manager.
ACT: Offer
ISSUE: Compensation
VALUE: Salary ($132,000 per year)
DECISION: continue",Offer,Compensation,"Salary ($132,000 per year)",continue,False
16,12,Candidate,"MESSAGE: I appreciate your willingness to meet me at $132,000 per year. However, considering my experience and the additional responsibilities I'll be taking on in this role, I'm still thinking that a salary of $135,000 per year would be more reflective of my value to the company.
ACT: Offer
ISSUE: Compensation
VALUE: Salary ($135,000 per year)
DECISION: continue",Offer,Compensation,"Salary ($135,000 per year)",continue,False
16,13,Employer,"MESSAGE: We understand your concerns and appreciate your openness to our offer. However, we need to consider the company's budget constraints and the overall compensation structure for similar positions within the organization. Would you be willing to consider a performance-based bonus system that would allow you to earn an additional $5,000 per year based on meeting specific targets?
ACT: Offer
ISSUE: Compensation
VALUE: Performance-Based Bonus System
DECISION: continue",Offer,Compensation,Performance-Based Bonus System,continue,False
16,14,Candidate,"MESSAGE: I'm open to discussing a performance-based bonus system, but I need to understand more about the specific targets and how they would be measured. Can you provide me with some concrete examples of what these targets might look like?
ACT: Query
ISSUE: Compensation (Bonus System)
VALUE: None
DECISION: continue",Query,Compensation (Bonus System),,continue,False
82,0,Candidate,I am expecting a position of project manager,Offer,Job Description,Project Manager,seed,True
82,1,Employer,"MESSAGE: We can consider that option, but we typically don't have direct reports for new hires. However, you'll be working closely with our senior management team to drive projects forward.
ACT: Query
ISSUE: Job Responsibilities
VALUE: NONE
DECISION: continue",Query,Job Responsibilities,,continue,False
82,2,Candidate,"MESSAGE: I understand that's the current practice, but I believe my skills and experience would make me an asset in a project manager role. I'm not looking to create unnecessary bureaucracy, just ensure clear direction and accountability for our projects.
ACT: Offer
ISSUE: Job Responsibilities
VALUE: NONE
DECISION: continue",Offer,Job Responsibilities,,continue,False
82,3,Employer,"MESSAGE: We appreciate your enthusiasm, but we need to balance the demands of the role with the team's dynamics. Let's explore alternative solutions that still leverage your strengths. How about a Senior Business Analyst position, focusing on strategic planning and stakeholder engagement?
ACT: Offer
ISSUE: Job Responsibilities
VALUE: Senior Business Analyst
DECISION: continue",Offer,Job Responsibilities,Senior Business Analyst,continue,False
82,4,Candidate,"MESSAGE: I appreciate the alternative solution, but I'm concerned that the Senior Business Analyst role might not utilize my project management skills to their fullest potential. Would it be possible to consider a hybrid role that combines elements of both positions?
ACT: Query
ISSUE: Job Responsibilities
VALUE: Hybrid Role
DECISION: continue",Query,Job Responsibilities,Hybrid Role,continue,False
82,5,Employer,"MESSAGE: We're open to exploring creative solutions that meet your needs. However, we need to ensure the role is aligned with our team's goals and responsibilities. Can you elaborate on what you mean by a hybrid role? What specific responsibilities would it entail?
ACT: Query
ISSUE: Job Responsibilities
VALUE: NONE
DECISION: continue",Query,Job Responsibilities,,continue,False
82,6,Candidate,"MESSAGE: I understand your concerns, and I'm willing to work together to create a hybrid role that benefits both the company and me. Based on my project management experience, I envision this role having some key responsibilities such as: leading small-scale projects, collaborating with cross-functional teams, and ensuring project deliverables are aligned with business objectives.
ACT: Offer
ISSUE: Job Responsibilities
VALUE: Hybrid Role
DECISION: continue",Offer,Job Responsibilities,Hybrid Role,continue,False
82,7,Employer,"MESSAGE: We're intrigued by your proposal. While it's unconventional, we see the value in having a hybrid role that leverages your project management skills. Let's discuss how this role would impact our team structure and responsibilities.
ACT: Query
ISSUE: Job Responsibilities
VALUE: Hybrid Role
DECISION: continue",Query,Job Responsibilities,Hybrid Role,continue,False
82,8,Candidate,"MESSAGE: I'm glad we're on the same page regarding the hybrid role. To address your concerns, I suggest a trial period for this new position, where I work closely with the team to ensure a smooth transition and measure the impact of this new role. This would allow us to adjust as needed and make any necessary adjustments.
ACT: Offer
ISSUE: Job Responsibilities
VALUE: Trial Period
DECISION: continue",Offer,Job Responsibilities,Trial Period,continue,False
82,9,Employer,"MESSAGE: We're considering your proposal, but we need to think carefully about the impact on our team structure. Can you provide more details on how this trial period would work in practice? What metrics would you use to measure its success?
ACT: Query
ISSUE: Job Responsibilities
VALUE: NONE
DECISION: continue",Query,Job Responsibilities,,continue,False
82,10,Candidate,"MESSAGE: I understand your concerns about the impact on team structure, and I'm happy to provide more details. To measure the trial period's success, I would focus on key performance indicators such as project delivery rates, team collaboration metrics, and overall business objectives alignment. This would allow us to assess the effectiveness of the hybrid role and make data-driven decisions for any necessary adjustments.
ACT: Offer
ISSUE: Job Responsibilities
VALUE: Trial Period Metrics
DECISION: continue",Offer,Job Responsibilities,Trial Period Metrics,continue,False
82,11,Employer,"MESSAGE: We appreciate your willingness to provide more details on the trial period metrics. After reviewing them, we're concerned that measuring success solely based on project delivery rates and team collaboration might not accurately capture the full impact of this new role. Can you consider incorporating other key performance indicators, such as cost savings or process improvements?
ACT: Query
ISSUE: Job Responsibilities
VALUE: NONE
DECISION: continue",Query,Job Responsibilities,,continue,False
82,12,Candidate,"MESSAGE: I understand your concerns and appreciate your willingness to explore alternative metrics. To address this, I suggest we consider a balanced scorecard approach that includes project delivery rates, team collaboration metrics, cost savings, and process improvements. This would provide a more comprehensive view of the hybrid role's impact on the organization.
ACT: Offer
ISSUE: Job Responsibilities
VALUE: Balanced Scorecard
DECISION: continue",Offer,Job Responsibilities,Balanced Scorecard,continue,False
82,13,Employer,"MESSAGE: We appreciate your willingness to adapt to our concerns about metrics. A balanced scorecard approach could provide a more comprehensive view of the hybrid role's impact. However, we need to consider the additional resources required to implement this new framework. Can you propose how we would allocate and manage these resources?
ACT: Query
ISSUE: Job Responsibilities
VALUE: NONE
DECISION: continue",Query,Job Responsibilities,,continue,False
82,14,Candidate,"MESSAGE: I'm glad we're having a thorough discussion on the trial period's metrics. To address your concerns about resource allocation, I suggest we dedicate a portion of our existing project management budget to support the implementation and maintenance of the balanced scorecard framework. Additionally, I propose that we work closely with the team to identify areas where process improvements can be made, reducing overall costs and increasing efficiency.
ACT: Offer
ISSUE: Job Responsibilities
VALUE: Resource Allocation
DECISION: continue",Offer,Job Responsibilities,Resource Allocation,continue,False
82,15,Employer,"MESSAGE: We're pleased with your proposal on resource allocation. However, we need to discuss the compensation package for this hybrid role. Can you provide more details on how you envision the salary and benefits structure working?
ACT: Query
ISSUE: Compensation Package
VALUE: NONE
DECISION: continue",Query,Compensation Package,,continue,False
82,16,Candidate,"MESSAGE: I'm glad we're making progress on the job responsibilities. In terms of compensation, I was thinking that a fair market rate for this hybrid role would be around $110,000 per year, considering my skills and experience in both project management and technical leadership. As for benefits, I'd like to explore a comprehensive package that includes health insurance, retirement matching, and flexible work arrangements.
ACT: Offer
ISSUE: Compensation Package
VALUE: Salary and Benefits
DECISION: continue",Offer,Compensation Package,Salary and Benefits,continue,False
82,17,Employer,"MESSAGE: We appreciate your proposal on compensation. However, we're concerned about the salary being slightly higher than our initial offer. Can you consider a compromise at $100,000 per year?
ACT: Offer
ISSUE: Compensation Package
VALUE: Salary
DECISION: continue",Offer,Compensation Package,Salary,continue,False
82,18,Candidate,"MESSAGE: I understand your concerns and am willing to revisit the compensation package. Considering the additional responsibilities and skills required for this hybrid role, I'm willing to compromise on the salary. However, I would like to maintain the comprehensive benefits package we previously discussed.
ACT: Offer
ISSUE: Compensation Package
VALUE: Salary
DECISION: continue",Offer,Compensation Package,Salary,continue,False
82,19,Employer,"MESSAGE: We appreciate your willingness to revisit the compensation package. A salary of $100,000 per year is a significant compromise, and we're willing to match that offer. However, we need to ensure that the benefits package remains competitive to attract top talent in both project management and technical leadership. Can you confirm that you're open to reviewing our current benefits offerings with an eye towards minor adjustments to support this salary?
ACT: Query
ISSUE: Compensation Package
VALUE: Benefits
DECISION: continue",Query,Compensation Package,Benefits,continue,False
82,20,Candidate,"MESSAGE: I appreciate your willingness to match the salary offer, and I'm glad we're close to reaching a mutually beneficial agreement. To confirm, if we agree on the $100,000 per year salary, are you open to making minor adjustments to our current benefits offerings to ensure they remain competitive?
ACT: Query
ISSUE: Compensation Package
VALUE: Benefits
DECISION: continue",Query,Compensation Package,Benefits,continue,False
67,0,Candidate,I am willing to have a position of project manager,Offer,Job Description,Project Manager,seed,True
67,1,Employer,"MESSAGE: That's an interesting proposal, but we've discussed that role being more suitable for someone with 5-7 years of experience. However, I'm willing to consider a senior consultant position within our team.
ACT: Offer
ISSUE: Job Description
VALUE: Senior Consultant
DECISION: continue",Offer,Job Description,Senior Consultant,continue,False
67,2,Candidate,"MESSAGE: I understand your concerns about the project manager role, but I believe my skills and experience make me a strong candidate for it. However, I am open to considering the senior consultant position if we can discuss some key responsibilities and expectations.
ACT: Query
ISSUE: Job Description
VALUE: NONE
DECISION: continue",Query,Job Description,,continue,False
67,3,Employer,"MESSAGE: I understand your enthusiasm for the project manager role, but let's focus on the senior consultant position. If you're willing to take on a more mentorship-focused role, we can discuss some key responsibilities and expectations.
ACT: Offer
ISSUE: Job Description
VALUE: Senior Consultant with Mentorship Focus
DECISION: continue",Offer,Job Description,Senior Consultant with Mentorship Focus,continue,False
67,4,Candidate,"MESSAGE: I'm open to considering a senior consultant position with a mentorship focus, but I'd like to clarify what that means in terms of day-to-day responsibilities and the level of autonomy I would have.
ACT: Query
ISSUE: Job Description
VALUE: NONE
DECISION: continue",Query,Job Description,,continue,False
67,5,Employer,"MESSAGE: With a senior consultant position, you would be working closely with our team members to develop their skills and expertise. You would also be responsible for leading small projects and providing guidance on best practices. In terms of autonomy, you would have some flexibility in your work schedule, but would still need to prioritize tasks based on the team's needs.
ACT: Offer
ISSUE: Job Description
VALUE: Senior Consultant with Mentorship Focus
DECISION: continue",Offer,Job Description,Senior Consultant with Mentorship Focus,continue,False
67,6,Candidate,"MESSAGE: I appreciate the clarification on the senior consultant role. However, I'm concerned that my skills in project management might not be fully utilized if I'm focused solely on mentorship and small projects. Would there be opportunities to take on more significant projects or leadership roles within the team?
ACT: Query
ISSUE: Job Description
VALUE: NONE
DECISION: continue",Query,Job Description,,continue,False
67,7,Employer,"MESSAGE: While we value your project management skills, our senior consultant role is designed to support and guide our team members. However, if you're willing to commit to a three-year tenure with us, we can discuss opportunities for growth and development within the company.
ACT: Offer
ISSUE: Job Description
VALUE: Three-Year Tenure Commitment
DECISION: continue",Offer,Job Description,Three-Year Tenure Commitment,continue,False
67,8,Candidate,"MESSAGE: I understand your concerns about the senior consultant role, but I'm still interested in exploring this opportunity. However, I need to consider my long-term goals and growth prospects within the company. Can you provide more information on what opportunities for growth and development would look like after a three-year tenure?
ACT: Query
ISSUE: Career Development
VALUE: NONE
DECISION: continue",Query,Career Development,,continue,False
67,9,Employer,"MESSAGE: We offer a comprehensive career development program that includes training sessions, mentorship opportunities, and access to internal job postings. Our team members have gone on to take on more significant roles within the company, such as department heads or even executive positions. After three years, you would be eligible for consideration for these types of opportunities.
ACT: Offer
ISSUE: Career Development
VALUE: Comprehensive Career Development Program
DECISION: continue",Offer,Career Development,Comprehensive Career Development Program,continue,False
67,10,Candidate,"MESSAGE: I appreciate your honesty about the senior consultant role and its focus on mentorship. However, I'm still concerned that my project management skills might not be fully utilized after a three-year tenure. Can you consider offering me a hybrid role that combines mentoring with some project management responsibilities?
ACT: Query
ISSUE: Job Description
VALUE: Hybrid Role
DECISION: continue",Query,Job Description,Hybrid Role,continue,False
67,11,Employer,"MESSAGE: While we're willing to discuss the possibility of a hybrid role, it would need to align with our team's needs and goals. However, I can offer you an additional responsibility that combines your project management skills with mentoring. You would lead a small project committee, providing guidance on best practices and helping team members develop their project management skills.
ACT: Offer
ISSUE: Job Description
VALUE: Additional Responsibility
DECISION: continue",Offer,Job Description,Additional Responsibility,continue,False
67,12,Candidate,"MESSAGE: That sounds like an interesting additional responsibility, but I'd like to know more about the scope of this project committee and how it would impact my workload. Would this require a significant amount of time and effort, or would it be more of a flexible role?
ACT: Query
ISSUE: Job Description
VALUE: NONE
DECISION: continue",Query,Job Description,,continue,False
67,13,Employer,"MESSAGE: The project committee would meet quarterly to discuss best practices and provide guidance on project management. Your involvement would likely require 1-2 hours per week, depending on the complexity of the projects being managed. You would also have some flexibility in terms of how you approach the role, so it wouldn't be overly demanding.
ACT: Offer
ISSUE: Job Description
VALUE: Scope of Project Committee
DECISION: continue",Offer,Job Description,Scope of Project Committee,continue,False
67,14,Candidate,"MESSAGE: With this additional responsibility, I'm more confident that my project management skills would be utilized. However, I'd like to discuss the salary range for this role. Can you provide a specific number or a range considering the responsibilities and growth opportunities we've discussed?
ACT: Query
ISSUE: Salary
VALUE: NONE
DECISION: continue",Query,Salary,,continue,False
67,15,Employer,"MESSAGE: Given your concerns about utilizing your project management skills, I'm willing to consider a salary adjustment. Based on our previous discussions and the additional responsibility of leading the project committee, I can offer a salary range of $85,000 to $90,000 per year.
ACT: Offer
ISSUE: Salary
VALUE: Salary Range
DECISION: continue",Offer,Salary,Salary Range,continue,False
67,16,Candidate,"MESSAGE: While I appreciate your willingness to consider a salary adjustment, the offered range is still lower than my expectations. Considering my experience and qualifications, I was hoping for a higher range. Would it be possible to revisit this number or provide more specific reasons why you're capped at $90,000?
ACT: Query
ISSUE: Salary
VALUE: NONE
DECISION: continue",Query,Salary,,continue,False
67,17,Employer,"MESSAGE: We understand your concerns and appreciate your flexibility on the job description. As for the salary range, we've taken into account your experience and qualifications. However, our company has a strict budget for this role, which is capped at $90,000 per year. We're willing to consider additional benefits or perks to offset the difference.
ACT: Offer
ISSUE: Salary
VALUE: Benefits/Perks
DECISION: continue",Offer,Salary,Benefits/Perks,continue,False
67,18,Candidate,"MESSAGE: I appreciate your willingness to consider additional benefits or perks to offset the salary difference. Could you provide more information on what kind of benefits we're talking about? Are these standard company benefits, such as health insurance and retirement plans, or are there other perks that might make up for the lower salary?
ACT: Query
ISSUE: Salary
VALUE: Benefits/Perks
DECISION: continue",Query,Salary,Benefits/Perks,continue,False
67,19,Employer,"MESSAGE: We're thinking about offering additional vacation time, flexible work arrangements, and a professional development stipend to help offset the difference. Our standard company benefits include health insurance, retirement plans, and paid time off.
ACT: Offer
ISSUE: Salary
VALUE: Benefits/Perks
DECISION: continue",Offer,Salary,Benefits/Perks,continue,False
67,20,Candidate,"MESSAGE: I'm glad we're discussing additional benefits and perks to offset the salary difference. While the extra vacation time and flexible work arrangements are attractive, I'm more concerned about the professional development stipend. Can you provide more details on how this stipend would work and if it's something that could be carried over from year to year?
ACT: Query
ISSUE: Salary
VALUE: Benefits/Perks
DECISION: continue",Query,Salary,Benefits/Perks,continue,False
14,0,Candidate,I want a position of project manager,Offer,Job Description,Project Manager,seed,True
14,1,Employer,"MESSAGE: We currently have no open project manager positions available, but we can consider you for other management roles. How about a senior business analyst position?
ACT: Offer
ISSUE: Job Description
VALUE: Senior Business Analyst
DECISION: continue",Offer,Job Description,Senior Business Analyst,continue,False
14,2,Candidate,"MESSAGE: I appreciate the offer, but I'm not sure a senior business analyst role aligns with my long-term career goals. Can we discuss what specific responsibilities and opportunities for growth are available in this position?
ACT: Query
ISSUE: Job Description
VALUE: NONE
DECISION: continue",Query,Job Description,,continue,False
14,3,Employer,"MESSAGE: As a Senior Business Analyst, you would be responsible for analyzing complex business problems and developing data-driven solutions. You would work closely with our project managers to identify areas for improvement and implement changes that drive business results. In terms of growth opportunities, we can discuss potential career paths within the organization.
ACT: Offer
ISSUE: Job Description
VALUE: Senior Business Analyst
DECISION: continue",Offer,Job Description,Senior Business Analyst,continue,False
14,4,Candidate,"MESSAGE: I appreciate the clarification on responsibilities and growth opportunities. However, I'm still unsure if this role aligns with my long-term goals of becoming a project manager. Could we discuss potential opportunities for project management training or mentorship within the organization?
ACT: Query
ISSUE: Career Development
VALUE: NONE
DECISION: continue",Query,Career Development,,continue,False
14,5,Employer,"MESSAGE: We understand your desire to become a project manager, and we're willing to invest in your development. Let's discuss our project management training program, which includes mentorship from experienced PMs, coursework, and hands-on experience on real projects. How about I offer you a spot in the next available cohort?
ACT: Offer
ISSUE: Career Development
VALUE: Project Management Training Program
DECISION: continue",Offer,Career Development,Project Management Training Program,continue,False
14,6,Candidate,"MESSAGE: That sounds like a great opportunity for development. However, I'd like to know more about the current project manager positions that are not open yet. Are there any changes expected in the near future?
ACT: Query
ISSUE: Job Availability
VALUE: NONE
DECISION: continue",Query,Job Availability,,continue,False
14,7,Employer,"MESSAGE: We anticipate some project manager positions opening up within the next 6-12 months, and we'll definitely consider you for those roles once you've completed our training program. In the meantime, let's discuss a compromise - what if we make the senior business analyst position contingent upon your successful completion of the project management training program?
ACT: Offer
ISSUE: Job Availability
VALUE: Senior Business Analyst Contingent Upon Training Completion
DECISION: continue",Offer,Job Availability,Senior Business Analyst Contingent Upon Training Completion,continue,False
14,8,Candidate,"MESSAGE: That's an interesting compromise. I'd like to know more about what success in the training program means and what the next steps would be if I complete it.
ACT: Query
ISSUE: Training Program Requirements
VALUE: NONE
DECISION: continue",Query,Training Program Requirements,,continue,False
14,9,Employer,"MESSAGE: We define success in the training program as completion of all coursework, satisfactory performance on real projects, and a final assessment by our PMs. If you complete the program successfully, we'll consider you for open project manager positions within 6-12 months. You'll also have the opportunity to interview with our PMs and demonstrate your skills.
ACT: Offer
ISSUE: Training Program Requirements
VALUE: NONE
DECISION: continue",Offer,Training Program Requirements,,continue,False
14,10,Candidate,"MESSAGE: That sounds like a clear definition of success in the training program. I'm comfortable with those requirements. However, I'd like to know what my salary would be for the senior business analyst position if I complete the training program successfully.
ACT: Query
ISSUE: Salary
VALUE: NONE
DECISION: continue",Query,Salary,,continue,False
14,11,Employer,"MESSAGE: Considering your performance and skills, we're willing to offer a salary range of $85,000 to $90,000 for the senior business analyst position contingent upon successful completion of our project management training program.
ACT: Offer
ISSUE: Salary
VALUE: $85,000 - $90,000
DECISION: continue",Offer,Salary,"$85,000 - $90,000",continue,False
14,12,Candidate,"MESSAGE: I appreciate your willingness to discuss salary. However, my research suggests that the market rate for a senior business analyst in this area is around $95,000. Considering my experience and skills, I was hoping we could be more competitive in that range.
ACT: Offer
ISSUE: Salary
VALUE: $95,000
DECISION: continue",Offer,Salary,"$95,000",continue,False
14,13,Employer,"MESSAGE: We're willing to revisit the salary discussion considering your research on market rates. However, we need to balance our internal budgets and current costs.
ACT: Offer
ISSUE: Salary
VALUE: None (new proposal)
DECISION: continue",Offer,Salary,None (new proposal),continue,False
14,14,Candidate,"MESSAGE: I understand the need to balance internal budgets and current costs. Would it be possible to consider a salary range of $92,000 to $95,000 for the senior business analyst position if I complete the training program successfully?
ACT: Offer
ISSUE: Salary
VALUE: $92,000 - $95,000
DECISION: continue",Offer,Salary,"$92,000 - $95,000",continue,False
14,15,Employer,"MESSAGE: We're willing to compromise on salary and offer you a range of $93,000 to $94,500 for the senior business analyst position contingent upon successful completion of our project management training program.
ACT: Offer
ISSUE: Salary
VALUE: $93,000 - $94,500
DECISION: continue",Offer,Salary,"$93,000 - $94,500",continue,False
14,16,Candidate,"MESSAGE: I appreciate your willingness to compromise on salary. While I'm still a bit above my target, the additional offer is reasonable and I'm willing to accept it.
ACT: Accept
ISSUE: Salary
VALUE: $93,000 - $94,500
DECISION: accept",Accept,Salary,"$93,000 - $94,500",accept,False
72,0,Candidate,I am willing to have a position of project manager,Offer,Job Description,Project Manager,seed,True
72,1,Employer,"MESSAGE: We can definitely consider that role for you, but we were thinking more along the lines of a senior analyst.
ACT: Offer
ISSUE: Job Description
VALUE: Senior Analyst
DECISION: continue",Offer,Job Description,Senior Analyst,continue,False
72,2,Candidate,"MESSAGE: I understand your perspective, but I believe my skills and experience would be better utilized in a project management role. I'm confident I could bring value to the company in that capacity.
ACT: Query
ISSUE: Job Description
VALUE: Project Manager
DECISION: continue",Query,Job Description,Project Manager,continue,False
72,3,Employer,"MESSAGE: We appreciate your enthusiasm for the project manager role, but we're concerned about the additional responsibilities and complexity it would add. However, we're willing to compromise on some aspects of the job description.
ACT: Offer
ISSUE: Job Description
VALUE: Modified Project Manager Role
DECISION: continue",Offer,Job Description,Modified Project Manager Role,continue,False
72,4,Candidate,"MESSAGE: What are you thinking in terms of modifications? Are there specific responsibilities or tasks that you'd like me to take on?
ACT: Query
ISSUE: Job Description
VALUE: NONE
DECISION: continue",Query,Job Description,,continue,False
72,5,Employer,"MESSAGE: We were considering a modified project manager role with some additional duties, such as leading smaller projects and mentoring junior analysts. It would still be less complex than the full-fledged project management position we initially discussed.
ACT: Offer
ISSUE: Job Description
VALUE: Modified Project Manager Role
DECISION: continue",Offer,Job Description,Modified Project Manager Role,continue,False
72,6,Candidate,"MESSAGE: I'm interested in exploring this modified project manager role further. However, I'd like to know more about the scope of these smaller projects and what kind of mentoring responsibilities I would have.
ACT: Query
ISSUE: Job Description
VALUE: NONE
DECISION: continue",Query,Job Description,,continue,False
72,7,Employer,"MESSAGE: The smaller projects we're looking at would be around 1-2 weeks long, with a focus on delivering specific business outcomes. As for mentoring, you would work closely with junior analysts to help them develop their skills and knowledge in areas such as data analysis and problem-solving.
ACT: Offer
ISSUE: Job Description
VALUE: Modified Project Manager Role
DECISION: continue",Offer,Job Description,Modified Project Manager Role,continue,False
72,8,Candidate,"MESSAGE: I appreciate the clarification on the scope of the smaller projects and mentoring responsibilities. However, I'm still concerned about the level of autonomy and decision-making authority in this modified project manager role.
ACT: Query
ISSUE: Job Description
VALUE: NONE
DECISION: continue",Query,Job Description,,continue,False
72,9,Employer,"MESSAGE: We understand your concerns about autonomy and decision-making authority. To address this, we're willing to offer you a higher degree of ownership over the projects you'll be working on, including some flexibility in prioritizing tasks and allocating resources.
ACT: Offer
ISSUE: Job Description
VALUE: Higher Autonomy
DECISION: continue",Offer,Job Description,Higher Autonomy,continue,False
72,10,Candidate,"MESSAGE: What specific aspects of decision-making authority are we talking about? Would I have control over budgeting or resource allocation?
ACT: Query
ISSUE: Job Description
VALUE: NONE
DECISION: continue",Query,Job Description,,continue,False
72,11,Employer,"MESSAGE: We're looking at giving you more flexibility in terms of allocating resources and prioritizing tasks, which would allow you to make some key decisions that impact the project's success. As for budgeting, we'd like to maintain some oversight to ensure alignment with company-wide goals, but we're open to discussing a moderate degree of discretion.
ACT: Offer
ISSUE: Job Description
VALUE: Moderate Budgetary Discretion
DECISION: continue",Offer,Job Description,Moderate Budgetary Discretion,continue,False
72,12,Candidate,"MESSAGE: I appreciate the willingness to offer more autonomy and decision-making authority. However, I'm still not sure if this level of flexibility is sufficient for me to excel in this role. Can we discuss some specific examples of how this would work in practice?
ACT: Query
ISSUE: Job Description
VALUE: NONE
DECISION: continue",Query,Job Description,,continue,False
53,0,Candidate,I want a position of project manager,Offer,Job Description,Project Manager,seed,True
53,1,Employer,"MESSAGE: We currently don't have any project manager openings, but we do have a senior analyst role that may be of interest to you.
ACT: Other
ISSUE: Job Description
VALUE: Senior Analyst
DECISION: continue",Other,Job Description,Senior Analyst,continue,False
53,2,Candidate,"MESSAGE: I appreciate your willingness to consider me for the senior analyst role. However, my goal is to move into a project management position because it aligns better with my long-term career goals.
ACT: Query
ISSUE: Job Description
VALUE: Project Manager
DECISION: continue",Query,Job Description,Project Manager,continue,False
53,3,Employer,"MESSAGE: While we understand your desire for a project manager role, I'd like to propose an alternative. We're looking to hire a lead analyst who can oversee multiple projects and teams. It's not a traditional PM position, but it does involve some management responsibilities.
ACT: Offer
ISSUE: Job Description
VALUE: Lead Analyst
DECISION: continue",Offer,Job Description,Lead Analyst,continue,False
53,4,Candidate,"MESSAGE: I understand your proposal for the lead analyst role, but I'm concerned that it may not provide the level of project management experience and autonomy I'm looking for. Can you elaborate on the scope of responsibilities and how this position will impact my career growth?
ACT: Query
ISSUE: Job Description
VALUE: NONE
DECISION: continue",Query,Job Description,,continue,False
53,5,Employer,"MESSAGE: We can definitely provide more details about the lead analyst role. In terms of responsibilities, you would be overseeing multiple projects and teams, ensuring that they are aligned with our company's goals and objectives. You would also be responsible for developing project plans, identifying risks and opportunities, and providing guidance to team members.
ACT: Offer
ISSUE: Job Description
VALUE: Lead Analyst
DECISION: continue",Offer,Job Description,Lead Analyst,continue,False
53,6,Candidate,"MESSAGE: While the lead analyst role sounds interesting, I'm still concerned about the level of autonomy and project management experience it would provide. Could we discuss potential opportunities for professional development and growth within the company?
ACT: Query
ISSUE: Job Description
VALUE: NONE
DECISION: continue",Query,Job Description,,continue,False
53,7,Employer,"MESSAGE: We're glad you're interested in the lead analyst role, but I understand your concerns about autonomy and project management experience. Let me propose a compromise - we can discuss opportunities for professional development and growth within the company, including potential project manager roles that may become available in the future.
ACT: Offer
ISSUE: Job Description
VALUE: NONE
DECISION: continue",Offer,Job Description,,continue,False
53,8,Candidate,"MESSAGE: I appreciate your willingness to consider my concerns about autonomy and project management experience. However, I'd like to propose an alternative compromise - can we discuss a performance-based review after 12 months in the lead analyst role, where my career growth and potential for advancement would be assessed?
ACT: Offer
ISSUE: Job Description
VALUE: NONE
DECISION: continue",Offer,Job Description,,continue,False
53,9,Employer,"MESSAGE: I think your proposal for a performance-based review is a great idea. We can definitely consider that as part of the lead analyst role.
ACT: Accept
ISSUE: Job Description
VALUE: NONE
DECISION: accept",Accept,Job Description,,accept,False
101,0,Candidate,"I am willing to have a salary of 120,000",Offer,Salary,"120,000 USD",seed,True
101,1,Employer,"MESSAGE: We can consider that, but we're looking at a more competitive offer in the market, around 110,000.
ACT: Reject
ISSUE: Salary
VALUE: 110,000 USD
DECISION: continue",Reject,Salary,"110,000 USD",continue,False
101,2,Candidate,"MESSAGE: I understand your concerns about competitiveness, but considering my skills and experience, I think my value is worth a bit more. How about we meet in the middle at 115,000?
ACT: Offer
ISSUE: Salary
VALUE: 115,000 USD
DECISION: continue",Offer,Salary,"115,000 USD",continue,False
101,3,Employer,"MESSAGE: We appreciate your flexibility, but our target market rate is still holding us back from moving to that level. Would you consider 112,000 as a compromise?
ACT: Offer
ISSUE: Salary
VALUE: 112,000 USD
DECISION: continue",Offer,Salary,"112,000 USD",continue,False
101,4,Candidate,"MESSAGE: I understand your concerns about the market rate, but I believe my unique qualifications and contributions would warrant a higher salary. How about we try 117,500?
ACT: Offer
ISSUE: Salary
VALUE: 117,500 USD
DECISION: continue",Offer,Salary,"117,500 USD",continue,False
101,5,Employer,"MESSAGE: We're still concerned about the market rate, but we appreciate your persistence. Let's meet in the middle at 114,000.
ACT: Offer
ISSUE: Salary
VALUE: 114,000 USD
DECISION: continue",Offer,Salary,"114,000 USD",continue,False
101,6,Candidate,"MESSAGE: I'm willing to revisit my previous offer and suggest a compromise of 116,250.
ACT: Offer
ISSUE: Salary
VALUE: 116,250 USD
DECISION: continue",Offer,Salary,"116,250 USD",continue,False
101,7,Employer,"MESSAGE: We appreciate your willingness to compromise, but after careful consideration, we're still hesitant about the market rate. Would you be open to considering a performance-based raise or additional benefits to offset the difference?
ACT: Offer
ISSUE: Compensation and Benefits
VALUE: NONE
DECISION: continue",Offer,Compensation and Benefits,,continue,False
101,8,Candidate,"MESSAGE: I understand your concerns about the market rate, but I'm looking for a more comprehensive compensation package. A performance-based raise could be an attractive option if it's tied to specific goals and milestones. Can you tell me more about what that would look like?
ACT: Query
ISSUE: Compensation and Benefits
VALUE: NONE
DECISION: continue",Query,Compensation and Benefits,,continue,False
101,9,Employer,"MESSAGE: We can definitely provide a clear performance-based raise structure, tied to specific key performance indicators (KPIs). If you meet or exceed these targets, the additional compensation would be guaranteed. Would that be something you'd consider?
ACT: Offer
ISSUE: Compensation and Benefits
VALUE: NONE
DECISION: continue",Offer,Compensation and Benefits,,continue,False
101,10,Candidate,"MESSAGE: I'm pleased to hear that you're willing to provide a performance-based raise structure. However, I'd like to know more about the specifics of the KPIs and how they will be evaluated. Can you share some examples of what these targets might look like?
ACT: Query
ISSUE: Compensation and Benefits
VALUE: NONE
DECISION: continue",Query,Compensation and Benefits,,continue,False
101,11,Employer,"MESSAGE: We're happy to provide more details on the KPIs. For example, we would track your performance based on project completion rates, client satisfaction ratings, and team collaboration metrics. If you meet or exceed these targets, the additional compensation would be guaranteed.
ACT: Offer
ISSUE: Compensation and Benefits
VALUE: NONE
DECISION: continue",Offer,Compensation and Benefits,,continue,False
101,12,Candidate,"MESSAGE: I appreciate your willingness to provide more details on the KPIs. Considering the performance-based raise structure you've outlined, I'm willing to revisit my previous offer and suggest a compromise of 117,000, with the understanding that I'll be eligible for additional compensation if I meet or exceed the targets.
ACT: Offer
ISSUE: Salary
VALUE: 117,000 USD
DECISION: continue",Offer,Salary,"117,000 USD",continue,False
101,13,Employer,"MESSAGE: We've reviewed your revised offer and appreciate the compromise. While we're still a bit short of our target, we're willing to meet you halfway. Would you consider a salary of 114,500, with the same performance-based raise structure in place?
ACT: Offer
ISSUE: Salary
VALUE: 114,500 USD
DECISION: continue",Offer,Salary,"114,500 USD",continue,False
101,14,Candidate,"MESSAGE: I appreciate your willingness to meet me halfway, but I'm still a bit short of where I was hoping to be. Would it be possible to consider a salary of 116,000, with the performance-based raise structure in place?
ACT: Offer
ISSUE: Salary
VALUE: 116,000 USD
DECISION: continue",Offer,Salary,"116,000 USD",continue,False
101,15,Employer,"MESSAGE: We've considered your revised offer, and while we're close, we still have some flexibility. Would you be open to a salary of 115,500, with the same performance-based raise structure in place?
ACT: Offer
ISSUE: Salary
VALUE: 115,500 USD
DECISION: continue",Offer,Salary,"115,500 USD",continue,False
101,16,Candidate,"MESSAGE: I appreciate your willingness to find common ground. After considering your latest offer, I'm willing to meet you at 115,000, with the performance-based raise structure in place.
ACT: Offer
ISSUE: Salary
VALUE: 115,000 USD
DECISION: continue",Offer,Salary,"115,000 USD",continue,False
101,17,Employer,"MESSAGE: We're glad we've been able to narrow down the gap. Considering your latest offer of 115,000, I think we can make it work. Let's finalize the details and move forward with the performance-based raise structure in place.
ACT: Accept
ISSUE: Salary
VALUE: 115,000 USD
DECISION: accept",Accept,Salary,"115,000 USD",accept,False
29,0,Candidate,I am expecting a position of project manager,Offer,Job Description,Project Manager,seed,True
29,1,Employer,"MESSAGE: We can consider that, but we are looking for someone who is more focused on team management. Our current project requires strong coordination and collaboration skills.
ACT: Reject
ISSUE: Job Description
VALUE: Team Manager
DECISION: continue",Reject,Job Description,Team Manager,continue,False
29,2,Candidate,"MESSAGE: I understand your concerns about the team management aspect, but I believe my experience in managing projects also translates to effective team coordination. Can we discuss how my project management skills can be applied to this role?
ACT: Query
ISSUE: Job Description
VALUE: Project Management
DECISION: continue",Query,Job Description,Project Management,continue,False
29,3,Employer,"MESSAGE: We appreciate your willingness to adapt, but we need someone who has hands-on experience in team management. Can you give us specific examples of how you've managed teams in the past and what kind of results you achieved?
ACT: Query
ISSUE: Job Description
VALUE: Team Management
DECISION: continue",Query,Job Description,Team Management,continue,False
29,4,Candidate,"MESSAGE: I'd like to propose a compromise on this issue. How about we add a project management component to the job description, with a focus on coordinating and collaborating with team members? This way, you'll get the benefits of strong coordination skills while still allowing me to utilize my project management experience.
ACT: Offer
ISSUE: Job Description
VALUE: Project Management Component
DECISION: continue",Offer,Job Description,Project Management Component,continue,False
29,5,Employer,"MESSAGE: We're willing to consider adding a project management component to the job description, but we need to ensure it doesn't overshadow the team management aspect. Can you provide more details on how this would work in practice?
ACT: Query
ISSUE: Job Description
VALUE: Project Management Component Details
DECISION: continue",Query,Job Description,Project Management Component Details,continue,False
29,6,Candidate,"MESSAGE: I envision the project management component focusing on setting goals, prioritizing tasks, and ensuring efficient resource allocation. This will allow me to utilize my experience in managing projects while also supporting the team's coordination efforts.
ACT: Offer
ISSUE: Job Description
VALUE: Project Management Component Details
DECISION: continue",Offer,Job Description,Project Management Component Details,continue,False
29,7,Employer,"MESSAGE: We're considering your proposal, but we'd like to see a concrete example of how this project management component would be implemented in the role. Can you provide a specific scenario or case study where you've successfully combined team management and project management skills?
ACT: Query
ISSUE: Job Description
VALUE: Project Management Component Implementation
DECISION: continue",Query,Job Description,Project Management Component Implementation,continue,False
29,8,Candidate,"MESSAGE: I understand your need for concrete examples, so I'll share a recent experience where I managed a cross-functional team to deliver a high-priority project. We had to navigate multiple stakeholders and tight deadlines, but by setting clear goals, prioritizing tasks, and ensuring efficient resource allocation, we were able to deliver the project on time and within budget.
ACT: Offer
ISSUE: Job Description
VALUE: Project Management Component Implementation Case Study
DECISION: continue",Offer,Job Description,Project Management Component Implementation Case Study,continue,False
29,9,Employer,"MESSAGE: That's a great example! We appreciate your willingness to provide concrete evidence of your skills. However, we still need assurance that you can effectively manage teams in addition to project management.
ACT: Query
ISSUE: Job Description
VALUE: Team Management Evidence
DECISION: continue",Query,Job Description,Team Management Evidence,continue,False
29,10,Candidate,"MESSAGE: I understand your concern about team management, and I'm happy to provide more evidence. In my previous role, I successfully managed a team of 5 people, where I was responsible for setting goals, providing feedback, and ensuring individual and team performance. One specific example is when we had a team member struggling with their workload, so I worked closely with them to prioritize tasks, delegate responsibilities, and provide coaching to help them overcome the challenges.
ACT: Offer
ISSUE: Job Description
VALUE: Team Management Evidence
DECISION: continue",Offer,Job Description,Team Management Evidence,continue,False
29,11,Employer,"MESSAGE: Given your experience in both project management and team management, we're willing to offer a compromise on the job description. We propose adding a hybrid role that combines elements of team management and project management, with a focus on coordination and collaboration. This would align more closely with our company's values and needs.
ACT: Offer
ISSUE: Job Description
VALUE: Hybrid Role
DECISION: continue",Offer,Job Description,Hybrid Role,continue,False
29,12,Candidate,"MESSAGE: I appreciate the compromise proposal. However, to ensure this hybrid role is effective, I'd like to suggest incorporating a dedicated project management framework that outlines clear goals, prioritized tasks, and resource allocation. This would help maintain focus on coordination and collaboration while still providing structure for the project aspects.
ACT: Offer
ISSUE: Job Description
VALUE: Dedicated Project Management Framework
DECISION: continue",Offer,Job Description,Dedicated Project Management Framework,continue,False
29,13,Employer,"MESSAGE: We're intrigued by your suggestion to incorporate a dedicated project management framework. It sounds like it would provide a clear direction and structure for the hybrid role. Can you elaborate on what type of framework you have in mind, and how you would ensure its adoption and effectiveness?
ACT: Query
ISSUE: Job Description
VALUE: Dedicated Project Management Framework Details
DECISION: continue",Query,Job Description,Dedicated Project Management Framework Details,continue,False
29,14,Candidate,"MESSAGE: To incorporate a dedicated project management framework, I propose implementing Agile principles with clear goals, prioritized tasks, and iterative delivery. This approach would allow for flexibility while maintaining focus on the project's objectives. I'm familiar with Scrum and Kanban frameworks, so we could adapt one of those to suit our needs.
ACT: Offer
ISSUE: Job Description
VALUE: Agile Project Management Framework
DECISION: continue",Offer,Job Description,Agile Project Management Framework,continue,False
29,15,Employer,"MESSAGE: We appreciate your willingness to incorporate a dedicated project management framework into the hybrid role. Implementing Agile principles with clear goals, prioritized tasks, and iterative delivery sounds like a great approach. However, we're concerned about the additional workload this might bring to the team. Can you provide more details on how you would ensure the framework's adoption and effectiveness without overburdening the team?
ACT: Query
ISSUE: Job Description
VALUE: Agile Project Management Framework Details
DECISION: continue",Query,Job Description,Agile Project Management Framework Details,continue,False
29,16,Candidate,"MESSAGE: I understand your concerns about the additional workload. To mitigate this, I suggest implementing a phased rollout of the framework, starting with a small pilot project to test and refine the approach. This would allow us to identify potential issues early on and make adjustments before scaling up to the entire team.
ACT: Offer
ISSUE: Job Description
VALUE: Phased Rollout
DECISION: continue",Offer,Job Description,Phased Rollout,continue,False
29,17,Employer,"MESSAGE: We like your idea of a phased rollout to ensure a smooth transition. However, we'd like to propose an additional condition - that the pilot project be aligned with our current priorities and goals, ensuring that the benefits of the framework are directly applicable to our business objectives.
ACT: Offer
ISSUE: Job Description
VALUE: Prioritized Pilot Project
DECISION: continue",Offer,Job Description,Prioritized Pilot Project,continue,False
29,18,Candidate,"MESSAGE: I appreciate your willingness to consider a phased rollout and aligning the pilot project with current priorities. To further ensure success, I suggest involving key team members in the pilot project's planning and execution. This would not only provide valuable feedback but also build their expertise and enthusiasm for adopting the new framework.
ACT: Offer
ISSUE: Job Description
VALUE: Team Involvement
DECISION: continue",Offer,Job Description,Team Involvement,continue,False
29,19,Employer,"MESSAGE: We like your idea of involving key team members in the pilot project's planning and execution. It makes sense to build their expertise and enthusiasm for adopting the new framework. However, we're still concerned about the potential impact on our current workload. Can you provide a rough estimate of the additional time and resources required to implement this framework?
ACT: Query
ISSUE: Job Description
VALUE: Additional Time and Resources Needed
DECISION: continue",Query,Job Description,Additional Time and Resources Needed,continue,False
29,20,Candidate,"MESSAGE: I can assure you that, with proper planning and execution, the additional time and resources required for implementing the Agile project management framework will be minimal. I estimate an initial investment of 2-3 days per team member to learn the basics of Scrum or Kanban, depending on their familiarity with Agile principles. Once the pilot project is underway, the additional workload should be manageable, as we'll be focusing on a specific goal and iterating towards it.
ACT: Offer
ISSUE: Job Description
VALUE: Minimal Additional Time and Resources Needed
DECISION: continue",Offer,Job Description,Minimal Additional Time and Resources Needed,continue,False
30,0,Candidate,I want a position of project manager,Offer,Job Description,Project Manager,seed,True
30,1,Employer,"MESSAGE: Our current opening for a team lead role is actually very similar to what you're describing. It's a great opportunity for professional growth and development.
ACT: Offer
ISSUE: Job Description
VALUE: Team Lead
DECISION: continue",Offer,Job Description,Team Lead,continue,False
30,2,Candidate,"MESSAGE: While I appreciate the similarity, I'm still concerned that team lead doesn't quite match my long-term goals. Can we discuss some specific responsibilities and expectations for this role?
ACT: Query
ISSUE: Job Description
VALUE: NONE
DECISION: continue",Query,Job Description,,continue,False
30,3,Employer,"MESSAGE: Absolutely, let's dive into the specifics of the Team Lead role. In terms of responsibilities, you would be overseeing a team of 3-4 developers and ensuring project timelines are met. You would also have input on prioritizing features and working closely with our product manager to align our technical roadmap.
ACT: Offer
ISSUE: Job Description
VALUE: Team Lead
DECISION: continue",Offer,Job Description,Team Lead,continue,False
30,4,Candidate,"MESSAGE: I understand the responsibilities better now, but I'm still not convinced that this role is a good fit for me in the long run. Can we discuss the salary range and benefits package for this position?
ACT: Query
ISSUE: Compensation
VALUE: NONE
DECISION: continue",Query,Compensation,,continue,False
30,5,Employer,"MESSAGE: Given your experience, we're offering a competitive salary of $85,000 to $95,000 per year, depending on qualifications. Additionally, you would be eligible for our standard benefits package, including health, dental, and vision insurance, 401(k) matching, and generous paid time off.
ACT: Offer
ISSUE: Compensation
VALUE: $85,000 - $95,000
DECISION: continue",Offer,Compensation,"$85,000 - $95,000",continue,False
30,6,Candidate,"MESSAGE: While the compensation package is attractive, I'm still concerned about the long-term goals alignment. Can we discuss some flexibility in the role or potential opportunities for growth within the company?
ACT: Query
ISSUE: Career Development
VALUE: NONE
DECISION: continue",Query,Career Development,,continue,False
30,7,Employer,"MESSAGE: We value our team leads and have a track record of promoting them to senior leadership roles. If you were to excel in this position, there's a strong possibility for future growth opportunities.
ACT: Offer
ISSUE: Career Development
VALUE: Senior Leadership Roles
DECISION: continue",Offer,Career Development,Senior Leadership Roles,continue,False
30,8,Candidate,"MESSAGE: I appreciate the potential for growth, but I'd like to know more about the current challenges facing the team and how this role would address those issues.
ACT: Query
ISSUE: Job Challenges
VALUE: NONE
DECISION: continue",Query,Job Challenges,,continue,False
30,9,Employer,"MESSAGE: One of our biggest challenges is integrating with a recently acquired company, and we're looking for someone who can help streamline their processes and improve communication. As Team Lead, you would play a key role in this integration effort.
ACT: Offer
ISSUE: Job Challenges
VALUE: Integration Effort
DECISION: continue",Offer,Job Challenges,Integration Effort,continue,False
30,10,Candidate,"MESSAGE: Given the integration challenge, I think my skills could be a good fit for this role. However, I'm still not convinced about the long-term goals alignment. Can we discuss some specific metrics or targets for the next 6-12 months that would demonstrate success in this position?
ACT: Query
ISSUE: Performance Metrics
VALUE: NONE
DECISION: continue",Query,Performance Metrics,,continue,False
30,11,Employer,"MESSAGE: We're willing to provide a clear set of performance metrics, including key performance indicators (KPIs) and specific targets for the next 6-12 months. These will be tied to your role as Team Lead and will focus on the integration effort with the recently acquired company.
ACT: Offer
ISSUE: Performance Metrics
VALUE: KPIs and Specific Targets
DECISION: continue",Offer,Performance Metrics,KPIs and Specific Targets,continue,False
30,12,Candidate,"MESSAGE: Can you provide more details about what these performance metrics would look like in terms of specific numbers or goals? I'd like to get a better sense of how my success will be measured.
ACT: Query
ISSUE: Performance Metrics
VALUE: Specific Numbers/Goals
DECISION: continue",Query,Performance Metrics,Specific Numbers/Goals,continue,False
30,13,Employer,"MESSAGE: Our KPIs would include metrics such as successful integration milestones, improved communication ratings from the recently acquired company's employees, and a reduction in project timelines. We'd also track your team's overall performance and customer satisfaction scores.
ACT: Offer
ISSUE: Performance Metrics
VALUE: Successful Integration Milestones, Improved Communication Ratings, Reduced Project Timelines, Team Performance, Customer Satisfaction Scores
DECISION: continue",Offer,Performance Metrics,"Successful Integration Milestones, Improved Communication Ratings, Reduced Project Timelines, Team Performance, Customer Satisfaction Scores",continue,False
30,14,Candidate,"MESSAGE: I appreciate the clarity on the performance metrics. Considering my skills and experience, I believe I can make a significant impact in improving communication and streamlining processes. However, to ensure a fair evaluation of my success, I would like to discuss the base salary for this role.
ACT: Query
ISSUE: Salary
VALUE: NONE
DECISION: continue",Query,Salary,,continue,False
30,15,Employer,"MESSAGE: We're looking at a competitive market rate for this position, considering your skills and experience. Based on our internal data, we're proposing a base salary of $125,000 per year.
ACT: Offer
ISSUE: Salary
VALUE: $125,000
DECISION: continue",Offer,Salary,"$125,000",continue,False
30,16,Candidate,"MESSAGE: Considering the responsibilities and expectations for this role, I was thinking more along the lines of $130,000 to $135,000. My current salary is slightly higher than that, but I believe my skills and experience warrant a slight adjustment to the market rate.
ACT: Offer
ISSUE: Salary
VALUE: $130,000 - $135,000
DECISION: continue",Offer,Salary,"$130,000 - $135,000",continue,False
30,17,Employer,"MESSAGE: We understand your concerns about compensation. However, our budget for this role is currently capped at $125,000. We're willing to consider a one-time signing bonus of $10,000 and an additional 2% annual performance-based bonus.
ACT: Offer
ISSUE: Salary
VALUE: $125,000 + $10,000 Signing Bonus + 2% Annual Performance-Based Bonus
DECISION: continue",Offer,Salary,"$125,000 + $10,000 Signing Bonus + 2% Annual Performance-Based Bonus",continue,False
30,18,Candidate,"MESSAGE: I appreciate the offer of a signing bonus and additional annual bonus. However, considering my unique skills and experience, I believe the total compensation package should be closer to what I'm requesting. Would it be possible to revisit the base salary or consider other benefits that would bring the overall value more in line with what I'm looking for?
ACT: Query
ISSUE: Salary
VALUE: NONE
DECISION: continue",Query,Salary,,continue,False
30,19,Employer,"MESSAGE: We're willing to revisit the base salary, but we need to find a sweet spot that works for both of us. Considering your skills and experience, would you be open to discussing a $128,000 base salary, which is still above market rate?
ACT: Offer
ISSUE: Salary
VALUE: $128,000
DECISION: continue",Offer,Salary,"$128,000",continue,False
30,20,Candidate,"MESSAGE: I appreciate the willingness to revisit the base salary. While $128,000 is an improvement, I'm still slightly below my target range. Would it be possible to consider a salary of $132,000 or potentially discuss other benefits that would bring the overall value closer to what I'm looking for?
ACT: Offer
ISSUE: Salary
VALUE: $132,000
DECISION: continue",Offer,Salary,"$132,000",continue,False
62,0,Candidate,I am expecting a position of project manager,Offer,Job Description,Project Manager,seed,True
62,1,Employer,"MESSAGE: We can consider that, but we're looking for someone who is more flexible and willing to take on different projects. A project coordinator role might be a better fit.
ACT: Other
ISSUE: Job Description
VALUE: Project Coordinator
DECISION: continue",Other,Job Description,Project Coordinator,continue,False
62,2,Candidate,"MESSAGE: I understand your concerns, but I believe my skills in managing projects would still be valuable to your team. Can we discuss what specific projects you have in mind for a project coordinator role?
ACT: Query
ISSUE: Job Description
VALUE: Project Coordinator
DECISION: continue",Query,Job Description,Project Coordinator,continue,False
62,3,Employer,"MESSAGE: We do have a few projects lined up that would be suitable for a project coordinator. One of them is a marketing campaign, another is an IT infrastructure upgrade, and the third is a new product launch.
ACT: Offer
ISSUE: Job Description
VALUE: Project Coordinator
DECISION: continue",Offer,Job Description,Project Coordinator,continue,False
62,4,Candidate,"MESSAGE: I'm glad to hear that you have some specific projects in mind. Can we discuss the scope of work for each project and how they align with my skills?
ACT: Query
ISSUE: Job Description
VALUE: NONE
DECISION: continue",Query,Job Description,,continue,False
62,5,Employer,"MESSAGE: We're looking at a marketing campaign that requires someone to manage timelines, coordinate with the creative team, and ensure everything is delivered on time. The IT infrastructure upgrade needs someone who can work closely with our technical team to identify and implement solutions. And for the new product launch, we need someone who can help develop a go-to-market strategy and coordinate with sales and marketing teams.
ACT: Offer
ISSUE: Job Description
VALUE: NONE
DECISION: continue",Offer,Job Description,,continue,False
62,6,Candidate,"MESSAGE: I understand the scope of work for each project. However, I'm still concerned that my skills in managing projects would be underutilized in a project coordinator role. Can we discuss the possibility of me taking on some aspects of project management, such as leading specific projects or overseeing multiple coordinators?
ACT: Query
ISSUE: Job Description
VALUE: NONE
DECISION: continue",Query,Job Description,,continue,False
62,7,Employer,"MESSAGE: While I understand your concerns, I think it's important to emphasize that our current need is for a project coordinator who can focus on specific projects and provide support. However, if you're willing to take on some aspects of project management in addition to your coordination duties, we could consider offering you more autonomy.
ACT: Offer
ISSUE: Job Description
VALUE: Project Management
DECISION: continue",Offer,Job Description,Project Management,continue,False
62,8,Candidate,"MESSAGE: I appreciate your willingness to consider my desire for more autonomy. However, I'm still concerned that adding project management responsibilities on top of coordination duties might dilute my ability to excel in either role. Can we discuss a compromise where I take on one additional project management responsibility, and the company provides additional support or resources to help me succeed?
ACT: Query
ISSUE: Job Description
VALUE: Project Management
DECISION: continue",Query,Job Description,Project Management,continue,False
62,9,Employer,"MESSAGE: We're willing to consider giving you more autonomy by taking on a smaller project management responsibility. However, we would need to ensure that it doesn't compromise your ability to fulfill the coordination duties.
ACT: Offer
ISSUE: Job Description
VALUE: Project Management Support
DECISION: continue",Offer,Job Description,Project Management Support,continue,False
62,10,Candidate,"MESSAGE: I think this is a great compromise. How about taking on a project management responsibility for one of our smaller projects, and in return, we provide additional resources or support to help you succeed?
ACT: Offer
ISSUE: Job Description
VALUE: Project Management Support
DECISION: continue",Offer,Job Description,Project Management Support,continue,False
62,11,Employer,"MESSAGE: We're open to considering your proposal. For the smaller project management responsibility, we were thinking of assigning you to lead a pilot project that can help us test new marketing strategies.
ACT: Offer
ISSUE: Job Description
VALUE: Pilot Project Leadership
DECISION: continue",Offer,Job Description,Pilot Project Leadership,continue,False
62,12,Candidate,"MESSAGE: I like the idea of leading a pilot project. It sounds like an exciting opportunity to apply my skills in a new way. However, I do have some concerns about the scope and resources needed for this project. Can we discuss what kind of support and guidance will be available to me as I take on this responsibility?
ACT: Query
ISSUE: Job Description
VALUE: Pilot Project Leadership Support
DECISION: continue",Query,Job Description,Pilot Project Leadership Support,continue,False
62,13,Employer,"MESSAGE: We're happy to provide additional training and resources to help you succeed in the pilot project leadership role. Our marketing team will also be available to guide you through the process and offer input as needed.
ACT: Offer
ISSUE: Job Description
VALUE: Pilot Project Leadership Support
DECISION: continue",Offer,Job Description,Pilot Project Leadership Support,continue,False
62,14,Candidate,"MESSAGE: I'm glad to hear that we can provide additional support for my success in the pilot project leadership role. Can you clarify what specific training and resources will be provided, and who exactly from the marketing team will be involved?
ACT: Query
ISSUE: Job Description
VALUE: Pilot Project Leadership Support
DECISION: continue",Query,Job Description,Pilot Project Leadership Support,continue,False
62,15,Employer,"MESSAGE: We'll provide a comprehensive training program on our new marketing strategies, which will include sessions with our senior marketing managers and access to relevant documentation. As for the marketing team involvement, you can expect regular check-ins with our project manager, who will be responsible for guiding you through the pilot project.
ACT: Offer
ISSUE: Job Description
VALUE: Pilot Project Leadership Support Training
DECISION: continue",Offer,Job Description,Pilot Project Leadership Support Training,continue,False
62,16,Candidate,"MESSAGE: I appreciate the clarity on the training and resources. However, I'm still concerned about the scope of the pilot project. Can we discuss the specific goals and deliverables for the project to ensure it's a good fit for my skills and experience?
ACT: Query
ISSUE: Job Description
VALUE: Pilot Project Goals and Deliverables
DECISION: continue",Query,Job Description,Pilot Project Goals and Deliverables,continue,False
62,17,Employer,"MESSAGE: We understand your concerns about the pilot project scope, and we're willing to work with you to define specific goals and deliverables. Based on our initial discussions, we envision a project that focuses on testing new social media campaigns and measuring their impact on engagement rates. What specific metrics or outcomes do you think would be most important to track for this project?
ACT: Offer
ISSUE: Job Description
VALUE: Pilot Project Goals and Deliverables
DECISION: continue",Offer,Job Description,Pilot Project Goals and Deliverables,continue,False
62,18,Candidate,"MESSAGE: I agree that measuring the impact of new social media campaigns on engagement rates is a great starting point. However, I would like to suggest adding some additional metrics to track, such as conversion rates or lead generation, to get a more comprehensive view of the project's success.
ACT: Offer
ISSUE: Job Description
VALUE: Pilot Project Goals and Deliverables Metrics
DECISION: continue",Offer,Job Description,Pilot Project Goals and Deliverables Metrics,continue,False
62,19,Employer,"MESSAGE: We're open to considering additional metrics to track the pilot project's success. Conversion rates and lead generation are valuable insights, but we'd also like to keep a pulse on customer satisfaction ratings. How do you think these metrics would interact and inform each other?
ACT: Query
ISSUE: Job Description
VALUE: Pilot Project Goals and Deliverables Metrics
DECISION: continue",Query,Job Description,Pilot Project Goals and Deliverables Metrics,continue,False
62,20,Candidate,"MESSAGE: I think it's great that we're considering multiple metrics to track the pilot project's success. In my experience, understanding customer satisfaction ratings can be crucial in informing our social media campaigns. It would also help us identify areas where we need to improve and adjust our strategies accordingly. Would it be possible for me to work closely with the project manager to ensure that these metrics are being tracked and analyzed throughout the pilot project?
ACT: Query
ISSUE: Job Description
VALUE: Pilot Project Goals and Deliverables Metrics Analysis
DECISION: continue",Query,Job Description,Pilot Project Goals and Deliverables Metrics Analysis,continue,False
74,0,Candidate,I am expecting a position of project manager,Offer,Job Description,Project Manager,seed,True
74,1,Employer,"MESSAGE: We can definitely consider you for that role, but we need to discuss some details about the project's scope and timeline. Are you flexible in terms of start date?
ACT: Query
ISSUE: Job Description
VALUE: NONE
DECISION: continue",Query,Job Description,,continue,False
74,2,Candidate,"MESSAGE: I'm open to discussing options for the start date, but I do need some clarity on what kind of project it is and what responsibilities would come with being a project manager. Can you give me more insight into the role?
ACT: Query
ISSUE: Job Description
VALUE: NONE
DECISION: continue",Query,Job Description,,continue,False
74,3,Employer,"MESSAGE: Our project focuses on developing a new software module for our flagship product. As a project manager, you would be responsible for overseeing the entire development process, from planning to execution. You would work closely with our cross-functional team, including developers, designers, and QA engineers.
ACT: Offer
ISSUE: Job Description
VALUE: NONE
DECISION: continue",Offer,Job Description,,continue,False
74,4,Candidate,"MESSAGE: That sounds like a challenging but exciting project. I'd like to discuss the compensation package for this role. As a project manager with my experience, I'm expecting a salary in the range of $90,000 to $100,000 per year.
ACT: Offer
ISSUE: Compensation
VALUE: $90,000 - $100,000
DECISION: continue",Offer,Compensation,"$90,000 - $100,000",continue,False
74,5,Employer,"MESSAGE: While we appreciate your enthusiasm for the project, our current budget for this role is capped at $80,000. However, we're willing to consider a performance-based bonus structure that could potentially add up to an additional $10,000 per year.
ACT: Offer
ISSUE: Compensation
VALUE: $80,000 + bonus (up to $10,000)
DECISION: continue",Offer,Compensation,"$80,000 + bonus (up to $10,000)",continue,False
74,6,Candidate,"MESSAGE: I appreciate your willingness to consider a performance-based bonus structure. However, considering the scope and complexity of this project, I'm concerned that a base salary of $80,000 might be too low. Could we discuss possible adjustments to the compensation package?
ACT: Query
ISSUE: Compensation
VALUE: NONE
DECISION: continue",Query,Compensation,,continue,False
74,7,Employer,"MESSAGE: We understand your concerns about the compensation package, and we're willing to revisit our initial offer. However, we need to ensure that any adjustments fit within our overall budget constraints. Would you be open to a base salary of $85,000, with the performance-based bonus structure still in place?
ACT: Offer
ISSUE: Compensation
VALUE: $85,000 + bonus (up to $10,000)
DECISION: continue",Offer,Compensation,"$85,000 + bonus (up to $10,000)",continue,False
74,8,Candidate,"MESSAGE: I appreciate your willingness to revisit the compensation package. A base salary of $85,000 is a significant improvement, but I'm still concerned that it might be too low considering the project's scope and complexity. Would you consider adding an additional $2,000 to the base salary to bring it closer to my original target range?
ACT: Query
ISSUE: Compensation
VALUE: NONE
DECISION: continue",Query,Compensation,,continue,False
74,9,Employer,"MESSAGE: We understand your concerns about the compensation package, and we're willing to revisit our initial offer. However, we need to ensure that any adjustments fit within our overall budget constraints. Considering your skills and experience, we're willing to consider adding an additional $1,500 to the base salary, which would bring it up to $86,500.
ACT: Offer
ISSUE: Compensation
VALUE: $86,500 + bonus (up to $10,000)
DECISION: continue",Offer,Compensation,"$86,500 + bonus (up to $10,000)",continue,False
74,10,Candidate,"MESSAGE: I appreciate your willingness to consider adding an additional $1,500 to the base salary. While it's still not at my original target range, it's a reasonable compromise considering our discussions. I'm willing to accept this offer and move forward with the project if we can agree on the details of the performance-based bonus structure.
ACT: Accept
ISSUE: Compensation
VALUE: $86,500 + bonus (up to $10,000)
DECISION: accept",Accept,Compensation,"$86,500 + bonus (up to $10,000)",accept,False
69,0,Candidate,I want a position of project manager,Offer,Job Description,Project Manager,seed,True
69,1,Employer,"MESSAGE: Our current opening is for a Senior Analyst, which would be a great opportunity to develop your skills and experience. ACT: Reject ISSUE: Job Description VALUE: Senior Analyst DECISION: continue",,,,,False
69,2,Candidate,"MESSAGE: I understand the value in taking on the Senior Analyst role, but my skills and expertise are more suited for project management responsibilities.
ACT: Offer
ISSUE: Job Title
VALUE: Project Manager
DECISION: continue",Offer,Job Title,Project Manager,continue,False
69,3,Employer,"MESSAGE: While we appreciate your enthusiasm for a project manager position, our current needs prioritize analytical skills. ACT: Reject ISSUE: Job Responsibilities VALUE: Senior Analyst DECISION: continue",,,,,False
69,4,Candidate,"MESSAGE: I understand the importance of analytical skills, but I believe my strong organizational and leadership abilities would complement our team's goals nicely.
ACT: Offer
ISSUE: Job Responsibilities
VALUE: Project Manager with some Analytical Duties
DECISION: continue",Offer,Job Responsibilities,Project Manager with some Analytical Duties,continue,False
69,5,Employer,"MESSAGE: We're open to considering a project manager role, but it would require additional responsibilities and a slightly higher salary. ACT: Offer ISSUE: Compensation VALUE: $5,000 above the Senior Analyst salary DECISION: continue",,,,,False
69,6,Candidate,"MESSAGE: I'm willing to take on additional responsibilities, but I'd like to discuss the specific duties involved in the project manager role.
ACT: Query
ISSUE: Job Responsibilities
DECISION: continue",Query,Job Responsibilities,,continue,False
69,7,Employer,MESSAGE: We're looking for a project manager who can lead multiple projects simultaneously and provide guidance to team members. ACT: Offer ISSUE: Job Responsibilities VALUE: Project Manager with Heavy Leadership Duties DECISION: continue,,,,,False
69,8,Candidate,"MESSAGE: I'm comfortable taking on the leadership responsibilities, but I'd like to clarify how my project management skills will be utilized in this role.
ACT: Query
ISSUE: Job Responsibilities
DECISION: continue",Query,Job Responsibilities,,continue,False
69,9,Employer,MESSAGE: We envision our new project manager overseeing multiple projects while working closely with team leads. ACT: Offer ISSUE: Job Responsibilities VALUE: Project Manager with Heavy Leadership Duties DECISION: continue,,,,,False
69,10,Candidate,"MESSAGE: I understand the importance of collaborating with team leads, but I'd like to explore how my project management skills will be utilized in terms of prioritizing and allocating resources across multiple projects.
ACT: Query
ISSUE: Job Responsibilities
DECISION: continue",Query,Job Responsibilities,,continue,False
69,11,Employer,"MESSAGE: We value your project management skills, and we believe they would be a great asset in prioritizing and allocating resources across multiple projects. ACT: Offer ISSUE: Job Responsibilities VALUE: Project Manager with Heavy Resource Allocation DECISION: continue",,,,,False
69,12,Candidate,"MESSAGE: I'm glad to hear that my project management skills will be utilized in prioritizing and allocating resources across multiple projects. However, I'd like to discuss the compensation package for this role.
ACT: Query
ISSUE: Compensation
DECISION: continue",Query,Compensation,,continue,False
69,13,Employer,"MESSAGE: We're willing to offer a competitive salary of $85,000 per year, with opportunities for bonuses and professional development.
ACT: Offer
ISSUE: Compensation
VALUE: $85,000
DECISION: continue",Offer,Compensation,"$85,000",continue,False
69,14,Candidate,"MESSAGE: I appreciate the offer, but based on my research, similar roles in the industry typically come with a salary range of $90,000 to $105,000. I'm concerned that the offered salary may be below market rate.
ACT: Query
ISSUE: Compensation
DECISION: continue",Query,Compensation,,continue,False
69,15,Employer,"MESSAGE: We understand your concerns and are willing to revisit the compensation package. ACT: Offer ISSUE: Compensation VALUE: $92,000 DECISION: continue",,,,,False
69,16,Candidate,"MESSAGE: While I appreciate your willingness to revisit the compensation package, I'm still concerned that $92,000 may not be competitive enough for someone with my experience and skills in project management. Can we discuss additional benefits or perks that could make up for any shortfall in salary?
ACT: Query
ISSUE: Compensation
DECISION: continue",Query,Compensation,,continue,False
69,17,Employer,"MESSAGE: We're willing to throw in an additional week of paid vacation time, which would bring the total paid time off to five weeks per year. ACT: Offer ISSUE: Benefits VALUE: Additional week of paid vacation DECISION: continue",,,,,False
69,18,Candidate,"MESSAGE: While the extra week of paid vacation is a nice perk, I'm still concerned about the overall compensation package. Can we revisit the bonus structure and see if there's any way to make it more attractive?
ACT: Query
ISSUE: Compensation
DECISION: continue",Query,Compensation,,continue,False
69,19,Employer,"MESSAGE: We're willing to consider revising our bonus structure, but we'd like to propose a performance-based system tied to specific project goals and metrics. This would incentivize you to drive results and align your work with the company's objectives.
ACT: Offer
ISSUE: Compensation
VALUE: Performance-based bonus structure
DECISION: continue",Offer,Compensation,Performance-based bonus structure,continue,False
69,20,Candidate,"MESSAGE: I appreciate the proposal for a performance-based bonus structure, but I'm concerned that it may be too vague and difficult to quantify. Can we discuss some specific metrics or targets that would trigger the bonuses?
ACT: Query
ISSUE: Compensation
DECISION: continue",Query,Compensation,,continue,False
